ticker,date,close,return_1d,return_5d,return_20d,volume_change,rsi_14,macd,macd_signal,macd_hist,bb_upper,bb_lower,bb_width,bb_position,label
COIN,2024-05-23,218.86000061035156,-0.054641243128321415,0.09886028328776852,-0.021242341518870833,0.05536339926346301,50.63638448246158,-0.15622876128659868,-2.108216595280743,1.9519878339941443,238.4882157750086,193.0137831263586,0.2107727554654715,0.5683681132140582,1
COIN,2024-05-24,237.64999389648438,0.08585393965883092,0.1447494552480164,0.005627905090748175,0.08706765800833671,58.80633403199292,1.4691235396142872,-1.3927485683017369,2.861872107916024,238.81430958323463,192.8206879753591,0.21311349574535818,0.9746852792616163,0
COIN,2024-05-28,245.0,0.03092786152865279,0.08797014673752335,0.12302895071206987,0.05794598602817791,61.49117426710162,3.3121308316020475,-0.45177268832097994,3.7639035199230273,243.60572999490105,190.71326719748177,0.243565043847209,1.0263604667160058,0
COIN,2024-05-29,236.64999389648438,-0.03408165756536985,0.04814418981290314,0.1604472240271353,-0.37268862225747246,56.9500257477612,4.052239979954749,0.4490298453341658,3.603210134620583,245.8373556603027,191.75364165415044,0.24718842178230496,0.8301270182226533,1
COIN,2024-05-30,234.75999450683594,-0.007986475547830163,0.014038270818169885,0.11742585843672537,0.3700088209350192,55.94295979465958,4.435149019746831,1.2462536802166988,3.188895339530132,247.6434248486221,192.41457228272554,0.25100715326580897,0.7667264528732652,1
COIN,2024-05-31,225.9199981689453,-0.03765546321663937,0.03225805327106368,-0.012803180495634225,0.08630939605957844,51.3675698487605,3.9794210778747185,1.792887159748303,2.1865339181264156,247.33047006206505,192.4345262758256,0.24966036061706243,0.6099808033815677,1
COIN,2024-06-03,231.38999938964844,0.02421211608107665,-0.02634123571474889,0.036461363447473305,-0.275607274451502,53.88108647655081,4.013373117343008,2.2369843512672443,1.7763887660757636,248.18546106546012,192.39353521139537,0.25326638957162473,0.6989625036471466,1
COIN,2024-06-04,244.1999969482422,0.05536106829328613,-0.003265318578603349,0.07610278425000816,0.48017891478365216,59.199342706905696,5.016117419408602,2.7928109648955157,2.223306454513086,250.9208039373514,191.38519276675018,0.26920553469425357,0.8871128244597923,0
COIN,2024-06-05,251.39999389648438,0.0294840173555293,0.062328334588725776,0.17290285617142342,-0.13550390167951876,61.861431441133455,6.318938296733933,3.4980364312631993,2.8209018654707334,255.479055099194,190.53294136076693,0.29123034471678105,0.9371931441635107,1
COIN,2024-06-06,257.0799865722656,0.022593447946223977,0.09507579054224147,0.21723480249512983,0.011839931795172287,63.864472770310186,7.720761040321975,4.342581353074955,3.3781796872470196,260.6189313525881,189.98106406977521,0.31352804261172496,0.9499001751262732,0
COIN,2024-06-07,244.16000366210938,-0.05025666557098729,0.08073656887835123,0.16018059968020704,-0.018884418511574963,56.584617387303766,7.700415424484504,5.014148167356865,2.686267257127639,262.53720293934515,191.43379315440484,0.3132508922233291,0.7415426442582778,1
COIN,2024-06-10,249.80999755859375,0.023140538219778906,0.07960585253266284,0.2433306780569391,-0.3198394039912832,58.79652985858403,8.047432869066625,5.620805107698818,2.426627761367808,264.14894041376596,194.71105561894888,0.3026539048737055,0.7934997170846644,0
COIN,2024-06-11,244.1999969482422,-0.022457070033939375,0.0,0.22399881545721256,0.4191038368661122,55.758878361746085,7.780082580445452,6.052660602248144,1.7274219781973077,263.94210976402644,199.38688651282905,0.2786582483286816,0.6941825646088511,0
COIN,2024-06-12,254.9600067138672,0.04406228460316308,0.014160751407371386,0.2556513316026763,0.23838599535106164,60.02478636548159,8.340306551228622,6.51018979204424,1.8301167591843814,265.16875700155776,203.35123964150864,0.2638842218175106,0.8348566761710784,0
COIN,2024-06-13,247.63999938964844,-0.028710413913793698,-0.03672003919279654,0.12609701816996943,-0.22169434291000212,56.064242322656014,8.100250028956083,6.828201839426609,1.2720481895294737,266.33190840291167,204.96108781290866,0.2604359542058602,0.695426770677594,0
COIN,2024-06-14,244.5,-0.012679693899965705,0.0013925144691639968,0.22759452853237283,-0.17535944243151558,54.405904557893194,7.5693767336542805,6.976436818272144,0.5929399153821366,263.53240867904196,212.29358771988382,0.21536789224185324,0.6285549057771553,0
COIN,2024-06-17,245.10000610351562,0.002454012693315466,-0.01885429526884075,0.18063583283952966,-0.06766948856083399,54.68175324504281,7.115053393927269,7.00416013340317,0.11089326052409909,261.21177009734595,218.36422630157983,0.17868927601674306,0.6239746186939572,0
COIN,2024-06-18,235.9499969482422,-0.03733173776996568,-0.033783784205978384,0.04778184817345821,-0.06963934623062029,49.73961095432541,5.948103569573163,6.792948820637169,-0.8448452510640054,260.72200068304534,219.92999516656403,0.1697361328725021,0.3927240541092189,0
COIN,2024-06-20,235.02999877929688,-0.0038991234619389914,-0.07816915363097343,0.04096908517145481,0.11131007114165414,49.257556834103475,4.8926518182736345,6.412889420164462,-1.5202376018908277,260.1909871913117,221.38600865829767,0.16115794096249714,0.3516041146470764,0
COIN,2024-06-21,225.86000061035156,-0.03901628820394254,-0.08795024565085385,-0.024404967519955356,0.645458636357038,44.61612252050605,3.278464389182659,5.786004413968102,-2.5075400247854427,260.62847629276405,220.38352016719688,0.1673345214745268,0.1360786784328369,0
COIN,2024-06-24,212.30999755859375,-0.05999292931524414,-0.13165645170309304,-0.029927821591388626,-0.050584893342978665,38.79845845891068,0.8955142866015251,4.807906388494787,-3.9123921018932615,261.93147585299204,218.42552030179314,0.18114009330335637,-0.14056748474361153,1
COIN,2024-06-25,221.7100067138672,0.044274924701457774,-0.09543043168987064,-0.0670733750978354,-0.25530570525924545,44.231230067708005,-0.23181642282457915,3.7999618262309136,-4.031778249055493,262.6404523096258,216.12254512689765,0.19432540706697243,0.12011420816979775,1
COIN,2024-06-26,214.5800018310547,-0.03215914783681495,-0.09057001650173879,-0.12416325783242987,-0.17961419444999005,41.24080801763056,-1.6811862693192268,2.7037322071208854,-4.384918476440112,263.4356831515821,212.28531446804678,0.21504356099258629,0.04486159967301547,1
COIN,2024-06-27,224.0,0.043899702155664855,-0.04693017417599743,-0.053454444211892715,-0.14200976440706325,46.39709922014382,-2.0461207820778498,1.7537616092811383,-3.799882391358988,263.54419282825063,210.91180540172988,0.22186414598138787,0.24867187749258657,0
COIN,2024-06-28,222.22999572753906,-0.007901804787772027,-0.016071924524054593,-0.053373654253225045,0.9401723037651564,45.58759982572689,-2.449917441648296,0.9130257990952515,-3.3629432407435473,263.7485597332916,209.45443861875916,0.22947496657296754,0.23530277029128271,0
COIN,2024-07-01,233.3699951171875,0.05012824372865676,0.09919456361343304,0.03297626154666933,-0.2928395873877331,51.34170886590109,-1.849702138813882,0.36048021151342485,-2.210182350327307,263.70520212813193,210.24279591874307,0.22560452382837687,0.43258807147335093,0
COIN,2024-07-02,227.50999450683594,-0.025110342944511532,0.026160243639584913,-0.016768247949552784,-0.4306054420010853,48.4398255088611,-1.8258331936717695,-0.07678246952361406,-1.7490507241481554,263.7371983837833,209.82279917481046,0.2276982831612673,0.3280606960576468,0
COIN,2024-07-03,224.94000244140625,-0.011296172157186146,0.04828036406910052,-0.07886975736088175,-0.2644202405264352,47.180350372571304,-1.9913388493505977,-0.4596937454890108,-1.5316451038615868,263.03294705270457,208.60105105520557,0.23082261336488702,0.3001723729585207,0
COIN,2024-07-05,223.67999267578125,-0.005601537085219932,-0.0014286041259765625,-0.11026253736552205,2.130610482154425,46.5414200921941,-2.198828801919774,-0.8075207567751634,-1.3913080451446105,261.1238698848908,207.738128100949,0.22772475488855498,0.2986165227290612,0
COIN,2024-07-08,220.55999755859375,-0.013948476481353667,-0.007514728889221556,-0.14205691193859638,-0.44669655614130166,44.919274867014394,-2.5852227763645033,-1.1630611606930317,-1.4221616156714716,257.7243441771128,207.48565490735984,0.21598284374206086,0.26024450162368246,1
COIN,2024-07-09,219.97000122070312,-0.002674992493749362,-0.05741952340426426,-0.09907438597061358,-0.04813719903120106,44.602689212845256,-2.905557104933621,-1.5115603495411496,-1.3939967553924713,256.5017127722267,206.28928606810527,0.21699828574861837,0.272456761215943,1
COIN,2024-07-10,219.55999755859375,-0.0018639071684052322,-0.03494350639616983,-0.12109203112619527,-0.16146232857490317,44.36866651910954,-3.15612637694457,-1.8404735550218339,-1.3156528219227364,253.94109356002622,205.8249052803058,0.20930729284498586,0.2854567822047717,1
COIN,2024-07-11,214.6300048828125,-0.022453965797961883,-0.045834433389762896,-0.12108924011042066,0.5702938485909994,41.545940379995734,-3.7097498504975874,-2.2143288141169846,-1.4954210363806029,252.39230240773512,204.41669722605397,0.21004667254866624,0.21288543663141424,1
COIN,2024-07-12,218.02000427246094,0.015794620102158374,-0.02530395470606228,-0.14488547799131002,-0.2968072862643686,44.1759176244743,-3.8307967818791724,-2.5376224076694225,-1.29317437420975,247.4211387251415,205.69386066450696,0.18417963703184273,0.29539773934074187,1
COIN,2024-07-15,242.85000610351562,0.1138886402369963,0.10106097566037708,-0.01934256702446524,1.917660133360275,58.79820374701688,-1.901237430690827,-2.4103454122737036,0.5091079815828765,246.25189646982005,206.38410359121508,0.1761582944053458,0.9146707123551339,1
COIN,2024-07-16,251.49000549316406,0.03557751357834271,0.1432922857550738,0.028588979522143454,-0.2887080577582326,62.480914212007775,0.32142283771293023,-1.8639917622763769,2.185414599989307,248.13013764119225,205.20486296915934,0.18937551529990002,1.0782724834644066,1
COIN,2024-07-17,249.10000610351562,-0.009503357340033158,0.1345418513089507,0.016319869034644663,-0.135083295198964,60.86039220156421,1.8685051726132826,-1.117492375298445,2.985997547911728,249.11360157504572,204.62139903530584,0.19611536460661055,0.9996944302427385,0
COIN,2024-07-18,233.24000549316406,-0.06366921004313753,0.08670735771782034,-0.011485448146340005,-0.0039174631049272435,51.343722354824656,1.794127976936096,-0.5351683048515368,2.3292962817876326,248.77727819559567,204.6867232692481,0.1944611029052803,0.6476054173419609,0
COIN,2024-07-19,257.7900085449219,0.10525639887483762,0.18241447341116523,0.09683874349587862,0.4128835395829802,61.404287048767245,3.6738141442586993,0.3066281849705105,3.367185959288189,253.73733442202223,202.00266801938403,0.22703588065780833,1.0783357544312488,0
COIN,2024-07-22,265.1499938964844,0.02855031268707986,0.09182617760966116,0.1739572884971119,-0.09756117070205328,63.81956618528974,5.6917572476217515,1.3836539975007587,4.308103250120993,260.5689748458478,199.10002692417174,0.2674487410940537,1.074525743575012,0
COIN,2024-07-23,257.6300048828125,-0.02836126414020479,0.024414486681520797,0.2134614848352172,-0.17785538281540836,59.70819095803335,6.608018307597661,2.4285268595201392,4.179491448077521,264.05334198909804,200.14766051334334,0.2753362493025577,0.8994872293362132,0
COIN,2024-07-24,245.05999755859375,-0.04879092918519501,-0.01621842009607588,0.10531771294771297,-0.12231014705248178,53.50352160027882,6.247845980488989,3.192390683713909,3.0554552967750803,265.32846739046,201.20753419645405,0.27488096513838034,0.6839024508495308,0
COIN,2024-07-25,231.52000427246094,-0.05525174822910628,-0.007374383382757754,0.07894492635312589,0.04193536499981576,47.74772999913782,4.814345735792244,3.5167816941295764,1.297564041662668,264.9690383207588,203.26096351029588,0.26358018311149667,0.45794721110588915,0
COIN,2024-07-26,242.92999267578125,0.04928294831012803,-0.05764387825973927,0.08450889587402344,-0.06661951075744177,52.39528072674502,4.546567174704478,3.722738790244557,0.823828384459921,265.7701100742765,204.35289102435632,0.2612814897649932,0.6281154088085509,0
COIN,2024-07-29,234.1999969482422,-0.03593626143639772,-0.1167263724709916,0.05386312131949422,0.1958092303028771,48.81754373007459,3.5885465098354246,3.695900334162731,-0.10735382432730622,265.7765092709566,205.54349194974654,0.2555928760299097,0.4757607417486081,0
COIN,2024-07-30,224.4600067138672,-0.04158834483899465,-0.12875052416364807,-0.03817966572286269,-0.3605733177012368,45.11605421226618,2.0200861239640915,3.360737492123003,-1.3406513681589116,265.7345404724277,204.6944619079434,0.25950814365450015,0.32381257152287185,0
COIN,2024-07-31,224.36000061035156,-0.0004455408559401741,-0.08446909799422819,-0.013845518757593434,-0.21179735377194864,45.07826042480209,0.7602367749358336,2.8406373486855694,-2.0804005737497357,265.77630941666047,204.3376935740622,0.2613775188645496,0.3258912454601062,0
COIN,2024-08-01,212.63999938964844,-0.05223748078454227,-0.08154804999309628,-0.05468126130638673,0.869354737305363,40.768080459095,-1.1704172201131655,2.0384264349258228,-3.2088436550389883,266.4783761814609,202.405626504086,0.2732989366683287,0.15973050847818318,0
COIN,2024-08-02,204.44000244140625,-0.038562814953814195,-0.1584406676607628,-0.08601569592441327,0.12823991031390136,38.028358137032164,-3.3238305942122963,0.9659750290981991,-4.289805623310495,267.9408246887548,199.0191789733546,0.29519292947955195,0.07865197372732491,0
COIN,2024-08-05,189.47000122070312,-0.07322442301864884,-0.1909905905653121,-0.14095936109008744,0.8615646021919932,33.590299921575536,-6.167287544867833,-0.4606774856950073,-5.706610059172825,271.29548451980367,192.55551950851662,0.3395054201778966,-0.039186178040226505,1
COIN,2024-08-06,194.1699981689453,0.024806021628550168,-0.1349461268774459,-0.11728873441188836,-0.6236588985086418,36.11128344242519,-7.949856196434894,-1.9585132278429849,-5.991342968591908,273.2148168182625,188.05618690488205,0.36923469815368126,0.07179320839569585,1
COIN,2024-08-07,178.91000366210938,-0.07859089792831109,-0.2025762026412885,-0.18514298755918024,0.18066547527869958,31.879774926588823,-10.473180414630292,-3.6614466652004465,-6.8117337494298456,276.9046422469728,180.30136208652326,0.4225809776985562,-0.014402807255643458,1
COIN,2024-08-08,192.32000732421875,0.07495390636420529,-0.09556053481826188,-0.1039463124961254,-0.10845226082360293,38.679864078206705,-11.261047468209085,-5.181366825802175,-6.0796806424069105,278.12201168950884,176.85299288812786,0.44516299920867625,0.15273194723478423,1
COIN,2024-08-09,196.2899932861328,0.020642605089034483,-0.039865041371290766,-0.09966980350652588,-0.29181039129028785,40.571248876160304,-11.43329716315992,-6.431752893273725,-5.001544269886196,278.7929370491729,174.00906642983105,0.46282423582165355,0.21263699006924228,1
COIN,2024-08-12,191.74000549316406,-0.02317992739617758,0.011980810987681112,-0.2104591283747621,0.09263874883464296,39.08334638559936,-11.800918632282333,-7.505586041075447,-4.295332591206885,277.8212253246059,169.86977809336284,0.48225872937839015,0.2025931838871317,1
COIN,2024-08-13,197.94000244140625,0.032335437418474555,0.019415997878213354,-0.21293093913115124,-0.16495437765549903,42.19429422794383,-11.459871096466799,-8.296443052153718,-3.163428044313081,274.6805090479887,167.65549406480426,0.4839082246528946,0.28296663524280025,0
COIN,2024-08-14,195.9600067138672,-0.010003009513578132,0.09529932761031379,-0.21332797305338347,0.04827442393910952,41.466000942431926,-11.220020166654706,-8.881158475053915,-2.3388616916007905,271.45804230712855,165.56396086669957,0.48461670429124354,0.2870419709364682,1
COIN,2024-08-15,197.1199951171875,0.005919516041934525,0.02495833823922844,-0.15486198561693654,0.20714143624428094,42.09656754617266,-10.811704606375741,-9.267267701318282,-1.5444369050574593,269.9996086142782,163.41039352195227,0.4918631991276591,0.31625715196454435,1
COIN,2024-08-16,205.30999755859375,0.04154830886910954,0.04595244067950244,-0.20357659042934972,0.028376975429692086,46.48036966004635,-9.715255415886872,-9.356865244232,-0.35839017165487164,263.9136844818773,164.24831655572038,0.4655498044414507,0.41199547904439976,1
COIN,2024-08-19,204.4600067138672,-0.004140036310136264,0.06633983965936951,-0.22888926486760852,0.010207515423443558,46.09036332238819,-8.813304403363702,-9.24815307605834,0.43484867269463834,254.80665021900325,167.2863521003327,0.41469674994733396,0.4247432357135025,0
COIN,2024-08-20,197.25,-0.03526365292532385,-0.0034859171107189946,-0.23436713014183808,0.9595983629960978,42.80907748009362,-8.581368340488922,-9.114796128944457,0.5334277884555352,246.23482714243522,169.8201746886195,0.3673295699727943,0.3589602835393229,1
COIN,2024-08-21,206.22999572753906,0.04552596059588887,0.05240859696778677,-0.1584510006443236,-0.392700162704291,47.79422091582424,-7.585505744980054,-8.808938052151577,1.2234323071715227,240.0844085509832,172.08759309696603,0.3299438835347951,0.5021176712850887,0
COIN,2024-08-22,198.42999267578125,-0.03782186497284712,0.006645685831186077,-0.14292506472891298,-0.2955720835999147,44.19102437843223,-7.341049473482514,-8.515360336417764,1.1743108629352506,236.37705983621368,172.4859406520676,0.31253069662867333,0.40606663891640515,0
COIN,2024-08-23,211.39999389648438,0.06536310890206543,0.029662444159118895,-0.1297904735105203,0.571306931067759,50.82921385403448,-6.031221249164986,-8.01853251896721,1.9873112698022233,229.46794981224778,176.2420507981038,0.26238396359010496,0.6605420246455185,0
COIN,2024-08-26,204.0,-0.03500470250773946,-0.0022498615805630617,-0.1289496043627889,-0.34525902555333443,47.36741889294661,-5.526583592235028,-7.520142733620773,1.9935591413857452,223.52789266123736,179.16210825428996,0.22034708736785372,0.5598434035986656,0
COIN,2024-08-27,198.3000030517578,-0.02794116151099113,0.005323209387872341,-0.11654639080295992,0.10222361185190643,44.83446168221706,-5.522931810258143,-7.120700548948248,1.597768738690105,219.38497479848579,180.6890257508306,0.19344395784042057,0.45511165210701454,0
COIN,2024-08-28,190.1999969482422,-0.04084723136086621,-0.07772874514566208,-0.15225531988402619,-0.1663969030018856,41.44294361862133,-6.1032856667075635,-6.917217572500112,0.8139319057925487,214.3877577149527,182.27024246815276,0.1619405897875441,0.2468981307910959,0
COIN,2024-08-29,188.27999877929688,-0.010094627758946761,-0.05115151071475699,-0.11455982261227116,-0.23097864163180337,40.657840620689534,-6.641587993166922,-6.862091656633475,0.2205036634665527,212.26949466002117,181.95250546204915,0.1538066834858755,0.20871113803315902,0
COIN,2024-08-30,183.36000061035156,-0.026131284261970755,-0.13263951795506235,-0.10311094491938455,0.902025092404602,38.63790105205002,-7.380125704090375,-6.965698466124856,-0.41442723796551917,211.98190392888495,180.13209601007992,0.16245177639034902,0.10134769441940014,0
COIN,2024-09-03,169.1300048828125,-0.07760686998348376,-0.1709313486136642,-0.1073520673818843,0.3338351215239763,33.46009530571213,-9.009804473488288,-7.374519667597543,-1.6352848058907448,214.85812544701565,175.2218748581601,0.20322113698649746,-0.15369440562222217,0
COIN,2024-09-04,163.22000122070312,-0.03494355520301862,-0.17690368780225652,-0.15939639099812375,-0.19701229146574195,31.567983761857633,-10.655395773287552,-8.030694888735546,-2.6247008845520057,217.8989758971406,169.08602471321097,0.2522730912409627,-0.1201735062156841,0
COIN,2024-09-05,159.6999969482422,-0.021566010575513106,-0.16035752097461786,-0.107372457216799,-0.2675176326280282,30.463057794751734,-12.104045756138134,-8.845365062216064,-3.25868069392207,220.5931891189355,164.47081082002936,0.29149636583945476,-0.08500733604655801,1
COIN,2024-09-06,147.35000610351562,-0.07733244258438599,-0.21738895762241672,-0.23382903238398578,0.9234566609102168,26.904895352535306,-14.086274547909369,-9.893546959354726,-4.192727588554643,224.8653530036601,155.70164681323442,0.3634771602566854,-0.12075178109635355,1
COIN,2024-09-09,155.0500030517578,0.052256509190999445,-0.15439571042952704,-0.21009726244301863,-0.16051185315509764,32.220574520364465,-14.864530687495346,-10.887743704982851,-3.976786982512495,226.06002483370742,150.38297595974961,0.40206378503224993,0.06167031037086632,1
COIN,2024-09-10,158.4600067138672,0.021992928700369507,-0.06308755313014025,-0.17356836250056007,-0.3707476746572753,34.49258285697579,-15.032856080934351,-11.71676618017315,-3.3160899007612006,226.60699585410163,146.5080050614257,0.42935283007187486,0.14921538379150648,1
COIN,2024-09-11,157.14999389648438,-0.008267151090989855,-0.037189114562074965,-0.20607258786407479,0.10173739870896847,34.02077879961193,-15.09792279819564,-12.392997503777648,-2.7049252944179916,226.24611433962318,142.789885721412,0.45229315624713196,0.17206754262483925,1
COIN,2024-09-12,162.88999938964844,0.03652564884568199,0.019974968706105267,-0.16875896198812768,0.04236918378159382,38.02115539397259,-14.51895271912295,-12.81818854684671,-1.7007641722762408,225.29844427814493,140.43055505046834,0.46410259718793284,0.26464007227666225,1
COIN,2024-09-13,163.0500030517578,0.0009822804512795713,0.10654900779042187,-0.1728388438989923,-0.10998161242581439,38.1337583325843,-13.887121707269529,-13.031975178931273,-0.8551465283382562,223.91955173512744,138.4024483869429,0.4720502940443742,0.2882178383014439,1
COIN,2024-09-16,161.5,-0.009506304953982636,0.041599463536218684,-0.21338462851079987,-0.21287960225745772,37.42442767626728,-13.357486580091319,-13.097077459163284,-0.2604091209280348,221.0025939861491,136.93840638006182,0.4697097427792896,0.2921766607087228,1
COIN,2024-09-17,162.4499969482422,0.005882334044843285,0.025179793419924268,-0.20546810322869724,0.11501856514873454,38.1833872857648,-12.714524982241898,-13.020566963779007,0.3060419815371098,217.72089766317617,136.0191017264723,0.46193133984098006,0.32350445811798895,1
COIN,2024-09-18,162.63999938964844,0.001169605693909448,0.034934812003749594,-0.17546261399417773,-0.037855010334532646,38.34445467959183,-12.050728379116691,-12.826599246846545,0.7758708677298536,215.28144844618302,134.99755088243026,0.45839971975273713,0.3443087511448674,1
COIN,2024-09-19,168.24000549316406,0.034431911734697396,0.03284428831458164,-0.1842117588198252,0.8496837331423797,43.054006743456405,-10.946605443862211,-12.45060048624968,1.5039950423874693,210.69273065101362,135.78726965416217,0.4323797098295748,0.43324926390034496,1
COIN,2024-09-20,170.08999633789062,0.010996141133636117,0.043176897604215725,-0.1428211328122957,-0.12332376251465194,44.56058555704851,-9.809226604481069,-11.922325709895958,2.1130991054148893,207.3582678717597,136.28773279962704,0.4136264349550468,0.47561571759599336,1
COIN,2024-09-23,170.22000122070312,0.0007643299759629851,0.05399381560806882,-0.19479656511222865,-0.39487015934153546,44.67136353135035,-8.795961009134913,-11.297052769743749,2.501091760608835,200.02437597907425,139.50362542473437,0.35649931848985345,0.5075346144028632,1
COIN,2024-09-24,171.67999267578125,0.008577085210950797,0.056817457069450183,-0.15843140845205272,0.22344522824941215,45.97690179563676,-7.785386526232031,-10.594719521041405,2.809332994809374,193.81332494725467,142.48267572413204,0.305270649193837,0.5688086434429288,0
COIN,2024-09-25,167.0800018310547,-0.026793983230263052,0.02729957241803116,-0.1574382286446787,-0.11193770193024599,42.56872862065794,-7.271854374520132,-9.930146491737151,2.6582921172170195,187.97135335636725,145.20264719294917,0.2567349558663264,0.5115271561995056,0
COIN,2024-09-26,179.92999267578125,0.07690920938413681,0.06948399192183907,-0.0539958172305105,1.3237746972891284,53.0408114656702,-5.761573739559452,-9.096431941301612,3.3348582017421595,185.47137476478943,146.6756253572809,0.2336058997567364,0.8571652262519331,0
COIN,2024-09-27,191.22999572753906,0.06280222037311733,0.12428714118879158,0.015668137706438934,-0.15188836791059157,59.955707971813446,-3.6112217309508026,-7.999389899231451,4.388168168280648,186.36053366227296,146.08146615462155,0.24232237521033254,1.120893118102625,0
COIN,2024-09-30,178.1699981689453,-0.06829471239021201,0.0467042468054879,-0.02830498704259521,0.10854459738341826,50.66909282450346,-2.927142649325276,-6.9849404492502165,4.05779779992494,185.28854820238257,146.63445137037132,0.2329100236004507,0.8158397009151678,0
COIN,2024-10-01,165.00999450683594,-0.07386206318322308,-0.03885134234331922,-0.024360020440082453,0.29893253629376604,43.37797977435628,-3.407626365834517,-6.269477632567076,2.8618512667325593,185.02810057633778,146.48289795881848,0.23254252672061274,0.48065894819285887,1
COIN,2024-10-02,164.47000122070312,-0.003272488358942671,-0.015621262758847121,0.007658375141841756,-0.4818645014956773,43.10389541260066,-3.788316760673297,-5.77324545818832,1.9849286975150235,185.0640686987673,146.57192983638896,0.2321348649266002,0.4649799131273394,1
COIN,2024-10-03,163.10000610351562,-0.008329756837230695,-0.09353630443698091,0.021289976332155902,-0.45456852469832887,42.37239712878024,-4.152694124830646,-5.449135191516786,1.29644106668614,185.06586056184642,146.9101388888372,0.22987036253310483,0.4243103394406741,1
COIN,2024-10-04,170.91000366210938,0.047884716531751303,-0.10625943899711865,0.15989139180654321,0.5941004047829526,47.80992248740639,-3.7678310678600724,-5.1128743667854435,1.3450432989253711,184.19804567882656,150.1339535277164,0.20377404634885773,0.6099105780429813,1
COIN,2024-10-07,168.9199981689453,-0.011643586978666964,-0.05191670929484393,0.08945498125890072,-0.008011791489113351,46.60328901349939,-3.5821088139291533,-4.8067212562141854,1.2246124422850322,183.9159171252045,151.80308159305724,0.191307823833328,0.5330241410402022,1
COIN,2024-10-08,167.69000244140625,-0.007281528184181485,0.016241488538800475,0.058248108901104434,-0.16203015814637733,45.83332102897941,-3.4938974899529853,-4.544156502961946,1.0502590130089606,183.75854221211887,152.88345607889676,0.18342979360841152,0.4795629168003324,1
COIN,2024-10-09,166.97000122070312,-0.0042936442854111245,0.015200340374809329,0.062488117757657946,0.0050736468811993785,45.36087539500537,-3.4424055529912323,-4.323806312967804,0.8814007599765716,183.35211791861167,154.2718811048258,0.17226403868148688,0.43665807115633976,1
COIN,2024-10-10,164.27000427246094,-0.0161705511678909,0.007173501687073758,0.008472004960300872,-0.060279475982532804,43.54805812113896,-3.578217546365437,-4.174688559647331,0.596471013281894,183.31550425208226,154.44649525963646,0.17094290674605142,0.34027870563187695,1
COIN,2024-10-11,176.3800048828125,0.073720096763775,0.03200515536537796,0.08175407287065961,1.0013569025446571,52.68211132447264,-2.6778056116149855,-3.875311970040862,1.1975063584258763,184.07903345818283,155.01596623664136,0.1714154867969,0.7350923590864548,1
COIN,2024-10-14,196.35000610351562,0.11322145746606171,0.16238460947137945,0.21578951147687686,0.6839631841442915,63.243809543391,-0.3487898318927023,-3.17000754241123,2.821217710518528,189.61985454474032,152.96014576043544,0.2140213016034084,1.183584425025675,1
COIN,2024-10-15,196.33999633789062,-5.097919691288144e-05,0.17085093612837876,0.20861803648076438,-0.044486360678160586,63.23619042722237,1.4791139439298036,-2.2401832451430237,3.7192971890728272,193.9498950132387,152.0191052309019,0.2423962248221511,1.0570011043688654,1
COIN,2024-10-16,210.47999572753906,0.07201792631855941,0.2605856991599578,0.29414655999399564,-0.1936414850387883,68.93038840343429,4.022353446737867,-0.9876759067668455,5.010029353504713,201.6235938203781,149.12940605755162,0.29932281566284924,1.1687120476494466,0
COIN,2024-10-17,204.1999969482422,-0.029836558850115935,0.24307537369727417,0.2137422151744952,-0.36234788833214027,64.17615396861362,5.468112659458512,0.3034818064782261,5.164630852980286,206.14828286800238,148.20071615543512,0.3270649380823253,0.9663784688419426,1
COIN,2024-10-18,220.2100067138672,0.07840357495050787,0.24849756558389657,0.2946675963024372,0.5233048944768748,69.87971027746303,7.815667093355472,1.8059188638536754,6.009748229501797,214.21132379654426,145.1496762644909,0.3843580551051655,1.0868598293218934,0
COIN,2024-10-21,213.72000122070312,-0.02947189180915355,0.0884644490819626,0.255551637222696,-0.06508666430845422,65.33840982872385,9.048130475519741,3.254361186186889,5.793769289332852,219.239337252555,144.47166280848018,0.41113782333516385,0.9261801831755478,1
COIN,2024-10-22,210.72000122070312,-0.014037057752502857,0.07324032367844846,0.2273998730804303,-0.4099902257535629,63.290875843111195,9.671306852138258,4.537750319377163,5.133556532761095,222.98800305127457,144.62699786425276,0.4263210423506524,0.8434425158113811,1
COIN,2024-10-23,198.92999267578125,-0.055951065283894486,-0.054874588018849035,0.19062718754894514,0.38276041736249344,55.87959370449892,9.108822626792744,5.451964780860279,3.656857845932465,224.3059336193487,146.4940663806513,0.41969723429718125,0.6738808379225284,1
COIN,2024-10-24,209.16000366210938,0.05142518153610509,0.02428994509301763,0.16245213236349176,-0.04103341996695686,60.23112589440152,9.380394863658807,6.237650797419985,3.142744066238823,227.07628587184476,146.64671522678807,0.4304234441477673,0.7772425978897534,0
COIN,2024-10-25,205.0399932861328,-0.019697888237907524,-0.06888884685174967,0.07221669124685848,-0.06690914220081812,57.7603169866241,9.157604251568216,6.821641488249631,2.3359627633185855,228.54924192490597,146.55475892958623,0.43718266298698577,0.7132825553627179,0
COIN,2024-10-28,216.10000610351562,0.05394075877650173,0.011136088663759258,0.2128866157286713,0.12929070432876588,62.23856987423112,9.76097326454692,7.409507843509089,2.3514654210378305,232.09443105765223,146.80257059029697,0.4502113244306108,0.812474193123524,0
COIN,2024-10-29,219.66000366210938,0.016473842934036975,0.042425979449585816,0.33119211547522,0.10359796150573208,63.57713891131441,10.406450521389019,8.008896379085074,2.397554142303944,235.23511930422322,149.12688325925333,0.44805800506125365,0.8191216501754865,0
COIN,2024-10-30,211.74000549316406,-0.03605571354322745,0.06439457743438792,0.28740806178403977,-0.17555578659181093,58.600314142712364,10.161779566447592,8.439473016557578,1.722306549890014,236.36568368802222,152.72331930270042,0.4299394932388575,0.705583667130533,1
COIN,2024-10-31,179.25,-0.15344292363406498,-0.14300058872836863,0.09901896561692558,0.9853087989575342,43.54218608319818,7.2624867325920945,8.204075759764482,-0.9415890271723875,235.19360322509038,155.5103991552807,0.4078955095639581,0.29792477752176305,1
COIN,2024-11-01,182.8800048828125,0.020251073265341812,-0.10807641986408034,0.07003686714774116,-0.23547533347448657,45.235404691122135,5.1977706655782185,7.602814740927229,-2.4050440753490108,234.58755287848973,157.3134496239517,0.39435522114571087,0.33085541186606227,1
COIN,2024-11-04,186.27000427246094,0.018536741574458615,-0.13803794997009677,0.10271137989335655,-0.21425703089300308,46.838872523870684,3.7913090753190204,6.840513607805588,-3.0492045324865673,233.6359495306471,160.00005358214588,0.3741319156083469,0.35675468264401217,1
COIN,2024-11-05,193.9600067138672,0.04128416956579839,-0.11699898260848185,0.1566581423459643,-0.12318483011419712,50.387519912837845,3.259622165737312,6.124335319391934,-2.8647131536546215,232.35718707019865,163.9058164698404,0.34548453925218287,0.43905899882550337,1
COIN,2024-11-06,254.30999755859375,0.3111465701986482,0.20104841296419096,0.5230879541196354,2.563130602564618,68.28175736266788,7.620155940251351,6.423499443563817,1.1966564966875337,241.88246522784794,163.1145379459802,0.3889802969631352,1.1577740174154183,1
COIN,2024-11-07,255.5800018310547,0.004993921924631772,0.4258298567980736,0.5558531392447368,-0.5302543998194946,68.53892039422763,11.05100005381047,7.348999565613148,3.7020004881973207,248.88331377733107,165.24468915235644,0.4039264383634311,1.0800669318003584,1
COIN,2024-11-08,270.739990234375,0.059316019620899274,0.48042422903401727,0.5349811925351493,0.046615791970123555,71.50848843616232,14.822389815367416,8.843677615564003,5.978712199803413,259.8499225199758,163.7140789448679,0.4539377437300335,1.113277912893032,1
COIN,2024-11-11,324.239990234375,0.19760656692676237,0.7406988929903204,0.6513367973283171,1.4345015116138988,79.03066997409886,21.876072508150003,11.450156594081204,10.4259159140688,287.10186734332495,149.25113253460472,0.6318312689372327,1.269408233061524,1
COIN,2024-11-12,319.1300048828125,-0.015759886212273755,0.6453392134266012,0.6253947786247629,-0.4151493372606775,76.94119205087097,26.745527951565577,14.509230865578079,12.236297085987498,305.78509395994683,142.84690677247508,0.7263779084927701,1.0819016778891213,1
COIN,2024-11-13,284.7200012207031,-0.10782440740645827,0.11957848277318628,0.35271763112949617,0.12803590710567447,64.56256098485267,27.510878471776294,17.109560386817723,10.401318084958572,313.5091676972388,142.5468335844995,0.7497427229649531,0.8316052092646853,1
COIN,2024-11-14,278.8399963378906,-0.020651885563369943,0.0910086639807266,0.36552399855601947,-0.37939594390907727,62.706036376789726,27.32793756708142,19.153235822870464,8.174701744210957,319.35226270257914,144.167738518124,0.7558876584531322,0.7687451756752647,1
COIN,2024-11-15,305.8500061035156,0.09686562229363616,0.12968167664757058,0.3889014884819739,0.037138927097661645,67.35043135498091,29.02782296416993,21.128153251130357,7.899669713039572,329.43774811940136,142.64625304026663,0.7913485507675919,0.8737215417335102,0
COIN,2024-11-18,325.4100036621094,0.06395290883850313,0.003608479715560886,0.5225996715490697,0.4210070696869139,70.24072330756451,31.589182291757652,23.22035905925582,8.368823232501832,342.46276440125195,140.79023700255664,0.8346457313781969,0.9154433131815212,0
COIN,2024-11-19,324.57000732421875,-0.0025813476181968387,0.017046352139166165,0.5402904586369655,-0.4748432093847872,69.95432390402364,33.16894636144042,25.21007651969274,7.958869841747678,353.52049247360844,141.11750954055174,0.8588219347003434,0.8637001950273266,0
COIN,2024-11-20,320.010009765625,-0.014049349772601416,0.12394636271993598,0.608656419583655,0.7010239516950603,68.32563289788136,33.664899073908714,26.901041030535936,6.763858043372778,361.7423147166821,145.00368900646248,0.8554132607570892,0.8074533101134759,0
COIN,2024-11-21,295.2300109863281,-0.07743507397611005,0.058779281536700756,0.41150318329149504,0.1010788976708401,60.13242115199037,31.693068401010805,27.859446504630913,3.833621896379892,365.4876241482543,149.86538030731208,0.8367943602802189,0.6741634262290999,1
COIN,2024-11-22,304.6400146484375,0.03187346581288164,-0.003956159656471003,0.48575899640863285,-0.5161390218918983,61.996103278072724,30.537667813797384,28.39509076646421,2.142577047333173,369.4266368676025,155.88636972419442,0.8130020177069137,0.6966070002354358,0
COIN,2024-11-25,312.2200012207031,0.02488178245728201,-0.04053348788595368,0.44479404165839953,0.20174445319679668,63.47718672581489,29.889103116602428,28.693893236491856,1.1952098801105713,374.06202115229695,160.86298495121872,0.7971174791549047,0.7099329291842218,0
COIN,2024-11-26,293.2900085449219,-0.06063030107542644,-0.0963736576807318,0.33519987096091186,-0.09765190258024425,57.455104123605224,27.530266936782198,28.461167976549923,-0.9309010397677255,375.86150215295515,166.42650443884168,0.7724124272280434,0.6057416644340101,1
COIN,2024-11-27,310.9800109863281,0.06031573502680976,-0.028217863515927033,0.4686880273853964,0.005682635047708384,61.16307258143746,26.779608962883913,28.124856173816724,-1.3452472109328113,378.3471816091527,173.8648255319606,0.7405936612491596,0.6705477581772705,1
COIN,2024-11-29,296.20001220703125,-0.047527166561025846,0.0032855779717735345,0.6524407933446652,-0.2814428025401029,56.71551447544759,24.707274648086525,27.441339868670685,-2.73406522058416,373.7103869568284,190.19662140498806,0.650865347763486,0.5776318222411416,1
COIN,2024-12-02,302.3999938964844,0.020931740155093692,-0.007353008942499462,0.6535432295633357,0.17495968670813178,58.09217896136619,23.296671947639368,26.612406284464424,-3.315734336825056,367.24240241583647,208.6166048473471,0.5509188727371697,0.5912240662408315,1
COIN,2024-12-03,309.3500061035156,0.02298284506384718,-0.009192220568722487,0.6607612552100608,-0.10264590815517194,59.64173807113228,22.480426680925234,25.78601036375659,-3.3055836828313545,357.7384871772444,230.42852026904467,0.4329041421787861,0.6199160030524509,0
COIN,2024-12-04,330.94000244140625,0.06979148508782029,0.12837121210938807,0.7062280417922138,0.5689273335783023,64.08444198066621,23.307009992580106,25.29021028952129,-1.9832002969411846,345.9875721442952,255.87743487474776,0.29943637267051265,0.8330091357215782,0
COIN,2024-12-05,320.57000732421875,-0.0313349702081529,0.03083798314712971,0.26054819079756597,0.2514179010001265,60.631991822891244,22.861774971080138,24.804523225833062,-1.9427482547529245,344.33687410533463,264.1541338902709,0.26354617952100556,0.7035912377480602,0
COIN,2024-12-06,343.6199951171875,0.07190313275208049,0.16009446642767755,0.3444713696509387,-0.15228706265585557,65.12892998453032,24.09115653064225,24.6618498867949,-0.570693356152649,345.437741855637,271.8572654685818,0.2383964733685556,0.9752958009012117,0
COIN,2024-12-09,310.5199890136719,-0.09632735747006593,0.02685183624695142,0.1469306353481803,0.012864575874743434,55.35111329156628,22.13934778949863,24.15734946733565,-2.0180016778370202,342.80916913883607,278.4638380633123,0.20714027594824252,0.49818923012043304,1
COIN,2024-12-10,302.4200134277344,-0.026085198610453553,-0.022401786129146894,-0.06729576074458976,-0.29715814030209486,53.24450839644583,19.71170074853353,23.268219723575225,-3.556518975041694,341.2523269715647,277.83868254991967,0.20486049206451729,0.3876347291187123,1
COIN,2024-12-11,313.80999755859375,0.03766279883980328,-0.051761663009733616,-0.016670345134649156,-0.1405796858498315,55.792382313428405,18.49366603743539,22.31330898634726,-3.81964294891187,340.736042037186,277.82296675187655,0.20341818449454901,0.5720119489234438,0
COIN,2024-12-12,312.9599914550781,-0.0027086648294464277,-0.023739013929160224,0.09918512964772197,-0.1881327169524255,55.54910256347416,17.260804554243975,21.302808099926605,-4.042003545682629,339.9658587641278,281.41714904837215,0.1884464460071702,0.5387453038647868,0
COIN,2024-12-13,310.5799865722656,-0.007604821535643902,-0.09615275308310844,0.11382868545125557,-0.29933688914516365,54.82820170321486,15.908325173009302,20.223911514543143,-4.315586341533841,337.43408185705204,287.12292497888546,0.1611098949415281,0.4662397577178308,0
COIN,2024-12-16,315.30999755859375,0.015229606513063487,0.015425765536501324,0.03093016598429088,0.9650584644926792,56.04897901633129,15.04472168892272,19.18807354941906,-4.143351860496338,337.7534172688412,287.7495887126041,0.15988357554822163,0.5511659735212808,0
COIN,2024-12-17,311.6400146484375,-0.011639284953133378,0.030487404309656574,-0.04231581346211466,-0.35081229169211436,54.81125061448286,13.903897283327638,18.131238296200777,-4.22734101287314,336.34521186619315,287.78079521388497,0.15562375578454993,0.4912901477921601,0
COIN,2024-12-18,279.8599853515625,-0.10197672892785026,-0.10818652200745194,-0.13775155117149995,0.6954546676343305,45.4512046070774,10.316480984226644,16.56828683380595,-6.251805849579306,337.2861094870942,282.36889539571825,0.17725093369256903,-0.04568531171266654,0
COIN,2024-12-19,273.9200134277344,-0.02122479895211271,-0.12474430947493009,-0.1440267333251447,-0.07186568583930497,43.94080769173018,6.91441653962022,14.637512774968805,-7.723096235348585,338.8475571530803,276.19844809594315,0.20372170056375344,-0.036368189468277995,0
COIN,2024-12-20,278.7099914550781,0.017486776403825788,-0.10261445197716246,-0.05595643707107756,-0.145089933894744,45.513234825715344,4.552291173068568,12.620468454588758,-8.06817728152019,340.1830806720226,273.21092262387583,0.21836587148974684,0.08210977503888967,0
COIN,2024-12-23,268.1499938964844,-0.037888837438021294,-0.14956710547481344,-0.11978078714992035,-0.31532098543427445,42.67154274011754,1.8073522211180943,10.457845207894627,-8.650492986776532,342.54511414572676,267.19988707497635,0.2471368421878328,0.012610046560956854,0
COIN,2024-12-24,279.6199951171875,0.04277457199991952,-0.10274681692391763,-0.1044135736854066,-0.2988837820091924,46.5734820800621,0.5511482710008977,8.47650582051588,-7.925357549514983,342.369521117553,264.11547949279856,0.25805763224482553,0.19813054127908877,0
COIN,2024-12-26,274.4100036621094,-0.0186323994923705,-0.019473958317430817,-0.06437316080585387,-0.0821418909075774,45.07281895963164,-0.8549498489661573,6.610214686619473,-7.465164535585631,343.30254579227005,261.29445432980026,0.27128183383613236,0.1599299422583358,0
COIN,2024-12-27,265.7099914550781,-0.03170442801255846,-0.02997233341923089,-0.14557212017476018,0.25929620896063854,42.60414417894675,-2.6408687247267153,4.759998004350235,-7.4008667290769505,343.91811533592534,256.15188283301995,0.2925199819044959,0.10890416905774966,1
COIN,2024-12-30,255.55999755859375,-0.03819951911067054,-0.08306122710428787,-0.13720463529228977,0.39126755491537635,39.86112222457307,-4.819683667851507,2.844061669909887,-7.663745337761394,346.18673787517525,249.8192588289263,0.3233775484782325,0.05957132827883077,1
COIN,2024-12-31,248.3000030517578,-0.02840818037326598,-0.07402569940907544,-0.17890208973762656,-0.29923257108100065,37.97764380252778,-7.050952103405109,0.8650589152468877,-7.9160110186519965,348.277953917158,242.31804370247085,0.3588236650493871,0.05645493033324413,1
COIN,2025-01-02,257.2099914550781,0.035883964131337764,-0.08014449629296871,-0.16854699731601186,0.1615172948715582,41.623303859445826,-8.007975852894162,-0.9095480383813223,-7.09842781451284,347.84621951076747,237.5357766440177,0.3768836198972603,0.17835314862098808,1
COIN,2025-01-03,270.6499938964844,0.05225303404962611,-0.013702159962997729,-0.18217806279129511,-0.0474918514985293,46.7115476215155,-7.594384853858628,-2.246515401476784,-5.347869452381844,342.57370266620933,236.77929263408362,0.36521571784500695,0.32015586884142105,0
COIN,2025-01-06,287.760009765625,0.06321823851835995,0.082985281019343,-0.10234893099469,0.8086065300126861,52.399730564790275,-5.818899074695821,-2.9609921361205913,-2.85790693857523,338.8948987822793,237.17709676215424,0.35314267246750547,0.49728672856559397,0
COIN,2025-01-07,264.3299865722656,-0.08142209618509078,0.034316751829132075,-0.23074911143596566,0.07196123673281041,45.27305144427198,-6.230598401891029,-3.614913389274679,-2.6156850126163502,328.66210537232314,239.48088931761822,0.3139393317816925,0.2786359993051075,1
COIN,2025-01-08,260.010009765625,-0.016343120440705627,0.047160719170133314,-0.16266256935176882,-0.4876234427062257,44.08258119289648,-6.826764418862695,-4.257283595192282,-2.5694808236704123,325.5469567763949,237.54503998874185,0.3125667467952249,0.2552781870773417,1
COIN,2025-01-10,258.7799987792969,-0.004730629360911398,0.006103990421744365,-0.14430266751795384,-0.062492648417939556,43.72999084035205,-7.3141687054978775,-4.8686606172534015,-2.445508088244476,323.33466802528824,235.3933272750047,0.31479124543605064,0.26593489824882804,1
COIN,2025-01-13,251.1999969482422,-0.029291297112646553,-0.07186402138136105,-0.199515633974221,0.25815529108115864,41.52571697254353,-8.217358321658025,-5.538400158134326,-2.678958163523699,318.7699902370453,233.6970050022125,0.3079749051723537,0.2057408929252332,1
COIN,2025-01-14,255.3699951171875,0.016600311383779598,-0.1125591240937841,-0.18401712011216298,-0.18739226440629675,43.22131435581689,-8.49869097814502,-6.130458322136466,-2.368232656008555,313.1298109327309,233.57818467273793,0.29102053344543105,0.27393293473635516,1
COIN,2025-01-15,274.92999267578125,0.07659473678424056,0.040101413543626396,-0.11478522582841744,0.597780543819358,50.47560026025514,-7.061915436779543,-6.316749745065081,-0.7451656917144618,307.31388379671193,235.82911241910838,0.26322633956674923,0.5469819585787096,1
COIN,2025-01-16,281.6300048828125,0.02436988464526113,0.08315062614964686,-0.10681549248853905,-0.25925235080481457,52.70464754046667,-5.321285016781019,-6.11765679940827,0.7963717826272507,299.6218000163319,240.15319693191032,0.22034589753376038,0.6974572429761252,1
COIN,2025-01-17,295.4800109863281,0.04917802032236818,0.1418193538146324,-0.05185471345950088,0.6723348787604984,57.011963436118,-2.792058018304772,-5.45253704318757,2.6604790248827985,294.6189747430034,243.54002183902787,0.1898284827658347,1.0168569673881809,0
COIN,2025-01-21,294.19000244140625,-0.004365806474068257,0.1711385589786525,0.05120423726115142,0.14369226136172397,56.49586537390329,-0.8815582536427087,-4.538341285278598,3.6567830316358894,297.334714938607,242.25728335240865,0.20414473068777314,0.9429037918683777,0
COIN,2025-01-22,295.8500061035156,0.005642624318751288,0.15851514179554305,0.08005984083220996,-0.4835274619745361,57.0348589814724,0.7577402387667007,-3.4791249804695386,4.23686521923624,300.7696742838331,241.01532327476062,0.2205832619151109,0.91766845263585,0
COIN,2025-01-23,296.010009765625,0.0005408269691007384,0.0766741266919646,0.06207175501756357,0.7296405704089131,57.090043431065105,2.04621951795923,-2.3740560807837854,4.420275598743015,303.5293121320584,239.98568725759003,0.23382473324867215,0.8816670849154745,1
COIN,2025-01-24,298.0,0.006722712640530704,0.05812589153630543,0.11131831729609809,-0.15357873565211355,57.815742537716815,3.1911387494937458,-1.2610171147282792,4.452155864222025,307.0481061204395,239.4518938795605,0.24737863583121328,0.8661447761570338,0
COIN,2025-01-27,277.989990234375,-0.0671476837772651,-0.05919189150416804,-0.005829357382433842,0.25355156555672775,48.86642147841195,2.455548892617685,-0.5177039132590864,2.973252805876771,306.9097433486508,239.42725616306797,0.2470361232934778,0.5714480256967425,1
COIN,2025-01-28,281.82000732421875,0.013777535970322718,-0.042047639330134,0.027003402074341265,-0.630960551688074,50.447479562084766,2.1567770188406143,0.017192273160853755,2.1395847456797608,307.49966312660604,239.57833675132363,0.24830582253513317,0.6219205782216217,0
COIN,2025-01-29,291.0,0.032573956558095585,-0.016393462915186285,0.09517898971893768,0.38509055484213794,54.11004642815905,2.630424943506739,0.5398388072300307,2.090586136276708,309.4138592729907,240.19314145943116,0.25189168886609536,0.7339834105363231,0
COIN,2025-01-30,301.29998779296875,0.03539514705487545,0.017870943052000987,0.1789794595059344,0.38069662238846536,57.87244758398664,3.793191717615798,1.1905093893071843,2.602682328308614,312.3849294151036,241.79607034075576,0.2547501957138382,0.8429647147227635,0
COIN,2025-01-31,291.3299865722656,-0.03308994896990758,-0.022382595395081806,0.1732983608201497,-0.24578871201157737,53.31578883796555,3.865636338213676,1.7255347790884827,2.1401015591251933,312.3235598025229,246.1604383053872,0.23693828908720732,0.6826997766245642,0
COIN,2025-02-03,284.4100036621094,-0.02375307462021159,0.02309440502631621,0.10575021620721814,0.4610023793076983,50.35239559614589,3.326320679601622,2.0456919591911107,1.2806287204105113,312.06679292850964,249.1372064001036,0.2242663509301102,0.5605121407572549,0
COIN,2025-02-04,280.3900146484375,-0.014134485292042642,-0.0050741346909983776,0.0359875151361666,-0.3681771856646039,48.66034570412033,2.545190248776805,2.1455916171082494,0.3995986316685558,312.20480102276747,249.97320038104115,0.22139464897711564,0.48876798850971315,0
COIN,2025-02-05,275.1400146484375,-0.0187239192757368,-0.054501667874785276,-0.043855972647020125,-0.11123305895069424,46.464347453579684,1.4853850366060897,2.0135503010078177,-0.5281652644017281,311.51598322346103,249.40001866862883,0.22148045106683262,0.4143861592471443,0
COIN,2025-02-06,270.3699951171875,-0.017336698689010888,-0.10265514081943494,0.0228502585849093,0.2569135201886015,44.499375945336496,0.25761147430296205,1.6623625356668468,-1.4047510613638847,311.27030223515345,250.24970051142856,0.21734079436263262,0.3297295345735036,1
COIN,2025-02-07,274.489990234375,0.015238359254331257,-0.05780385512671349,0.05569008855390756,0.17385414650847753,46.59995609342157,-0.37859454350137867,1.254171119833202,-1.6327656633345806,310.5752907373157,252.39271005614128,0.20669942376536804,0.3797920257150698,0
COIN,2025-02-10,280.2200012207031,0.02087511818349186,-0.014732261128142854,0.08285030737515209,-0.29976159074769204,49.46466174001877,-0.41563719052413717,0.9202094577617341,-1.3358466482858713,309.6351530913277,255.47684794627,0.1916728190008992,0.45686720085056237,0
COIN,2025-02-11,266.8999938964844,-0.04753410629574517,-0.04811163039763511,0.06249998861057726,0.25230902966423985,43.60814135707512,-1.5024872880947555,0.43567010859043626,-1.9381573966851917,307.32638838498235,259.35561234743955,0.16930403992200851,0.15727036692382165,0
COIN,2025-02-12,274.8999938964844,0.029973773634115464,-0.0008723585780854304,0.07647726495955287,-0.07985538684020244,47.619439681521236,-1.698709019375542,0.00879428299724061,-1.7075033023727828,304.8497439871069,263.78525662324466,0.14443179656470365,0.2706654334864767,0
COIN,2025-02-13,298.1099853515625,0.08443067286432182,0.10260010628158489,0.08431234602736448,1.970421826868674,57.144088406947006,0.018423803181349285,0.010720187034062346,0.0077036161472869395,306.39093029676144,264.5620695811682,0.1465229562662296,0.80202795860247,0
COIN,2025-02-14,274.30999755859375,-0.0798362650110539,-0.0006557349345510666,-0.025991574751648483,0.01955005767134743,47.58831958723797,-0.5350286960000972,-0.09842958957276955,-0.43659910642732763,306.5577654394293,263.6632337060785,0.15044879721241242,0.2482079515099901,0
COIN,2025-02-18,264.6300048828125,-0.0352885157738867,-0.055634845014549295,-0.1044064063776654,-0.39984535306725066,44.34059760213396,-1.734741281221659,-0.42569192790254745,-1.3090493533191114,306.2756029764658,260.8603955586904,0.16015632065352006,0.08300323918914158,0
COIN,2025-02-19,258.6700134277344,-0.02252197915998766,-0.030835446447937898,-0.1207382600322946,-0.41081557830658555,42.42098109454262,-3.1303588212593922,-0.9666253065739165,-2.1637335146854757,306.47212939485837,257.1118702389307,0.17516558024358908,0.031566754620990796,0
COIN,2025-02-20,256.5899963378906,-0.008041199141255895,-0.06660603115723795,-0.1327024132353346,-0.060626962928175154,41.74179312477992,-4.354045051290598,-1.644109255517253,-2.7099357957733448,306.0013543749529,253.6566442822737,0.18705963362720995,0.056039130800863375,0
COIN,2025-02-21,235.3800048828125,-0.08266102247863061,-0.21042562661821695,-0.2048241710840054,1.6865030387301387,35.50016461250799,-6.955119962389176,-2.706311396891638,-4.248808565497538,308.5325898568289,245.06240831211636,0.22930186058271723,-0.15255042909374605,0
COIN,2025-02-24,227.07000732421875,-0.03530460271139435,-0.17221388449133845,-0.23802010965027265,-0.29487365880608296,33.39332458714985,-9.576644328039322,-4.080377983121175,-5.496266344918147,310.4008386759783,236.10116022538887,0.2719099970355244,-0.12155036319808553,0
COIN,2025-02-25,212.49000549316406,-0.06420928066575005,-0.19702980927177127,-0.23561993971792838,0.2529979381443299,30.02631330850369,-12.684486705564012,-5.801199727609743,-6.88328697795427,315.8831217497095,224.06887867753656,0.3400829814484376,-0.12611194948555668,1
COIN,2025-02-26,212.9600067138672,0.0022118744814012548,-0.17671165709602965,-0.2443403549100467,-0.48187933599252264,30.270391081725464,-14.937360417294258,-7.628431865546646,-7.308928551747612,318.61372924429384,214.4522711219171,0.39080135687070217,-0.014326454669026378,1
COIN,2025-02-27,208.3699951171875,-0.021553397126094276,-0.18792627112868654,-0.2839519068137887,0.02677981604756341,29.1992072300594,-16.8983608553674,-9.482417663510798,-7.415943191856602,319.2055515100868,205.59744836784287,0.43295523527369106,0.024404480601821488,1
COIN,2025-02-28,215.6199951171875,0.0347938770931131,-0.08394939823143777,-0.28436772700652835,0.11739087399782244,33.21903619218814,-17.663835718753887,-11.118701274559417,-6.5451344441944705,315.4901328504207,200.74486775993086,0.44454663071982714,0.1296360886484152,1
COIN,2025-03-03,205.75,-0.04577495288330402,-0.09389178066910997,-0.2937561889154763,0.7713925059792719,30.666362329621535,-18.84961950176674,-12.664884920000882,-6.184734581765857,313.5012006413863,194.1758013117387,0.47008392686917566,0.09699694074592198,0
COIN,2025-03-04,212.5500030517578,0.033049832572334514,0.0002823547321884057,-0.2526634073523102,-0.1835814924552126,34.40616086622546,-19.021391515647764,-13.93618623913026,-5.085205276517504,310.8046664893805,189.68633540270937,0.4839980364433616,0.1887713234150115,0
COIN,2025-03-05,222.4499969482422,0.04657724655065576,0.04456231186696824,-0.2066408027148986,-0.2663905243895903,39.52086258883386,-18.149459631468716,-14.778840917597952,-3.3706187138707637,307.37701184332343,187.3199882787469,0.4853759919100036,0.29261102454867605,0
COIN,2025-03-06,214.1699981689453,-0.03722184262930517,0.02783511632035074,-0.22159632635549997,-0.12275611588878688,36.927366332678695,-17.920003389717124,-15.407073412021788,-2.512929977695336,304.5780097803995,184.02198869372162,0.49347532322214355,0.25007468895765683,0
COIN,2025-03-07,217.4499969482422,0.015314931163745493,0.00848716200953481,-0.19573177173749623,0.02494824755514302,38.64502585179636,-17.27436109381719,-15.780530948380868,-1.4938301454363234,301.759318760351,181.54867989687554,0.4974494078205053,0.2986534086399804,0
COIN,2025-03-10,179.22999572753906,-0.17576455165368576,-0.12889430995120743,-0.34704360048064997,1.1664403199034252,28.80213795514466,-19.62054616057489,-16.548533990819674,-3.072012169755215,301.00424704478564,172.77775216175735,0.5412890109703327,0.050319113625211596,1
COIN,2025-03-11,191.69000244140625,0.06951965078885891,-0.09814161520040987,-0.315930334714295,-0.3901554320861975,34.64616574135266,-20.241168726750857,-17.28706093800591,-2.9541077887449454,296.2053650031396,168.72363432547368,0.548392252846166,0.18015419145824435,0
COIN,2025-03-12,191.72999572753906,0.00020863522157354986,-0.1380984564717742,-0.28164106364910435,-0.15510182565760577,34.66470305021967,-20.493552540937998,-17.92835925859233,-2.5651932823456676,292.7614612657344,164.6505382459844,0.5601554972607047,0.21137508686421697,0
COIN,2025-03-13,177.49000549316406,-0.07427106113646909,-0.1712657841405345,-0.3543470009679257,-0.005968721404209343,31.264291451092987,-21.593698026123775,-18.66142701209862,-2.9322710140251544,287.9152087431386,159.75579192824813,0.572560727063784,0.138376203681784,1
COIN,2025-03-14,183.1199951171875,0.03172003746566032,-0.15787538428536274,-0.3857300858230789,-0.010983952967759447,34.02003422318917,-21.760437361875717,-19.28122908205404,-2.479208279821677,274.2519415028721,161.92006014507714,0.5150806605347504,0.18872589612013332,1
COIN,2025-03-17,188.9600067138672,0.031891719923552664,0.05428784923434038,-0.31114429515641495,-0.23670460314774078,36.84837410763935,-21.17722153047191,-19.660427571737614,-1.5167939587342971,264.72060736135705,162.91639520211953,0.47612443052855863,0.25582056930032937,1
COIN,2025-03-18,181.13999938964844,-0.04138445727333295,-0.055036793350673685,-0.31549712410781383,0.026564123882768742,34.703178497012345,-21.10276844021604,-19.9488957454333,-1.1538726947827378,256.5367396497932,162.75126236436697,0.44735588347342664,0.19607232972027516,1
COIN,2025-03-19,189.75,0.0475322989917355,-0.010327000321602053,-0.26643990354525116,0.10609864744472342,38.91948310643372,-20.117111201836877,-19.982538836714017,-0.1345723651228603,247.74603321678975,164.64996745459698,0.40299161789596005,0.3020604202518465,1
COIN,2025-03-20,190.3800048828125,0.0033201838356389235,0.07262380410566216,-0.25803808566211395,-0.18015181469820118,39.228700473407876,-19.06536099647971,-19.799103268667157,0.7337422721874454,237.5020793557779,168.272922170101,0.3412194291188326,0.3193319637478603,0
COIN,2025-03-21,189.86000061035156,-0.0027314017182688,0.03680649668459646,-0.19338942700389428,0.09330157785055082,39.05296361806048,-18.065552931436315,-19.45239320122099,1.386840269784674,232.0729302013321,169.15007089730074,0.3136552945954512,0.3291320506111199,0
COIN,2025-03-24,203.0399932861328,0.06941953351633279,0.07451305076203907,-0.10582645555551073,0.2920025051737283,45.69350712692388,-16.02495685014128,-18.76690593100505,2.741949080863769,228.35141183525647,170.46858785956775,0.2902704178325083,0.5627127909351025,0
COIN,2025-03-25,204.22999572753906,0.005860926323659088,0.1274704450463311,-0.03887246247866816,-0.16985088782338376,46.262809971711526,-14.14864967602142,-17.84325468000832,3.6946050039869007,227.3829103633534,170.6110883549083,0.2852898395014928,0.5921759454475457,0
COIN,2025-03-26,193.9499969482422,-0.05033540123563096,0.022134371268733632,-0.08926563282450883,-0.09702070401259255,42.1518941305741,-13.337427152469473,-16.942089174500552,3.6046620220310785,225.7281377301366,170.3648600115626,0.27954686416687224,0.42600687510896657,0
COIN,2025-03-27,188.5800018310547,-0.02768752359723181,-0.009454790448533701,-0.0949752543546536,-0.23717209773104286,40.14509203010895,-12.978236157297317,-16.149318571059904,3.171082413762587,224.59933090059258,169.51466751249336,0.27953670059880936,0.34610966366875,0
COIN,2025-03-28,173.92999267578125,-0.07768591055799279,-0.08390397073295797,-0.19334942670204647,0.8502847243978402,35.218894119321874,-13.717580282784866,-15.662970913404898,1.9453906306200324,222.9071068060636,167.03789136288168,0.28654920927579824,0.12336134055629835,0
COIN,2025-03-31,172.22999572753906,-0.009774029896103764,-0.15174349181136426,-0.16291618115412365,-0.22498555805661247,34.686980846498244,-14.276125091698589,-15.385601749063637,1.1094766573650485,222.50180972274674,164.09118801895247,0.30218147791089134,0.13933780314579175,0
COIN,2025-04-01,174.52000427246094,0.013296223664457152,-0.14547320215740434,-0.17892259813346711,-0.2945009188695976,36.08729650598733,-14.368361794908509,-15.182153758232612,0.8137919633241033,220.27244833847058,162.51754952529896,0.3017576171555345,0.2078170855426153,0
COIN,2025-04-02,182.9499969482422,0.04830387617124021,-0.056715649255387635,-0.17756799524340083,0.49527296573583257,41.094091633077255,-13.604406955253836,-14.866604397636857,1.2621974423830213,214.50910878079148,164.33088908297808,0.2649045506322563,0.37105955487048636,0
COIN,2025-04-03,170.75999450683594,-0.06663024129404538,-0.09449574266195715,-0.20268947113622304,0.16416928587091584,36.62598779595226,-13.823252709194946,-14.657934059948476,0.8346813507535291,210.7860914852913,163.7129060122673,0.25139285171694425,0.14970494186349637,0
COIN,2025-04-04,160.5500030517578,-0.059791472145247715,-0.0769274431521696,-0.26166932487944716,0.5247483309265188,33.35477938444561,-14.651655365147121,-14.656678320988206,0.0050229558410848085,206.26663022815225,162.5423678797579,0.23711060507043827,-0.045566573819472475,1
COIN,2025-04-07,157.27999877929688,-0.020367512988503367,-0.0868025159327791,-0.12246832266631313,-0.09053037582013346,32.357979701890784,-15.3945733952188,-14.804257335834325,-0.5903160593844738,208.24966447033722,158.36433394274871,0.2721408933838894,-0.02173655365182277,1
COIN,2025-04-08,151.47000122070312,-0.03694047306515191,-0.1320765670838061,-0.2098179389037107,-0.1610585811631715,30.6077557658559,-16.26467053575857,-15.096339975819173,-1.1683305599393954,209.64564274225762,152.946355548758,0.31274428261372106,-0.026038322545686714,1
COIN,2025-04-09,177.08999633789062,0.16914237083722772,-0.032030613326598734,-0.07635737608033355,0.37244319715041296,44.78929289072893,-14.717257909616535,-15.020523562578648,0.3032656529621125,208.53274708520885,152.59525126684193,0.3097931817728265,0.4378949166867408,0
COIN,2025-04-10,169.6199951171875,-0.04218194915115503,-0.006676033182952623,-0.044340583314025905,-0.2662013370035391,42.08843657796227,-13.933077084409007,-14.80303426694472,0.869957182535714,208.53992815503227,151.80106915942088,0.3149175887199867,0.3140515384552388,1
COIN,2025-04-11,175.5,0.03466575316636522,0.09311738812874792,-0.04161203211211906,-0.30608325964827665,44.904763229714824,-12.690848674185503,-14.380597148392878,1.6897484742073754,208.19678977317142,151.38220802956295,0.3160061187710248,0.4245000355590976,0
COIN,2025-04-14,176.5800018310547,0.00615385658720613,0.12271110886032321,-0.06551653494360277,-0.1727568764238735,45.429698288394434,-11.486813748892786,-13.80184046849286,2.315026719600075,207.27431657192855,151.0666807425246,0.3137103275965957,0.453912012345897,1
COIN,2025-04-15,175.57000732421875,-0.005719755897399259,0.1591074530223322,-0.030749652667537708,-0.1645532199592351,44.99791766886241,-10.493147044449358,-13.14010178368416,2.6469547392348023,207.02401911610434,150.75997899180584,0.3145140108101138,0.440957106485823,1
COIN,2025-04-16,172.2100067138672,-0.019137668566287513,-0.027556551611827573,-0.09243738227210974,-0.026594654995809708,43.516154384957964,-9.863087458096345,-12.484698918566599,2.6216114604702536,205.81341053150803,150.21658824778885,0.31231538058220576,0.3955876894158181,1
COIN,2025-04-17,175.02999877929688,0.016375308957017776,0.03189484623184713,-0.0806282472414277,-0.019400386477127052,45.148704476443875,-9.03209454096961,-11.794178043047202,2.7620835020775925,204.4496898940197,150.0453082749256,0.30694019323322624,0.4592404097026349,1
COIN,2025-04-21,175.0,-0.0001713922156549863,-0.002849002849002802,-0.07826820058243145,-0.013774803426140902,45.133759881371,-8.280494926857273,-11.091441419809218,2.8109464929519454,203.0602644284615,149.94873367944865,0.3009075181294804,0.4716728357714857,1
COIN,2025-04-22,190.0,0.08571428571428563,0.07599953578993102,-0.06422376732329915,1.5336815241260608,53.433829624903495,-6.400689019198268,-10.153290939687029,3.752601920488761,200.21483107680478,151.4901677024921,0.2770768885482265,0.7903560462114968,1
COIN,2025-04-23,194.8000030517578,0.025263173956620033,0.10952893390286045,-0.04617339701833856,-0.22931209494807525,55.74116870216491,-4.472058061556538,-9.017044364060931,4.544986302504393,197.71112848668184,153.05087102503688,0.2546470685183381,0.9348161967623192,1
COIN,2025-04-24,203.8699951171875,0.04656053348736244,0.1838452306428655,0.05114719425127179,-0.30694413487062067,59.7950455399812,-2.1865266557738323,-7.650940822403511,5.464414166629679,200.28756452624685,151.46643480236645,0.27758677835683143,1.0733786909725755,0
COIN,2025-04-25,209.63999938964844,0.028302371171119445,0.197737535575218,0.1116767279356643,0.17839078443411394,62.16899977937502,0.08933477682515445,-6.102885702557778,6.192220479382932,205.16512949625607,148.69486958821656,0.31916724158787474,1.0792429484241721,0
COIN,2025-04-28,205.27000427246094,-0.020845235307719978,0.1729714529854911,0.18018750598753752,-0.05417509211130267,59.312535743331665,1.5227954365863354,-4.5777494747289555,6.100544911315291,209.3850941911217,147.60890605301893,0.34609090402558784,0.9333871181973652,0
COIN,2025-04-29,206.1300048828125,0.004189606822485592,0.0848947625411185,0.19682987862870238,-0.44192177539938615,59.70491804901113,2.6971273932183237,-3.1227741011395,5.819901494357824,213.27467298597728,147.10932817369067,0.3671935746280373,0.892017972196254,0
COIN,2025-04-30,202.88999938964844,-0.01571826234131246,0.04152975467737097,0.16256013306587036,0.12091941056194044,57.456786135209846,3.3279895718289367,-1.8326213665458129,5.16061093837475,216.07324922867986,147.14775144270686,0.37952374812342565,0.8087318878716269,0
COIN,2025-05-01,201.3000030517578,-0.007836740808683462,-0.012606033879347556,0.10030066362180357,0.30901161571686164,56.33572161840696,3.6574916896911986,-0.7345987552984106,4.392090444989609,218.10011026808564,146.95589101365266,0.38977153644723234,0.7638584358309475,1
COIN,2025-05-02,204.92999267578125,0.018032735067023742,-0.02246711852499539,0.200105406817505,-0.01760315222962583,58.33447880653816,4.163539624523196,0.24502892066591075,3.9185107038572853,220.6999357624871,147.77306533614575,0.3958329115506635,0.7837567553014081,0
COIN,2025-05-05,199.39999389648438,-0.026984819094030166,-0.02859653263408679,0.2419806297493634,-0.1670552557350855,54.25960019397361,4.071428677971596,1.010308872127048,3.061119805844548,221.44917621573111,150.90882396737433,0.3788845799669612,0.6874245503961122,1
COIN,2025-05-06,196.88999938964844,-0.01258773612670705,-0.04482610621591521,0.2518438512066261,-0.08536418266878065,52.46809899869471,3.7526364523163807,1.5587743881649145,2.193862064151466,220.9589093269409,155.36009091719973,0.3486341022759058,0.6330892762891851,1
COIN,2025-05-07,196.55999755859375,-0.001676072081251867,-0.031199181083824468,0.2976826828712513,0.03276548388477507,52.223959207749424,3.4337804433876613,1.933775599209464,1.5000048441781972,218.44724917871645,162.38075069921325,0.29444525348700573,0.6096197869727098,1
COIN,2025-05-08,206.5,0.05056981361857815,0.02583207585399383,0.1660737719255163,1.98195080506455,58.48946824372412,3.937767748602539,2.334574029088079,1.60319371951446,220.06001192029893,163.70898832384168,0.2936715761857194,0.7593652953421871,1
COIN,2025-05-09,199.32000732421875,-0.034769940318553294,-0.027375130786434165,0.1750973532720128,0.1385823488533704,53.074970707034865,3.71499180278434,2.610657583827331,1.1043342189570087,219.6726184470616,167.06638301778213,0.2720503245342408,0.6131140927161832,1
COIN,2025-05-12,207.22000122070312,0.03963472609969387,0.03921769089059457,0.1807407476963141,-0.08788955212949057,57.71339761618496,4.128315098483512,2.9141890867585674,1.2141260117249444,220.5372207909832,169.37378079593083,0.2624365036473467,0.7397121934809722,1
COIN,2025-05-13,256.8999938964844,0.23974516158248993,0.3047894494025327,0.4548646009318593,1.6176710697126646,74.67004605418458,8.36817390431034,4.004986050268922,4.363187854041417,235.34793029607664,162.5950704973804,0.3656446257561239,1.296236651865525,1
COIN,2025-05-14,263.4100036621094,0.025340638070424193,0.34009975037564755,0.5003132236343746,-0.5310539635471254,76.02664312400651,12.11395381719538,5.626779603654214,6.4871742135411665,248.0950025364783,158.6319978907678,0.43991672326515896,1.1711880926231042,0
COIN,2025-05-15,244.44000244140625,-0.07201701133961869,0.18372882538211255,0.41942972482169205,0.4127895250399298,65.08747492492766,13.397354462764895,7.1808945754763505,6.216459887288544,252.76672515266748,161.1832748473325,0.4424855673648265,0.9090804868838167,1
COIN,2025-05-16,266.4599914550781,0.09008341021821997,0.33684518193724444,0.5223675559243384,1.8022895991850971,70.40979388510146,16.006771705110708,8.946070001403223,7.060701703707485,261.9348835636679,161.15811570391025,0.4763811645865737,1.0449022923389193,0
COIN,2025-05-19,263.989990234375,-0.009269688883554394,0.2739599878353829,0.5085142299107144,-0.8287480637499569,69.13660614788897,17.671736436292917,10.691203288381162,6.980533147911755,268.4693728834605,163.52262540755515,0.48587357122854363,0.9573175657481533,1
COIN,2025-05-20,261.3800048828125,-0.009886683011144926,0.01743873527740636,0.375684236225329,-0.30657039943397435,67.74265619735675,18.566604714031342,12.266283573511199,6.300321140520143,274.2566167011284,164.8733820781685,0.49818156321374435,0.8822798405742789,0
COIN,2025-05-21,258.989990234375,-0.009143831218111131,-0.016779975575279105,0.32951738283886,0.3621501287016209,66.42197473032074,18.86547066094218,13.586120990997397,5.279349669944782,278.8629231225094,166.68607437504917,0.5035443885072367,0.8228428315643486,0
COIN,2025-05-22,271.95001220703125,0.050040628832519696,0.11254299415341928,0.33393838583608315,0.32905175348995575,69.85403503801274,19.9184816808598,14.852593128969879,5.06588855188992,285.6006031222297,166.7563960843133,0.5254443160882892,0.8851387774345338,0
COIN,2025-05-23,263.1600036621094,-0.03232214800648803,-0.012384552648779468,0.2552948121936678,-0.40499048912173286,65.00126397240189,19.815301807629282,15.84513486470176,3.9701669429275217,289.93783451838175,167.7711651154073,0.5338180787387595,0.7808090292783213,0
COIN,2025-05-27,266.3999938964844,0.012311864224379132,0.009129147889167077,0.29780283700332455,-0.15131911778952245,65.94050193251243,19.76710822983324,16.629529537728057,3.1375786921051834,294.1324499244538,169.6895486717376,0.5365976673351259,0.7771471433983133,0
COIN,2025-05-28,254.2899932861328,-0.045457961290559123,-0.027125302105103333,0.233638903907754,0.05337053712981166,59.51195737666296,18.538043603328703,17.01123235084819,1.5268112524805133,296.06526702307053,172.5727304134529,0.527027416834012,0.6617182310458408,1
COIN,2025-05-29,248.83999633789062,-0.02143221161718989,-0.03919068025485872,0.22647738718750565,-0.07608394639567506,56.82691427598495,16.92908388465966,16.994802657610485,-0.06571877295082373,296.8395315742092,176.39346555713843,0.509034943662817,0.6014852387996165,0
COIN,2025-05-30,246.6199951171875,-0.008921400310939798,-0.09314218037453292,0.22513656919208835,-0.20883832460187135,55.72402692027483,15.298484761148785,16.655539078318146,-1.3570543171693608,296.87974874149194,180.8852475963987,0.48557136681925617,0.5667057220114566,1
COIN,2025-06-02,246.72000122070312,0.00040550687493157156,-0.062471508635920214,0.2039233398648368,0.019288738078373946,55.76567495039707,13.854585823508756,16.09534842735627,-2.2407626038475144,296.78902803966355,185.15496915271925,0.4632656886994367,0.5514896858702677,1
COIN,2025-06-03,258.9100036621094,0.04940824570806357,-0.028115579602022822,0.2984453941183105,0.6073691014867486,60.62732048987555,13.537860801327383,15.583850902150493,-2.0459901008231096,296.69373780968465,191.20126035926066,0.43243926601557287,0.6418348012982094,0
COIN,2025-06-04,256.0,-0.011239440813214263,0.0067246323450214085,0.30021840008934086,-0.3940722271374568,58.961355867456824,12.903299756187039,15.047740672957802,-2.1444409167707636,294.963141186212,198.84285704376845,0.3893038338415542,0.5946418434586467,0
COIN,2025-06-05,244.1999969482422,-0.046093761920928955,-0.018646517673742258,0.2423687422739571,0.9864438839848675,52.64420512361717,11.317779608359274,14.301748460038098,-2.9839688516788243,291.16415330975184,207.40584485919345,0.33599417838285595,0.43928957938265817,0
COIN,2025-06-06,251.27000427246094,0.028951709306193063,0.018854955994398903,0.2168038947818931,-0.38521036761082206,55.706296854180955,10.510574611185632,13.543513690267606,-3.0329390790819737,288.2415382844824,214.80546031170906,0.2919650775283616,0.49654808600033407,0
COIN,2025-06-09,256.6300048828125,0.021331637359067734,0.04016700556532671,0.2875275710048111,-0.17600065215619143,57.92742598394807,10.18594881181906,12.872000714577897,-2.6860519027588374,281.69108458814,227.08691376391081,0.21464831813126323,0.5410409255000118,1
COIN,2025-06-10,254.94000244140625,-0.006585365737642346,-0.015333518074041597,0.23028665640185064,-0.03409840390449814,56.95760689677872,9.680718161014369,12.233744203865193,-2.5530260428508242,272.6839353750565,240.86606309906466,0.12391343538323538,0.4423281110774049,0
COIN,2025-06-11,250.67999267578125,-0.016709852219461307,-0.020781278610229492,-0.024211760873802946,0.02186753158074417,54.48153212834876,8.834730767701416,11.553941516632438,-2.7192107489310224,272.60415337545396,240.32384497659677,0.1258668214742352,0.32081935436376163,1
COIN,2025-06-12,241.0500030517578,-0.03841546954438624,-0.012899238066542695,-0.08488667969890007,0.29053975042181057,49.267513560408766,7.303035138913572,10.703760241088665,-3.400725102175093,272.524581651486,238.16741663952962,0.13455141309019733,0.08390058991261486,1
COIN,2025-06-13,242.7100067138672,0.006886553167779752,-0.03406692964955671,-0.007077383858044128,-0.08577013190426264,50.15309673046672,6.152185178989782,9.793445228668888,-3.641260049679106,272.6849523500354,237.83404636822632,0.1365312792248977,0.13990914176480626,1
COIN,2025-06-16,261.57000732421875,0.0777059045306927,0.019249512322855766,-0.018351663618077385,0.7039800642813654,58.92573707850893,6.684913205755748,9.171738824086262,-2.4868256183305135,271.90782857210013,238.1221717330757,0.1324849786044304,0.6940174554800845,1
COIN,2025-06-17,253.85000610351562,-0.029514091847442248,-0.004275501402103976,-0.03841048716224782,-0.24794136953974755,54.68337435901954,6.410270813613096,8.61944522199163,-2.2091744083785336,270.8668848824336,238.1491170096562,0.12855300325003732,0.47988876120498514,1
COIN,2025-06-18,295.2900085449219,0.16324601711653197,0.1779560282931607,0.12973449777580592,3.136021125204402,68.00098840348258,9.42779881152103,8.781115939897509,0.6466828716235202,280.61064173909574,231.79636051920502,0.19052932924317761,1.3007186921323473,1
COIN,2025-06-20,308.3800048828125,0.044329289712148334,0.27931964728744574,0.19070240747042622,-0.15935919731369363,70.90921801558446,12.728735853229125,9.570639922563831,3.1580959306652936,292.45954474683333,224.88645897631125,0.2612297583598752,1.2356035684095439,1
COIN,2025-06-23,307.5899963378906,-0.002561802102643118,0.26731485241360886,0.1310534382463171,-0.4421871822249339,70.49281493983379,15.106862644679211,10.677884466986907,4.428978177692304,300.39008708502087,220.51991505120958,0.30665631954182876,1.0901451576919332,1
COIN,2025-06-24,344.82000732421875,0.12103778220872496,0.31827043494635365,0.31030552715358173,0.6902932145359668,77.26768484545363,19.76782482327536,12.495872538244598,7.271952285030764,319.5060726223605,209.5699298800809,0.41557788379098626,1.2302603499669902,0
COIN,2025-06-25,355.3699951171875,0.03059563705376611,0.3999211604205115,0.3339714837053427,0.016292057200826493,78.75618590461853,24.03589592875676,14.803877216347031,9.232018712409728,337.3558899240166,200.61711270049517,0.5083481013227007,1.131741014209334,0
COIN,2025-06-26,375.07000732421875,0.05543521534657114,0.27017507017058495,0.4749695907309319,-0.09228866198187324,81.2279971949744,28.67742388342691,17.57858654976301,11.098837333663901,357.75728866427363,192.2937153640467,0.6016299291827408,1.1046316014735877,0
COIN,2025-06-27,353.42999267578125,-0.05769593469448331,0.14608595589745899,0.4203102309801987,0.05951467590258441,71.40016418951681,30.260871410048992,20.11504352182021,10.145827888228784,369.01990191484816,191.49010174726124,0.6334580971175912,0.9121842686447563,1
COIN,2025-06-30,350.489990234375,-0.008318485986850699,0.1394713560494285,0.42117426475428776,-0.6128467193555951,70.15821064521901,30.92208085683393,22.27645098882295,8.645629868010978,378.0011059038766,192.89589726995155,0.6484714671993601,0.8513757885446153,1
COIN,2025-07-01,335.3299865722656,-0.04325374214530853,-0.027521665072729018,0.35915201407727193,0.1696266343653141,63.97839161754053,29.878389038883597,23.79683859883508,6.081550440048517,383.1066294861332,196.65137222285114,0.6432175380543528,0.7437634979291299,1
COIN,2025-07-02,354.45001220703125,0.057018538157622034,-0.002588803001932871,0.36900856356870015,-0.04865939187182555,67.82746651681697,30.245431522306887,25.086557183529443,5.158874338777444,390.94290597661984,198.36909658685667,0.6535546825860566,0.8104991852982035,1
COIN,2025-07-03,355.79998779296875,0.0038086487218089715,-0.051377127349435225,0.3898437023162842,-0.46335977459557676,68.08675685279435,30.2960134974021,26.128448446303974,4.167565051098126,397.8234413729779,201.46855996979554,0.6552895115010036,0.7859821295009166,1
COIN,2025-07-07,357.1000061035156,0.0036537896434760686,0.010383989768239843,0.4623260055945144,0.1761556016288055,68.35128107286299,30.09409469927357,26.921577696897895,3.172517002375674,403.0271977917765,207.55480446652433,0.6402821983035112,0.7650451252630786,1
COIN,2025-07-08,354.82000732421875,-0.0063847626444339944,0.012354181889611793,0.41210650412324945,0.23457572952202188,67.29770814093906,29.411063320063477,27.41947482153101,1.9915884985324652,407.1202950163263,213.8167075471503,0.6226189989359352,0.7294396427047828,1
COIN,2025-07-09,373.8500061035156,0.05363282336530739,0.1148719800605984,0.4567665471316593,0.35987673343605553,71.27724771338885,30.05881854301873,27.947343565828554,2.111474977190177,413.4502171959458,219.20878548960104,0.6140477915648642,0.7961289167580993,1
COIN,2025-07-10,388.9599914550781,0.04041723981510037,0.09736204841175145,0.525692271633496,0.3023930384336475,73.98431962126557,31.429123391976987,28.643699531058243,2.785423860918744,420.8084538816298,225.2525477052842,0.6053790762668025,0.8371388364111496,1
COIN,2025-07-11,387.05999755859375,-0.004884805476719101,0.08785837784742823,0.5440402460008069,-0.03172559391239793,73.05197059657988,31.992990944096846,29.313557813665966,2.67943313043088,425.378734554503,234.32026752069225,0.5792292134224969,0.7994397338636232,1
COIN,2025-07-14,394.010009765625,0.017955904125636524,0.10336041173690136,0.6345571656392963,-0.25284223641177384,74.32647791614957,32.62459195507529,29.975764641947833,2.6488273131274553,427.42038707638085,247.5746156702012,0.5328803048152354,0.8142276182001583,1
COIN,2025-07-15,388.0199890136719,-0.015202712122761253,0.09356851644252528,0.598697945203025,0.3540145107628172,71.20091435403454,32.26980941702425,30.43457359696312,1.8352358200611292,425.445873631191,264.0801273453715,0.46804832901813775,0.768067973042876,1
COIN,2025-07-16,398.20001220703125,0.026235821559699835,0.06513309002534373,0.5223458388081099,-0.15000621695392946,73.25901806697978,32.436180396459974,30.83489495686249,1.6012854395974827,425.46814931594054,277.7208521489032,0.42022072830848745,0.8154407042852297,0
COIN,2025-07-17,410.75,0.031516794094028855,0.056021207897004155,0.6180815053142181,0.17307987015700976,75.57630174111603,33.19802357583916,31.307520680657827,1.8905028951813314,422.0775706494966,296.80143020499565,0.3485319234407794,0.9095791855551708,0
COIN,2025-07-18,419.7799987792969,0.021984172317216943,0.08453470114991646,0.42158551468712013,0.6664113298298744,77.11310343255097,34.13692598565751,31.873401741657766,2.263524243999747,426.1666102258149,305.16138965211474,0.3309191514447632,0.9472203644087557,0
COIN,2025-07-21,413.6300048828125,-0.014650516733451635,0.04979567683790154,0.34129968977721514,-0.39357949200376297,73.71127801592485,33.99291068553174,32.297303530432565,1.6956071550991751,428.6975384132941,313.1554614646356,0.3114958811723366,0.8695926719650632,0
COIN,2025-07-22,404.44000244140625,-0.022217929871915176,0.042317442123209315,0.31486721693356023,-0.14474001210475906,68.82523623859572,32.75958898001579,32.389760620349215,0.36982835966657746,427.0591699965995,324.4788304916817,0.27298776492544724,0.779498024042815,0
COIN,2025-07-23,397.80999755859375,-0.01639304926018792,-0.000979444089606707,0.15367434925129175,-0.14577221416842434,65.45434588049459,30.891093362763115,32.090027168831995,-1.1989338060688794,428.4359822457535,328.40101726596527,0.26435009135210574,0.6938471993932557,0
COIN,2025-07-24,396.70001220703125,-0.0027902399597159455,-0.034205691522747994,0.11630136943951808,-0.36423446900234857,64.8814109716691,28.98659120310697,31.469339975686992,-2.482748772580024,429.9045306306279,331.0654705900752,0.25977123902913624,0.6640546924467597,0
COIN,2025-07-25,391.6600036621094,-0.01270483587051563,-0.06698745818990737,0.04423173278035497,0.09345191407534847,62.21833303010555,26.762076394059477,30.527887259361492,-3.765810865302015,430.90795159139645,331.7210492630958,0.2601183595619,0.6043031185772944,0
COIN,2025-07-28,379.489990234375,-0.03107290331905732,-0.08253756798448375,0.0737345389430486,0.30394640935753703,56.21789893749029,23.743414701635402,29.17099274781628,-5.4275780461808765,430.46484810282067,334.7701525075309,0.25010538074960936,0.46731783249483766,0
COIN,2025-07-29,371.44000244140625,-0.02121264855496463,-0.08159430274155666,0.05977349650705244,-0.17175078080635997,52.60403182895902,20.465621874210058,27.429918573095037,-6.964296698884979,429.42252129391505,337.90748053713963,0.23852850934642475,0.3664154179135193,0
COIN,2025-07-30,377.4800109863281,0.016261061019874123,-0.051104765332779745,0.12569715236301704,0.18911159437368097,54.94434455625084,18.14614815403621,25.573164489283272,-7.42701633524706,425.663049622423,345.8819546500379,0.20680866192015787,0.3960594467552414,0
COIN,2025-07-31,377.760009765625,0.0007417578974984185,-0.04774389175345373,0.06576385034789789,0.1145225225225226,55.05513844619081,16.144439037672612,23.687419398961143,-7.5429803612885316,424.25428548784237,349.6217185404779,0.19287990985344794,0.3770242988559133,0
COIN,2025-08-01,314.69000244140625,-0.16695787191277733,-0.19652249527911003,-0.11554240236647617,1.5334809881013967,34.48467540042101,9.360940552690352,20.822123629706983,-11.461183077016631,432.5217054802313,337.24330001293276,0.24755192763343836,-0.23670943547924156,0
COIN,2025-08-04,318.1700134277344,0.011058536843654876,-0.16158522855574953,-0.10901705967626418,-0.6137348367376891,35.907642542720055,4.217164091255199,17.501131722016627,-13.283967630761428,437.96328184295464,327.90872438263125,0.28739673617971895,-0.08848984703253067,1
COIN,2025-08-05,297.989990234375,-0.06342528315586482,-0.19774394713616716,-0.1601657626874321,0.39297396418423314,31.61894795350794,-1.470721471917841,13.706761083229734,-15.177482555147575,446.02403403876514,314.16497047783645,0.3469112622716159,-0.12266870252712969,1
COIN,2025-08-06,303.5799865722656,0.01875900708441236,-0.19577202040703312,-0.18796313597435887,-0.05225363053623422,33.97152596210482,-5.464356077399259,9.872537651103936,-15.336893728503195,450.87121967867097,302.2907828848056,0.3945510694595696,0.008676806417311998,1
COIN,2025-08-07,310.7900085449219,0.023749991078347854,-0.17728187073653867,-0.20097178277314998,-0.13298754278063152,36.98297752476204,-7.955841766753679,6.306861767532413,-14.262703534286093,452.25709681864413,293.08790745381685,0.4271020492589039,0.11121562635172141,1
COIN,2025-08-08,310.5400085449219,-0.0008044016639096041,-0.013187561931704783,-0.19769542059713408,-0.33220275380307707,36.92009997727986,-9.837138625743648,3.078061688877201,-12.915200314620849,452.75847777416004,284.93452759693366,0.45499672344813186,0.15257346118327075,1
COIN,2025-08-11,319.6199951171875,0.02923934540612394,0.004557254386835741,-0.18880234716038824,0.5846895329486266,40.853368674750236,-10.47465559923603,0.36751823125455463,-10.842173830490584,450.9163966729621,279.3376072332879,0.4699153678634304,0.23477486940810127,1
COIN,2025-08-12,322.6199951171875,0.009386146191824096,0.08265379942272721,-0.16854800203135933,-0.32163607102915903,42.13712720722702,-10.615449175627646,-1.8290752501218857,-8.78637392550576,448.9480556194622,274.76594889713937,0.48135618665736957,0.2747357183842998,0
COIN,2025-08-13,327.010009765625,0.013607385515094661,0.07717907711212701,-0.178779508435558,0.5480608777820222,44.0508380277944,-10.25458315468444,-3.514176831034397,-6.740406323650043,444.95246545891484,271.64253881354614,0.48370397675692833,0.3194708579236389,0
COIN,2025-08-14,324.8900146484375,-0.0064829670465039735,0.045368273483211485,-0.20903222240185637,-0.3893686930999104,43.30597281128906,-10.024108439308804,-4.8161631526892785,-5.207945286619526,438.1901892492701,269.81881648803466,0.4756192969209403,0.3270817197558778,0
COIN,2025-08-15,317.54998779296875,-0.022592343637927392,0.022573514056668964,-0.24353235333653067,-0.16189544429792846,40.73755345470833,-10.314831434942846,-5.915896809139992,-4.398934625802854,428.55585578889423,269.23014884977766,0.4566606549284941,0.3032771036858204,1
COIN,2025-08-18,320.7300109863281,0.01001424442010257,0.0034729237409996117,-0.22459684452244788,0.1164289702075827,42.33328800066436,-10.17138086128341,-6.766993619568676,-3.4043872417147343,418.6792675542648,269.8167376947587,0.43242815855021194,0.3420153704200816,0
COIN,2025-08-19,302.07000732421875,-0.05817978680799163,-0.06369719206493774,-0.25311540524980214,0.1737623312269856,36.17747470137034,-11.431624939168216,-7.699919883488585,-3.7317050556796314,410.1328213174694,268.12618441983534,0.41873866973064383,0.23902983442141457,1
COIN,2025-08-20,304.3900146484375,0.007680363054808792,-0.06917217957150523,-0.23483568407904665,-0.17016373442295962,37.39636688124346,-12.103648918038687,-8.580665690398606,-3.522983227640081,401.3819560996181,267.53505134667097,0.40018986888652075,0.27535162930956786,1
COIN,2025-08-21,300.2799987792969,-0.013502466149842629,-0.07574876037901945,-0.2430552318143473,-0.329848430043289,36.08169590645984,-12.820094624173066,-9.428551477153498,-3.3915431470195685,391.3727256906691,267.9022804128465,0.37456431423834674,0.262230514303215,1
COIN,2025-08-22,319.8500061035156,0.06517253031762049,0.007243011805896815,-0.18334779371688215,1.2685517289410453,45.84426823019776,-11.674174355261755,-9.87767605277515,-1.7964983024866044,380.51969042918245,271.57431591847376,0.3341400885461467,0.443118309536828,0
COIN,2025-08-25,306.0,-0.043301565856569746,-0.04592651289796523,-0.1936546210059117,-0.34962238663924106,41.064082171409346,-11.748178342517576,-10.251776510723635,-1.496401831793941,371.29831303219134,273.44669429202736,0.30353587116947767,0.33268029826277035,0
COIN,2025-08-26,308.4800109863281,0.008104611066431788,0.02122025857148202,-0.16950245272790698,-0.08596986039485954,42.22575113708189,-11.47444066590242,-10.496309341759392,-0.9781313241430283,362.6499981708347,275.7990100078763,0.2720686759643225,0.37628818819116383,0
COIN,2025-08-27,308.9700012207031,0.001588401896149838,0.015046441577774461,-0.18149307982325547,-0.25810158287499674,42.46704015532996,-11.090123428593927,-10.6150721591263,-0.47505126946762744,349.6226763152313,281.97533088691716,0.21421012940803338,0.3990499577310423,0
COIN,2025-08-28,308.4700012207031,-0.0016182800855246704,0.027274552000467578,-0.18342335544705146,0.09505246854497673,42.27302580827449,-10.702523046901035,-10.632562336681247,-0.06996071021978878,329.55558387323595,295.1134224744203,0.11027331610445561,0.3877973449930501,0
COIN,2025-08-29,304.5400085449219,-0.012740275100428411,-0.04786617872890975,-0.03225394457319708,0.0506793802145411,40.6991389995254,-10.590385148806263,-10.62412689910625,0.033741750299986606,329.3513705631783,294.3026363948295,0.11239800843838312,0.29208964012564415,0
COIN,2025-09-02,303.55999755859375,-0.003218004067874647,-0.007973864187602153,-0.04591889635274815,0.030780167589315344,40.29623781124433,-10.460017185974095,-10.591304956479819,0.1312877705057236,328.72529690393515,293.46770846715856,0.11333328447094307,0.28624445229805046,1
COIN,2025-09-03,302.30999755859375,-0.004117802115078506,-0.020001339496865556,0.014497155830036412,-0.23391392390203813,39.75563810280896,-10.338389668815239,-10.540721898946902,0.20233223013166324,328.36145555621897,294.26355054729663,0.10952950708585364,0.23598068588646776,1
COIN,2025-09-04,306.79998779296875,0.014852271743030165,-0.0070233790308473765,0.01060676382873682,0.18981765246705495,42.72781806586014,-9.767105188882397,-10.385998556934002,0.6188933680516051,328.2740029461102,294.6730032794757,0.10787755404820636,0.3609114203091707,1
COIN,2025-09-05,299.07000732421875,-0.025195504486024478,-0.030472959637196317,-0.03771035393182243,0.8299043755433209,39.14705584919809,-9.824848209930622,-10.273768487533326,0.4489202776027046,328.58217305570827,293.1928330478073,0.11383326656912676,0.16607188139420828,1
COIN,2025-09-08,302.20001220703125,0.010465793313133132,-0.0076837074677675865,-0.026856431082644794,-0.2237089821412862,41.29246397719343,-9.508437387223523,-10.120702267471366,0.6122648802478423,328.58769695217575,292.35330951755077,0.11670798693302777,0.2717502181386716,1
COIN,2025-09-09,318.7799987792969,0.054864281609978915,0.050138362574486894,-0.0026281094760127743,0.1742047347604856,51.122613909334795,-7.829558897716993,-9.662473593520492,1.832914695803499,328.46008155896953,292.3969252769679,0.11617218098508589,0.7315797124362131,1
COIN,2025-09-10,315.3399963378906,-0.010791148925839211,0.04310144846192654,-0.022565243597665097,-0.1637342804474342,49.27892855863783,-6.699388664538105,-9.069856607724015,2.3704679431859095,327.3378170760276,292.79118988198024,0.11141754959508507,0.6527064517544484,1
COIN,2025-09-11,323.95001220703125,0.02730391313861391,0.0558996906663356,-0.009357504257398452,-0.11103545379004709,53.77261688513851,-5.050742473317882,-8.266033780842788,3.2152913075249057,326.59704075170174,293.2259664504467,0.10767936624969912,0.9206789532523099,1
COIN,2025-09-12,323.0400085449219,-0.002809086673309924,0.08014846234553197,-0.0056942535015042095,-0.10039336855907666,53.23578039948126,-3.774102672919753,-7.367647559258182,3.593544886338429,326.1721113877896,293.46589520400727,0.10556555871605343,0.9042352430722086,1
COIN,2025-09-15,327.0199890136719,0.012320394884451469,0.08213095898102396,0.029822080254266137,-0.004690160764279749,55.33598265257886,-2.4133852685717443,-6.376795101120895,3.963409832549151,328.07414041064544,292.51086630322175,0.11461209575699864,0.9703584266794627,1
COIN,2025-09-16,327.9100036621094,0.00272159096794633,0.02864045711077856,0.02238640735146946,0.07800606069393501,55.813879535864515,-1.2487948485539277,-5.351195050607502,4.102400202053574,329.5737458989493,291.72926008249595,0.12182296062344676,0.956037393534447,0
COIN,2025-09-17,320.55999755859375,-0.022414705319845463,0.016553565298801587,0.06121094377479608,0.19990853945580978,50.96416112163589,-0.9084604496915176,-4.462648130424306,3.554187680732788,330.53960072865044,292.6124042762323,0.12172694991849038,0.7368747467908237,1
COIN,2025-09-18,343.1300048828125,0.0704080593215417,0.05920664285551447,0.12727089710586825,0.9419472716674886,61.90931318462533,1.1689925604624136,-3.336319992246962,4.505312552709375,336.80593329618654,290.2200707321338,0.1485930799193732,1.1357508745905638,0
COIN,2025-09-19,342.4599914550781,-0.0019526518176782304,0.06011633976122721,0.14046887187708812,-0.2339115125977662,61.470668755503716,2.7298564680804702,-2.123084700181476,4.852941168261946,341.3780282726605,289.8659750232379,0.16320805577704978,1.0210040779616902,0
COIN,2025-09-22,331.95001220703125,-0.030689655756256484,0.015075601978425945,0.03783025128222017,-0.34292990559142866,54.8996968032167,3.0832431626027414,-1.0818191276246325,4.1650622902273735,342.951438672498,289.502565233752,0.16902058682094712,0.7941691609632386,1
COIN,2025-09-23,320.07000732421875,-0.03578853576123131,-0.02390898798552432,0.045980416092218146,-0.05444517068583943,48.57842390555852,2.3772837085414835,-0.3899985603914093,2.7672822689328926,343.2592241839891,290.60178045468274,0.16614823547734528,0.559621295348516,1
COIN,2025-09-24,321.7699890136719,0.005311280815297081,0.003774617744863651,0.04308213678043726,-0.4094277155919912,49.47493117501144,1.932701094876677,0.07454137066220795,1.858159724214469,343.69556071570173,291.4944417257045,0.16436379284736163,0.5799788945859333,1
COIN,2025-09-25,306.69000244140625,-0.04686573355859136,-0.10619882237885736,-0.007379353239113429,0.8204649061563103,42.4112526466753,0.35939440780890664,0.1315119780915477,0.22788242971735895,343.7594883083081,291.2025142551684,0.1655436824281013,0.29467998234789233,1
COIN,2025-09-26,312.5899963378906,0.01923764664487737,-0.08722185324560949,0.013356226216110212,-0.24257498336209715,45.67900215030782,-0.4066941604910994,0.023870750375018263,-0.4305649108661177,343.73161770005873,291.6423843751366,0.16396400593915855,0.4021485943570535,1
COIN,2025-09-29,333.989990234375,0.06846026471478095,0.00614543742228113,0.09670316169676285,0.7969410853636743,55.53454659708499,0.7048507097682091,0.16006674225365644,0.5447839675145526,345.4037325521988,292.91526769194184,0.1644584129257674,0.7825476064462688,1
COIN,2025-09-30,337.489990234375,0.010479355975740123,0.054425539761713715,0.11177359648394392,-0.44682208833011494,56.91148184849515,1.8468889903444392,0.49743119187181306,1.3494577984726261,347.24064007496946,294.4713594367493,0.1644640607573881,0.8152210960114513,1
COIN,2025-10-01,346.1700134277344,0.02571935003859349,0.07583064066619882,0.14508291562749154,0.3249883889912655,60.2028767933531,3.4130246616012414,1.0805498858176987,2.3324747757835427,350.2223968026904,295.8756042959424,0.1682308021827526,0.925434727827721,1
COIN,2025-10-02,372.07000732421875,0.0748187101477269,0.2131794462237271,0.21274453105680946,0.7809337509469805,68.04626234594986,6.667255544936836,2.1978910176415263,4.46936452729531,360.13366858507044,292.4913344666874,0.20729311259016686,1.1764625495959105,1
COIN,2025-10-03,380.0199890136719,0.02136689744660214,0.21571385350058847,0.27067234997488754,-0.13346962616822433,70.0006676124051,9.775073089216676,3.7133274319565563,6.061745657260119,369.42293125758465,291.2970699631185,0.23648704791780462,1.135640843896051,0
COIN,2025-10-06,386.07000732421875,0.015920263368907284,0.1559328680877441,0.27753140876688587,-0.36306619187878253,71.43265151424086,12.581198573591053,5.486901660283456,7.094296913307597,378.579798041461,290.52720269096085,0.2631943627973269,1.0850651732971912,0
COIN,2025-10-07,375.7799987792969,-0.026653219234097136,0.11345524208979008,0.17880670123053477,0.05214540434832626,65.68930593537999,13.815499071171587,7.152621142461083,6.662877928710504,384.40936009565104,290.39764063677086,0.2786329109118363,0.908209727829427,0
COIN,2025-10-08,387.2699890136719,0.03057637519745504,0.11872771757140499,0.2281029793591658,-0.22123700294107995,68.71416113277829,15.541682453258318,8.83043340462053,6.711249048637788,391.7554276485637,290.2445723514363,0.29768579266019757,0.9558132120770463,0
COIN,2025-10-09,387.0,-0.0006971596594910201,0.04012683737437439,0.19462875572504856,-0.03843993934969392,68.56120579090263,16.695454555474896,10.403437634791404,6.292016920683492,398.17602582069946,290.1289729585974,0.31395109160538603,0.8965633441667015,0
COIN,2025-10-10,357.010009765625,-0.07749351481750644,-0.060549391909010986,0.10515725706458201,1.5147612790188347,54.143933019996474,15.016781573495223,11.326106422532167,3.690675150963056,399.21164322190015,292.4903556794671,0.30857591191564826,0.604562178473573,0
COIN,2025-10-13,356.989990234375,-5.607554606978926e-05,-0.07532317076737471,0.09164577771253657,-0.4009150235723078,54.13574929392674,13.528853530152332,11.766655844056201,1.7621976860961315,400.163995240021,294.5350037834165,0.30410002491752774,0.5912674691835607,0
COIN,2025-10-14,341.54998779296875,-0.04325051924080392,-0.09109056122604353,0.041596730744800636,-0.08454799193673435,48.09761250935122,10.97724186519713,11.608773048284387,-0.6315311830872581,400.13655440659403,295.92644302992943,0.2994272408113977,0.43780343538962607,0
COIN,2025-10-15,336.29998779296875,-0.01537110287698884,-0.13161360979846992,0.0491015421582599,-0.1586597501587974,46.21025663425291,8.434215724674345,10.97386158356238,-2.5396458588880346,399.6360408751521,298.0009555848089,0.29136953976372526,0.3768288490018006,0
COIN,2025-10-16,330.25,-0.017989854334140576,-0.14664082687338498,-0.0375368073311203,-0.04220301234381485,44.06441265387291,5.863079799473269,9.951705226744558,-4.088625427271289,399.61816771254223,296.7308282591374,0.295505098875993,0.32578519299784797,0
COIN,2025-10-17,336.0199890136719,0.017471579148135907,-0.05879392783897841,-0.01880512352419128,0.2573864606734193,46.61076574392425,4.242125365725769,8.809789254540801,-4.567663888815032,399.52687471261794,296.17812101492115,0.297105107286513,0.3855089352629381,1
COIN,2025-10-20,343.7799987792969,0.02309389327820388,-0.03700381471874148,0.035637855512074657,-0.2117833895790453,49.913139309899236,3.54283562981135,7.756398529594912,-4.213562899783562,399.6203580541797,297.26763633058596,0.29374224422951606,0.454432101711167,1
COIN,2025-10-21,338.6199951171875,-0.015009609868030904,-0.008578517875858505,0.057956032644377986,-0.2005805861534179,47.7960604548652,2.54296063711962,6.713710951099854,-4.170750313980234,399.03259475523095,299.7103984088315,0.28428820701770935,0.3917512715149147,1
COIN,2025-10-22,320.3299865722656,-0.05401337430942965,-0.047487367827484084,-0.0044752540341637115,1.11208940622461,41.13580705613731,0.2715711647649073,5.425282993832864,-5.153711829067957,399.1329656488471,299.4660272710748,0.2853337591031908,0.20933681359920164,1
COIN,2025-10-23,322.760009765625,0.0075859997353422415,-0.022679758468962863,0.05239821055884919,-0.5394181098776869,42.286494304266256,-1.317254305726692,4.076775533920952,-5.3940298396476445,397.5025142806554,302.70347937168833,0.2707747027827795,0.21156893013938807,1
COIN,2025-10-24,354.4599914550781,0.09821533253909731,0.05487769491194161,0.13394540966668878,1.3680882252676074,54.721172592035494,-0.018275672842264612,3.257765292568309,-3.2760409654105738,396.19648721089834,308.1965059531642,0.2498604674144956,0.5257215381264404,0
COIN,2025-10-27,361.42999267578125,0.019663717736071895,0.05134095630681368,0.08215815815962157,-0.30265383535711976,56.91903762968062,1.5556623924405244,2.9173447125427523,-1.361682320102228,396.8840560160155,310.2529373921876,0.24501933693580377,0.590746790490102,0
COIN,2025-10-28,355.2200012207031,-0.01718172697595899,0.04902252183238853,0.05253492399586501,-0.32621822197908823,54.386032557903576,2.2756924711892452,2.7890142642720512,-0.513321793082806,397.1056476594817,311.8043468473542,0.2406548122416263,0.5089682567557798,0
COIN,2025-10-29,348.6099853515625,-0.018608231086159277,0.08828395705912784,0.007048478577528439,0.15820031250957434,51.7463343126651,2.2865900707197397,2.688529425561589,-0.4019393548418493,397.1417352455925,312.01225645362626,0.24008742752187207,0.42990664828773756,0
COIN,2025-10-30,328.510009765625,-0.05765748667717385,0.017815094268262666,-0.11707473513347699,0.18347992857615236,44.649548639195075,0.6656532136877331,2.283954183186818,-1.618300969499085,395.64725016939724,309.1507417739622,0.24545049612566514,0.2238156007772971,0
COIN,2025-10-31,343.7799987792969,0.04648256844461529,-0.03013031917068909,-0.09536337898549652,0.5375236094191804,50.23356299816068,0.6062214297683113,1.9484076325031168,-1.3421862027348055,391.95862567697134,309.2153672429505,0.23601348386996038,0.41773350712201024,0
COIN,2025-11-03,330.4200134277344,-0.03886202047530829,-0.08579802417190152,-0.14414482565528564,-0.3209641426733444,45.87307446824834,-0.513004257242244,1.4561252545540446,-1.9691295117962886,386.5288197293563,309.0801738009171,0.22267867911074835,0.27553534824268955,0
COIN,2025-11-04,307.32000732421875,-0.0699110379661303,-0.1348459932770606,-0.18218104124079804,0.32955457786056064,39.49013684912881,-3.2267798065224724,0.5195442423387411,-3.7463240488612133,384.7612714384415,304.00172294632415,0.23450606130271398,0.041088446380039945,0
COIN,2025-11-05,319.29998779296875,0.03898210394128765,-0.08407675852725649,-0.17551063379275578,-0.3385425472814666,43.8534326916545,-4.360516854103537,-0.4564679769497145,-3.9040488771538224,377.41220065218886,304.55379361050643,0.21367167176848162,0.20239523180936408,0
COIN,2025-11-06,295.2200012207031,-0.0754149310769121,-0.10133635979211897,-0.23715761958474646,0.4839267238756011,37.93256314176042,-7.119990485704193,-1.7891724787006102,-5.330818007003582,371.51535510112495,301.2726392836407,0.20881084800485505,-0.08616748359594277,0
COIN,2025-11-07,309.1400146484375,0.04715132230261032,-0.10076206950334499,-0.1340858626026029,-0.01697946059452715,42.744983342790505,-8.090403336903023,-3.049418650341093,-5.04098468656193,369.7256300609053,298.2753648121416,0.2139226312450111,0.15205891536538244,0
COIN,2025-11-10,317.92999267578125,0.028433646926425693,-0.03780043654857124,-0.10941482570127425,-0.2532000467281921,45.6126611675603,-8.057305148773253,-4.050995950027525,-4.006309198745727,366.7365354253916,297.35845969179593,0.20894021561283735,0.296513455676946,0
COIN,2025-11-11,304.010009765625,-0.04378316997714515,-0.010770524143264626,-0.10991064081108581,-0.20722250776553663,42.02310657095105,-9.049978365735058,-5.050792433169033,-3.999185932566025,366.7078776637394,293.63311965071375,0.22132431065226615,0.14200375611317875,0
COIN,2025-11-12,304.0,-3.2925776466075085e-05,-0.04791728273691365,-0.09604516492832316,-0.017983989175780812,42.02054570567993,-9.725378635362006,-5.985709673607627,-3.7396689617543784,366.76906866653667,290.34192986861956,0.23261561279080664,0.17870707115562814,0
COIN,2025-11-13,283.1400146484375,-0.06861837286698191,-0.04091859129569875,-0.14264946359292208,0.5944514610482805,36.96504076514584,-11.807752280517832,-7.150118194989668,-4.657634085528164,369.44968532641434,282.95031467358564,0.2651728100945086,0.00219307924924953,0
COIN,2025-11-14,284.0,0.0030373147809230616,-0.08132242174157689,-0.1548121859249132,0.06078581394302174,37.299954106255726,-13.236077504027946,-8.367310056797324,-4.868767447230622,370.46756579047627,276.7304353081566,0.2896706427498195,0.07755266941113126,0
COIN,2025-11-17,263.95001220703125,-0.07059854856679137,-0.169785744384921,-0.232212423223364,0.34261082071821325,32.90976261913842,-15.803726463151293,-9.854593338068119,-5.949133125083174,372.4553149379207,266.7596875034855,0.3307044641654005,-0.02658270133451971,0
COIN,2025-11-18,261.7900085449219,-0.008183381557926084,-0.13887701017888332,-0.2268914644147838,-0.31397891596723637,32.46642489029374,-17.807625780659464,-11.44519982658639,-6.362425954073075,373.71785016758156,257.8141536165981,0.3670556546825218,0.034303089949981706,0
COIN,2025-11-19,257.2900085449219,-0.017189349681494104,-0.15365128768117808,-0.19679699269466333,0.2241282417430559,31.513945831011043,-19.53367082109287,-13.062894025487687,-6.4707767956051825,376.11267983294124,249.11532614850412,0.40624333033541676,0.0643689191881131,1
COIN,2025-11-20,238.16000366210938,-0.0743519151443165,-0.15886137126247535,-0.26211427544864885,0.16834872396950473,27.7824818179822,-22.189419651729793,-14.88819915073611,-7.301220500993683,379.81300729748364,236.9549980736101,0.4632471463493618,0.008434987964944208,1
COIN,2025-11-21,240.41000366210938,0.009447430153688652,-0.15348590259820638,-0.3217570121942033,-0.20147253964777578,28.849584071841818,-23.837776488818747,-16.678114618352637,-7.15966187046611,376.78255185821723,228.58045473357964,0.4896305043779193,0.07982038822690284,1
COIN,2025-11-24,255.97000122070312,0.0647227541349027,-0.03023303889855078,-0.29178539023373307,-0.192852821360868,35.90319571543155,-23.616315214185022,-18.065754737519114,-5.550560476665908,368.86931311135226,225.94769433493678,0.48055659803682077,0.21006134091395093,1
COIN,2025-11-25,254.1199951171875,-0.007227433272231409,-0.029298342860240356,-0.28461236911234844,-0.1479641807751504,35.453169832491525,-23.321252705687698,-19.116854331152833,-4.204398374534865,360.836678063387,223.87032877255047,0.4684956659986387,0.2208547318466115,1
COIN,2025-11-26,264.9700012207031,0.04269638876119197,0.029849556612068673,-0.23992423523529027,0.16468628669958818,40.188301161553795,-21.958781561647925,-19.68523977725185,-2.2735417843960732,352.26440032975825,224.07860809309332,0.4448246629639603,0.3190009782996345,1
COIN,2025-11-28,272.82000732421875,0.02962601829396183,0.1455324283219419,-0.16952300017018718,-0.09582750042802612,43.422210075376334,-20.01486457658814,-19.75116473711911,-0.26369983946902664,346.88741305454,223.88659512417095,0.43099656315063717,0.39782997400675074,0
COIN,2025-12-01,259.8399963378906,-0.04757719609215727,0.08082023368332725,-0.24416778968951836,0.34991868832007844,39.60872334830245,-19.299205540746016,-19.660772897844495,0.36156735709847965,337.1157781108657,225.26422982370468,0.3977792478717496,0.30912193030549906,1
COIN,2025-12-02,263.260009765625,0.01316199767524262,0.02847993323497411,-0.20325646429645772,-0.25248983027072525,41.077081502065056,-18.245748466682926,-19.377768011612183,1.132019544929257,329.1902001174973,226.47380745086204,0.36970684178783625,0.358133705436406,1
COIN,2025-12-03,276.9200134277344,0.05188787949324536,0.08972146524728464,-0.09891967061035756,0.04497036194849491,46.65601207011954,-16.122774700947446,-18.726769349479238,2.603994648531792,325.759449795495,226.86455838321595,0.35791022448774185,0.5061480358560099,0
COIN,2025-12-04,274.04998779296875,-0.010364096112954302,0.034267979508754154,-0.141716259724193,-0.31663620902743295,45.677450390434764,-14.504688756196515,-17.882353230822694,3.3776644746261795,319.16633211432725,228.9326760643837,0.32926042449805826,0.5000053605676025,0
COIN,2025-12-05,269.7300109863281,-0.015763462868329525,-0.01132613538206706,-0.0863423552908903,0.1088697211401719,44.17554415362478,-13.416275538973196,-16.989137692452797,3.5728621534796012,316.80069063089894,228.74931852437447,0.32279853589540847,0.4654179881759849,0
COIN,2025-12-08,274.20001220703125,0.016572131533890477,0.055264840176749264,-0.11302322826483968,-0.17237053042447903,46.14864161943538,-12.054056817970434,-16.002121517556326,3.948064699585892,311.61661163321264,230.4393972779202,0.2995159652168011,0.5390750997882453,0
COIN,2025-12-09,277.3599853515625,0.01152433626496463,0.05355912429878895,-0.1276067318555606,0.32669698500926403,47.55971474022143,-10.597345639638434,-14.921166341972748,4.323820702334315,303.2841258170256,234.71488236168537,0.25490472068886455,0.6219275704514995,0
COIN,2025-12-10,275.0899963378906,-0.008184270022925544,-0.006608468153643687,-0.09512849083498964,-0.13432191554731732,46.61478058361873,-9.516361980900456,-13.84020546975829,4.323843488857834,297.8254561920192,237.28155064391822,0.22628709687841408,0.6244797944845879,0
COIN,2025-12-11,269.0199890136719,-0.0220655327530086,-0.018354311269288548,-0.11506582561292145,0.16880298008388817,44.09203973201518,-9.045206000847998,-12.881205575976232,3.835999575128234,290.7907359246093,240.81826981269535,0.1880045882315542,0.5643451563470658,0
COIN,2025-12-12,267.4599914550781,-0.00579881652777281,-0.008415895298224951,-0.05537904351961187,0.026437964264204084,43.4413533330252,-8.697431679260546,-12.044450796633097,3.3470191173725503,288.66438939571,241.37661402225885,0.17843063109652257,0.5515881689681541,0
COIN,2025-12-15,250.4199981689453,-0.06371043831052692,-0.0867250655704973,-0.118239443067094,0.3307213671870224,37.01556890873457,-9.68515859338629,-11.572592355983737,1.8874337625974462,286.0616817991309,240.62132143573234,0.17255297810753684,0.2156381827707872,0
COIN,2025-12-16,252.61000061035156,0.00874531769594844,-0.08923415794762013,-0.04296272427441705,-0.3654611095290151,38.27918264080866,-10.173945484131707,-11.292862981613332,1.1189174974816254,285.9913113092355,239.55769076595976,0.17670519917239635,0.28109610432439036,0
COIN,2025-12-17,244.19000244140625,-0.03333200644709655,-0.11232685414896071,-0.06722947984661354,0.22035787705938548,35.343289929765504,-11.112636543245458,-11.256817693939757,0.14418115069429938,286.557589188913,237.2314122759307,0.18834369097111736,0.14107296776215592,0
COIN,2025-12-18,239.1999969482422,-0.02043492953550141,-0.1108467522237323,-0.07030980992610614,0.1022599205172312,33.69397538423779,-12.119501639803559,-11.429354483112519,-0.6901471566910402,287.6130981799829,234.3669021251928,0.2040162305975696,0.09076882821969379,0
COIN,2025-12-19,245.1199951171875,0.024749156540442074,-0.08352649761316844,0.02922401472983105,0.14222676639939724,37.42479319490427,-12.297991515198987,-11.603081889529813,-0.6949096256691742,286.86394381016817,235.81205564051538,0.19534812474001773,0.18232311889700326,0
COIN,2025-12-22,247.89999389648438,0.011341379057909107,-0.010063111136838332,0.031155068925093454,-0.4126919815320833,39.156106879704176,-12.075919674323302,-11.697649446488512,-0.3782702278347898,286.1418587758191,237.28313969830205,0.18668851973042594,0.21729702289857614,0
COIN,2025-12-23,242.3000030517578,-0.022589717557899403,-0.04081389309086314,-0.053404688454717464,0.12371051322776783,36.93900304372529,-12.21103736296783,-11.800327029784375,-0.41071033318345407,286.859600999299,235.19839765792756,0.19791365508908224,0.1374649627671977,0
COIN,2025-12-24,239.72999572753906,-0.010606716020840401,-0.018264493506188417,-0.05662678917891717,-0.44761714399931474,35.93342255090681,-12.38275650827697,-11.916812925482896,-0.46594358279407366,287.7046757642233,232.91432295403848,0.2104815726858833,0.12439548978837087,0
COIN,2025-12-26,236.89999389648438,-0.011804955080677804,-0.009615397496244515,-0.10593654826924437,0.5315843887309382,34.809675202824934,-12.60193539772547,-12.05383741993141,-0.5480979777940593,288.11213725044524,229.69986073539462,0.2256119083461174,0.1232640395248857,1
COIN,2025-12-29,233.77000427246094,-0.013212282417327192,-0.04630381474714185,-0.14313467488970066,0.07372968594427665,33.55962332238775,-12.879730732426594,-12.219016082430446,-0.660714649996148,287.4363374891793,226.47066019148477,0.2372634642954519,0.11972874582092435,1
COIN,2025-12-30,231.60000610351562,-0.00928262022195181,-0.0657522718607857,-0.10868222995836363,-0.1116681859617138,32.68331817749758,-13.123704358761557,-12.39995373769667,-0.7237506210648874,288.0127311991909,223.07026745803563,0.2541366623886111,0.13134300970590582,1
COIN,2025-12-31,226.13999938964844,-0.02357515790145015,-0.06669419504158003,-0.1410013256818753,0.18154314325648868,30.523621147003368,-13.60084999350616,-12.64013298885857,-0.9607170046475897,288.46082977557063,218.91016784405824,0.27416096804040757,0.10395057853956197,1
COIN,2026-01-02,236.52999877929688,0.04594498725431606,-0.013348337735254012,-0.1458544442075067,0.31176065406846165,38.80982163581852,-12.9908547418554,-12.710277339457937,-0.28057740239746387,285.4367052705446,217.89529088424055,0.2683771939884134,0.2759004688364216,1
COIN,2026-01-05,254.9199981689453,0.07774912055365935,0.07606587056450054,-0.06980474539730763,0.5633547179288143,50.14392615920464,-10.897885807150146,-12.347799032996381,1.4499132258462346,282.85533683514853,218.56366035723426,0.2564389336579007,0.5654905860823263,0
COIN,2026-01-06,250.55999755859375,-0.01710340750693884,0.07182270171225191,-0.07107111795841681,-0.3667535577898987,47.87956742870236,-9.48170921688606,-11.774581069774317,2.2928718528882577,280.62699384614893,218.87500200346045,0.24725423464085955,0.5131007860580427,1
COIN,2026-01-07,245.92999267578125,-0.0184786275859129,0.061873860943944425,-0.1030999937006023,-0.13647737100028823,45.52837266681382,-8.633460605856385,-11.146356976990731,2.512896371134346,277.01057223781174,219.66442165867258,0.23092022462919118,0.4580180317571884,1
COIN,2026-01-08,245.58999633789062,-0.0013824923678131817,0.08600865393445511,-0.11454424102814409,-0.07901026853075888,45.35225022371363,-7.897613560284725,-10.496608293649532,2.5989947333648065,271.96372685019935,221.53426814491786,0.20437553634146155,0.47701737854373205,0
COIN,2026-01-09,240.77999877929688,-0.019585478359533837,0.017968122529631536,-0.12472281077226477,0.1750420460476716,42.82809185707941,-7.614797434550468,-9.92024612182972,2.3054486872792523,266.52290833555946,223.5440869036984,0.17539977941537638,0.4010326784536057,1
COIN,2026-01-12,242.97999572753906,0.00913695888111854,-0.0468382336700518,-0.09679575626184955,-0.26493923129125796,44.353607548788936,-7.13094119846528,-9.362385137156833,2.2314439386915534,262.0186013170244,225.44439459362013,0.15005941796701452,0.4794526718387498,0
COIN,2026-01-13,252.69000244140625,0.039962165135418504,0.008500977424835687,-0.05522317163519619,0.5152837694928911,50.616794868374136,-5.895999837480787,-8.669108077221624,2.7731082397408375,258.17464933751154,227.81134767176584,0.12495545901568875,0.8193659254687449,0
COIN,2026-01-14,255.86000061035156,0.012545008264347013,0.0403773766124631,0.02172351442050635,0.19690927218344956,52.49657674623988,-4.6083849589875285,-7.856963453574806,3.248578494587277,259.18394938160753,227.34604787181038,0.13087744512991992,0.8955977431416726,0
COIN,2026-01-15,239.27999877929688,-0.06480107008326141,-0.025693218993790956,-0.05276909781420758,0.11980193437919384,43.228166537111434,-4.8696739044232515,-7.259505543744495,2.389831639321243,257.9770785234592,227.21991854685328,0.1267821530731723,0.39210643120549993,0
COIN,2026-01-16,241.14999389648438,0.00781509163627292,0.0015366522097486346,-0.01244935711752293,-0.3699923133508005,44.42004785575263,-4.869719206690718,-6.78154827633374,1.911829069643022,257.81893845163114,227.07405776418915,0.1268109909913312,0.45783024092348035,0
COIN,2026-01-20,227.72999572753906,-0.05565000418248389,-0.06276236837661442,-0.04795151073177062,0.2801611041141898,38.21886490315405,-5.88480048881965,-6.6021987188309215,0.7173982300112716,258.555413978234,225.190582115516,0.1379435990463553,0.07611048730806298,0
COIN,2026-01-21,226.92999267578125,-0.0035129454475332222,-0.1019431299882877,-0.07420856235212447,-0.13131923877063711,37.8793786141354,-6.676846745456089,-6.6171283241559555,-0.059718421300133606,258.8411279709212,223.0858678786882,0.14838454952787428,0.1075121475043641,0
COIN,2026-01-22,223.13999938964844,-0.01670115634096736,-0.1278824401729457,-0.09987896376139072,-0.16371143750368666,36.2371631907341,-7.523642032079806,-6.7984310657407265,-0.7252109663390796,258.9584475782394,220.4925488206864,0.16045810331593316,0.06882591215790035,0
COIN,2026-01-23,216.9499969482422,-0.027740443032794104,-0.09332163968978902,-0.10462239283629149,0.8303662114885453,33.66970349077208,-8.595135490919034,-7.157771950776388,-1.4373635401426466,260.15941363815386,216.75658215042034,0.18201457644953814,0.004456271427280212,0
COIN,2026-01-26,213.47999572753906,-0.01599447462325143,-0.11474185722278263,-0.10949818741011441,-0.45453214233416317,32.28861242371757,-9.61348362025467,-7.648914284672045,-1.9645693355826248,261.53207251779656,212.75892327077764,0.20566761621070556,0.014784209506534831,0
COIN,2026-01-27,210.8300018310547,-0.012413312486039718,-0.07421066268627996,-0.11004640243604735,0.054821617802896405,31.234897715932846,-10.51317487435108,-8.221766402607852,-2.291408471743228,262.9220421780961,208.76195440393516,0.22964564482416935,0.03818397480711178,0
COIN,2026-01-28,209.42999267578125,-0.006640464559666048,-0.07711629385632846,-0.10411948133564308,0.21178755609135358,30.665527448600685,-11.209934565880332,-8.819400035262348,-2.390534530617984,264.17242885281127,205.077566569552,0.2518694208193612,0.07365151449827857,0
COIN,2026-01-29,199.17999267578125,-0.04894236908974181,-0.10737656529266215,-0.13998278313189672,0.6143412994937325,26.81197576944588,-12.445744186698022,-9.544668865549482,-2.9010753211485394,266.538380675824,199.46961340376583,0.2878438487070393,-0.004318265263617634,0
COIN,2026-01-30,194.74000549316406,-0.022291331187286767,-0.1023737809057299,-0.13885201194495855,-0.34023541011893754,25.327265908448652,-13.626326266730388,-10.361000345785664,-3.265325920944724,269.01718595030394,193.85080873963744,0.32478537325103995,0.011829714115853882,0
COIN,2026-02-02,187.86000061035156,-0.035329180901425006,-0.12001122180031276,-0.20576670367448258,0.2753699898291715,23.184827447326214,-14.944830265763812,-11.277766329781294,-3.667063935982519,271.21209932636543,186.78889554668146,0.368659477707402,0.012687330209184259,0
COIN,2026-02-03,179.66000366210938,-0.043649509856279356,-0.1478442247224515,-0.2952298566115563,0.026170384174078576,20.91408186697933,-16.461665574088357,-12.314546178642706,-4.147119395445651,270.9899260183965,179.4850694039668,0.4062594263578832,0.0019117483444587452,0
COIN,2026-02-04,168.6199951171875,-0.06144945073965968,-0.19486224029894206,-0.3270274714232645,0.3185729126190495,18.313469406947803,-18.343156419531965,-13.520268226820559,-4.822888192711407,271.76128946356863,170.51970571465407,0.45781566403556634,-0.018764133541983762,0
COIN,2026-02-05,146.1199951171875,-0.13343613243709884,-0.2663922055914677,-0.4058471944500768,0.7808042050566528,14.386981157827904,-21.403091909044434,-15.096832963265335,-6.306258945779099,275.4212948409088,156.87870058145452,0.5484274601651867,-0.09075814083096104,0
COIN,2026-02-06,165.1199951171875,0.13003011658166352,-0.15210028520316698,-0.32765993086294076,-0.33212542847976223,28.35609052247291,-22.04089786910069,-16.485645944432406,-5.555251924668283,273.8572171922305,150.39577810806244,0.5820179961099867,0.1192616667872066,0
COIN,2026-02-09,167.25,0.012899739255084253,-0.1097093609251053,-0.30538250333116645,-0.4630640014967562,29.74012828655404,-22.119510150640053,-17.61241878567394,-4.507091364966115,271.7342888034342,145.1657066189291,0.6071891752182816,0.17448479709504497,0
COIN,2026-02-10,162.50999450683594,-0.028340840018918123,-0.0954581365117183,-0.3311795317954348,-0.1679427414418232,28.424177929838052,-22.307146876079827,-18.551364403755116,-3.755782472324711,268.69185902831316,140.1611362719798,0.6287380757082655,0.17387950332485688,1
COIN,2026-02-11,153.1999969482422,-0.05728876914214731,-0.09144821857116481,-0.39372355270064074,0.5759462151394423,25.9915061317636,-22.942621074462267,-19.429615737896548,-3.513005336565719,263.38872533753386,135.5152694134427,0.6411239677051548,0.13829865945984585,1
COIN,2026-02-12,141.08999633789062,-0.07904700294767542,-0.03442375408829468,-0.44856563745281874,0.4353912006779759,23.209027534839592,-24.145085283428557,-20.37270964700295,-3.7723756364256076,256.9310867510613,130.4959075726692,0.6526916349702984,0.083790673086909,1
COIN,2026-02-13,164.32000732421875,0.1646467615655438,-0.004844887455338065,-0.3132731186789184,0.6216320342638133,37.11594450862128,-22.958922915094718,-20.889952300621303,-2.0689706144734146,250.64571793047008,129.28527724775256,0.6388551722440455,0.28868327998297516,0
COIN,2026-02-17,166.02000427246094,0.010345647958059923,-0.007354234544329263,-0.31154879338820807,-0.4825501926868476,38.00083583658111,-21.632340984886866,-21.038430037474416,-0.59391094741245,242.70535409492237,129.71264212089795,0.6068058639601502,0.32132481393941215,0
COIN,2026-02-18,164.0500030517578,-0.011866047283495385,0.009476392818763557,-0.279629358760316,-0.1775965081750206,37.34501520632485,-20.503624857915327,-20.9314690015626,0.42784414364727397,236.77980708999382,129.2701898582484,0.5874040056170076,0.3235042044521357,1
COIN,2026-02-19,165.94000244140625,0.011520873846324386,0.08315930644220715,-0.26876125766906644,-0.4198387494380882,38.442634672877276,-19.23487438139398,-20.592150077528878,1.3572756961348986,230.03601394695585,129.91498397784886,0.5563036665897656,0.35981470101409413,1
COIN,2026-02-20,171.35000610351562,0.03260216694295681,0.2144731061807994,-0.232096412242508,0.7111613782071309,41.596585987991915,-17.590071016413873,-19.991734265305876,2.401663248892003,223.225253614066,131.5467449821254,0.5168305784825533,0.4341613068902263,1
COIN,2026-02-23,160.24000549316406,-0.06483805202574555,-0.024829610815464864,-0.2613965994597707,-0.07352361198346502,37.362916611398965,-16.987218616569606,-19.39083113555862,2.4036125189890143,216.9738073933931,132.12719205729053,0.48608635019441454,0.3313368874469578,1
COIN,2026-02-24,162.02999877929688,0.01117070160241096,-0.02403328147501993,-0.2410061737770829,-0.17678451775649362,38.449868298074385,-16.17852033612752,-18.748368975672403,2.569848639544883,210.52435770921278,133.43164204664657,0.4482708004354439,0.3709605568679787,1
COIN,2026-02-25,183.94000244140625,0.13522189611291213,0.12124351734009498,-0.12754351447189338,1.2784762853230425,49.9081934022065,-13.612747655201161,-17.721244711578155,4.108497056376994,205.13784267394948,136.12915714294508,0.40442636157630674,0.6928235906910674,1
COIN,2026-02-26,181.05999755859375,-0.015657305885542372,0.09111724053714165,-0.13546290459507926,-0.4642912679300156,48.62674015128122,-11.677139845637612,-16.512423738390048,4.835283892752436,199.01578467787303,139.41421562730275,0.35222391039107154,0.6987363352121772,1
COIN,2026-02-27,175.85000610351562,-0.028774944909584987,0.026262035831393415,-0.11713017085125321,-0.10345503899078967,46.31021923899659,-10.443177035750637,-15.298574397862167,4.85539736211153,194.55498549396657,141.54201615398267,0.31546231641490974,0.6471622015644554,1
COIN,2026-03-02,185.24000549316406,0.05339777687650993,0.15601597068758544,-0.04878299133217123,0.07690826836076625,50.85443206850145,-8.608326711613643,-13.960524860612463,5.35219814899882,192.35005649428035,142.79694515366884,0.2957097100493468,0.8565165575125206,1
COIN,2026-03-03,182.36000061035156,-0.015547423868537802,0.12547060411168953,-0.029277121165392606,0.0424155751291968,49.47139588964683,-7.302409306299211,-12.628901749749813,5.3264924434506025,191.23484240368498,143.36215924426426,0.28615129797122696,0.8146157430996853,1
COIN,2026-03-04,208.92999267578125,0.14570076758335704,0.1358594645139004,0.1629187822389262,1.120252868545772,60.22000638800027,-4.076492777755874,-10.918419955351027,6.841927177595153,198.70595802592032,138.81804252339606,0.35486611562471043,1.1707194943098327,0
COIN,2026-03-05,205.7100067138672,-0.015411793781617833,0.1361427675226623,0.2199621199781372,-0.447189920699404,58.5932961807436,-1.7594745169956525,-9.086630867679952,7.3271563506843,204.81528336267513,136.41771834630924,0.40088481872393905,1.013081216428947,0
COIN,2026-03-06,197.22000122070312,-0.04127171851670419,0.12152399417380666,0.3497126184717818,-0.23487357514331697,54.419219889105584,-0.6013612236382073,-7.3895769388716035,6.788215715233396,207.29974644944986,139.04325586988608,0.39415544776406236,0.8523254690775937,0
COIN,2026-03-09,199.7899932861328,0.01303109243242373,0.07854668193424175,0.20996850287174262,0.04864883658267338,55.45372430251264,0.5178592276434983,-5.808089705568583,6.325948933212081,210.788198385143,139.02180375108748,0.41031642432057575,0.8467499286387283,1
COIN,2026-03-10,196.52000427246094,-0.016367131105453847,0.07764862697256203,0.1750074993869115,-0.10099796097674185,53.781170718776785,1.1279859934813032,-4.420874565758606,5.548860559239909,213.30911065951224,139.4278919039643,0.41890257170993955,0.7727554218806039,1
COIN,2026-03-11,198.6300048828125,0.010736823552202956,-0.04929875151507013,0.22226331669992883,-0.12118641723753243,54.72998439548425,1.761470135137472,-3.18440562557939,4.945875760716862,215.78797790119097,140.56102569988326,0.422209415158196,0.7719172116336224,1
COIN,2026-03-12,193.22999572753906,-0.027186271069465695,-0.060667982008708154,0.2612924254353661,-0.16414700420701445,51.79921420427388,1.806945924502827,-2.1861353155629466,3.9930812400657736,216.4294850289412,143.92251845006268,0.402422996841216,0.6800377895251762,1
COIN,2026-03-13,195.52999877929688,0.011902929682826802,-0.008569122963928089,0.38585302894919726,0.5234024927514402,52.95476926466761,2.005459154778265,-1.3478164214947044,3.3532755762729693,214.69618189551053,151.09982182763397,0.3477148980337683,0.6986276715246353,1
COIN,2026-03-16,203.32000732421875,0.039840477643099614,0.01766862283753312,0.23734176157288833,0.07554522909096906,56.73779568639817,2.7595604110872216,-0.5263410549783192,3.285901466065541,216.63249536679714,153.0635083563474,0.3438986971471559,0.790582032707395,0
COIN,2026-03-17,210.22999572753906,0.03398577687586579,0.06976384671796665,0.26629315936243225,-0.08472498850926924,59.8239330897265,3.8701566479350333,0.35295848560435134,3.517198162330682,219.47270424159464,154.64429862705768,0.34656754500568576,0.8574281069164068,0
COIN,2026-03-18,202.2899932861328,-0.0377681710639266,0.018426160768004962,0.2330996008717554,0.054753933712755165,54.97137015341662,4.062787047314089,1.094924197946299,2.9678628493677897,220.1583024945948,157.78269939749504,0.3300811649692844,0.713536890687109,0
COIN,2026-03-19,202.91000366210938,0.003064958211252522,0.05009578299747752,0.22279137445328967,-0.264176096237165,55.27643742005046,4.216868250070007,1.7193130083710406,2.497555241698967,220.61052898289998,161.0274730312602,0.312249071828172,0.7029268633828193,0
COIN,2026-03-20,197.5,-0.02666208449297669,0.010075186585188689,0.15261157260004232,0.4348215248571121,51.96797677728798,3.85796441878378,2.1470432904535883,1.7109211283301917,220.58587076866826,163.66713063514032,0.2962565805632444,0.5944065045271523,0
COIN,2026-03-23,200.6199951171875,0.015797443631329067,-0.013279618875508659,0.2519969311018657,-0.06302846276991525,53.689475352198755,3.7816950512692245,2.473973642616716,1.3077214086525086,218.51570839515887,169.77529197105207,0.25105097145253424,0.632836266267101,0
COIN,2026-03-24,181.0399932861328,-0.09759745941384101,-0.13884794289410962,0.1173239193362563,0.6711185978422172,43.220405039344115,2.1169061408957077,2.402560142272514,-0.2856540013768063,215.32281049278924,174.86918932410526,0.20735238645419518,0.15254021231613502,0
COIN,2026-03-25,181.10000610351562,0.00033148928197301863,-0.10475054568143971,-0.015439797217548179,-0.49923198771180344,43.2569264701474,0.7932474057686818,2.0806975949717477,-1.2874501892030659,215.5471346123668,174.36086557073867,0.21126147205128676,0.16362590469084534,0
COIN,2026-03-26,173.3800048828125,-0.042628387413142454,-0.1455324934519785,-0.04241683850291611,-0.09872034507548522,39.71778030436856,-0.8686875684840061,1.490820562280597,-2.359508130764603,216.49720777325962,172.64279314226775,0.2253914505207167,0.01681043394941964,0
COIN,2026-03-27,161.13999938964844,-0.07059640759288865,-0.18410126891317247,-0.08365087405915705,0.3070746389296577,34.849374657699755,-3.1372844957037955,0.5651995506837184,-3.702484046387514,219.13321681943626,168.5357834247044,0.2610341985707773,-0.14616915402325512,1
COIN,2026-03-30,160.7899932861328,-0.0021720622119979494,-0.19853455687599297,-0.1319909926688786,-0.04187991765596144,34.71832399290338,-4.906843435592862,-0.5292090465715976,-4.377634389021264,221.7335343371338,163.4904646863037,0.30238546818723255,-0.04636554042155315,1
COIN,2026-03-31,174.61000061035156,0.08595066795994843,-0.035516973675638,-0.042498354760150625,0.07557408791358111,43.71807547691095,-5.1348808420002285,-1.450343405657324,-3.6845374363429046,222.11647471811307,162.33252430532445,0.31101108633212465,0.20536408551551297,1
COIN,2026-04-01,172.99000549316406,-0.009277791143260883,-0.04478189032040081,-0.17201928130246513,-0.30291904525033364,42.97025514355303,-5.384255846773129,-2.237125893880485,-3.1471299528926444,220.4119750393811,160.4430252657947,0.31491748684162646,0.20922461164887277,0
COIN,2026-04-02,171.4600067138672,-0.008844434537909396,-0.011073930758296102,-0.16649651879910787,0.0046100174433092445,42.23544462137708,-5.640327267701224,-2.917766168644633,-2.722561099056591,218.9357116394817,158.49428866569409,0.32027884866023865,0.21451708795466493,0
COIN,2026-04-06,174.7899932861328,0.019421360328200077,0.08470891118398027,-0.11373089846738993,-0.1966446055494797,44.461508364411635,-5.511035836535967,-3.4364201022228995,-2.074615734313068,218.1481950568293,157.03880445488943,0.32575430748650536,0.2904821772298918,0
COIN,2026-04-07,175.17999267578125,0.0022312455210751203,0.08949561533994732,-0.1231793454995812,0.07408914837478253,44.73014830882914,-5.31582424158799,-3.8123009300959176,-1.503523311492072,216.83164718477002,155.8943522659136,0.3269817238865259,0.3164833692658699,1
COIN,2026-04-08,175.08999633789062,-0.000513736394870068,0.0027489589706273243,-0.10904746320308001,0.28084044374175177,44.67644504134475,-5.109480685701584,-4.071736881217051,-1.037743804484533,215.76344111647126,154.81955754075528,0.32890814633450827,0.33260825546096984,1
COIN,2026-04-09,169.02000427246094,-0.0346678404956714,-0.02294930975570153,-0.14907113669871197,0.09717008079653966,41.092882807617194,-5.373803697725748,-4.3321502445187905,-1.0416534532069575,214.43114948050479,153.19084911568663,0.33316994412016454,0.2584761188707032,1
COIN,2026-04-10,167.85000610351562,-0.006922246712639191,-0.021054476081853513,-0.1313460134823482,-0.26336832513551967,40.41988574884925,-5.6129876357491355,-4.5883177227648595,-1.024669912984276,213.61880857747119,151.46519105631788,0.34048940837450437,0.26361804349716816,1
COIN,2026-04-13,174.52999877929688,0.039797393106209444,-0.0014874679147697245,-0.10740039958627323,-0.055702817328082355,45.87062100638456,-5.203539879314775,-4.711362154074843,-0.492177725239932,212.13717543652683,150.8468241972622,0.3377027709270924,0.3864095098685361,1
COIN,2026-04-14,184.41000366210938,0.056609207310579945,0.0526887280068038,-0.09300611342176002,0.45497319912847045,52.75514798883731,-4.035299340125476,-4.5761495912849695,0.540850251159493,209.47481637262638,151.61818289495176,0.3204528118519492,0.5667772007476227,1
COIN,2026-04-15,195.89999389648438,0.062306762139801686,0.1188531497735279,-0.0681634501368994,0.08567911215640156,59.246732052703734,-2.1574444335725786,-4.092408559742491,1.9349641261699126,206.2651359190157,153.39486316545694,0.2940014062622584,0.8039514176360356,1
COIN,2026-04-16,199.8300018310547,0.020061296870927725,0.1822861009335197,-0.012160717468602367,-0.049215563491123215,61.20997782696783,-0.34809942159449747,-3.3435467321128924,2.995447310518395,205.72166895756968,153.69233098139514,0.2895231570557078,0.8867625967254682,0
COIN,2026-04-17,206.3300018310547,0.03252764820317311,0.2292522748185537,0.016854753867337147,0.3946848466508839,64.27536050625285,1.5919640427369757,-2.356444577142919,3.9484086198798947,206.57096875520935,153.18503100065,0.2967897007459976,0.9954863221610436,0
COIN,2026-04-20,211.6300048828125,0.0256870208148281,0.21257094117344666,0.07154432852056969,-0.363928170308352,66.59351761264767,3.5166070113108105,-1.1818342594521731,4.6984412707629835,209.86397513956229,151.30502510457836,0.324274508584068,1.0301581524633752,0
COIN,2026-04-21,195.9499969482422,-0.07409161070167214,0.06257791365417087,-0.023277830139600164,0.5170403812390267,55.18452799594114,3.733616031665804,-0.19874420122857772,3.9323602328943816,209.02596035601,151.67604007123612,0.3179905862282092,0.7719968337734655,0
COIN,2026-04-22,206.24000549316406,0.05251344070007735,0.052782092490229804,0.1391958304329075,-0.2000052906203914,60.02470304190175,4.681944395565438,0.7773935181302255,3.9045508774352125,212.5394997348971,150.68250191305214,0.3406016020020698,0.8981603623913936,0
COIN,2026-04-23,197.92999267578125,-0.040292923758956434,-0.00950812759777575,0.09293200444535432,-0.2743122148006084,54.870704717505035,4.708674206401383,1.5636496557844572,3.145024550616926,214.22671402831722,150.67828627685859,0.3483012164717506,0.743554295060244,0
