ticker,date,sentiment_score,article_count,reason
COIN,2024-05-05,1.2,1,"The article is only indirectly relevant to COIN, but it reinforces a positive crypto-wealth effect and broader sector sentiment that could modestly support COIN tomorrow, though the impact is likely limited and more long-term than immediate."
COIN,2024-05-06,-2.8,3,"COIN faces a modest bearish tilt from sector-wide regulatory headline risk and negative crypto sentiment spillover, partially offset by a mostly neutral Zacks mention that is unlikely to move the stock tomorrow."
COIN,2024-05-07,1.8,2,"The articles are mildly bullish but mostly indirect/low-conviction for COIN, with one broad positive stock-picking mention and one favorable CONY income-ETF note that may support sentiment and positioning more than fundamentals, implying a slight upside bias for tomorrow."
COIN,2024-05-08,-2.8,3,"The news flow is mildly bearish for COIN because Ark Invest’s notable sale adds near-term supply/negative signaling, while the Zacks mention is largely noise and not a direct catalyst, making tomorrow’s action more likely to be slightly pressured unless broader crypto sentiment improves."
COIN,2024-05-09,-3.8,4,"COIN faces a mildly bearish near-term setup from Bitcoin weakness and ARK’s reported Coinbase sale, partially offset by the cybersecurity headline being only indirect sector noise rather than a direct company catalyst."
COIN,2024-05-10,-2.8,2,"The news is modestly bearish for COIN because a potential regulatory crackdown on staking raises headline risk for crypto-exposed equities, while the Bitcoin price update is largely neutral and suggests no strong sector catalyst for a breakout tomorrow."
COIN,2024-05-11,-4.2,4,"The news flow is modestly bearish for COIN because the class-action lawsuit headlines create immediate headline/legal risk, while the other items are either broad sector commentary or generic crypto-dip optimism that is less directly actionable for tomorrow."
COIN,2024-05-13,1.2,3,"Net impact is mildly bullish for COIN: the ARK/Bitcoin-company mentions support crypto-sector sentiment and momentum, while the cybersecurity headline is only a broad headline-risk overhang with limited direct COIN relevance."
COIN,2024-05-14,-3.8,3,"The news is modestly bearish for tomorrow because a system-wide outage and brief customer panic create headline risk and potential trust concerns, though the exchange’s quick recovery and assurance that funds are safe should limit downside to a likely mild-to-moderate move."
COIN,2024-05-15,0.8,2,"The articles are only loosely related to COIN, but the IBIT piece reinforces positive Bitcoin-access/ETF adoption sentiment while the Yale 13F item is essentially noise, so the net effect is mildly bullish but likely low-impact for tomorrow."
COIN,2024-05-16,4.2,2,"COIN’s news is modestly bullish because the Australian self-managed pension Bitcoin service expands a high-value institutional-adjacent use case, but the impact is likely limited for tomorrow and the other article is unrelated noise."
COIN,2024-05-17,4.8,2,"Both articles are essentially the same bullish catalyst—BofA upgrade on improved retail engagement, operating leverage, and diversification—supporting a modest positive bias for COIN tomorrow, though the move may be limited by the fact that the news is largely analyst-driven and already partially priced in."
COIN,2024-05-21,2.1,6,"COIN news flow is modestly bullish for tomorrow, led by crypto-sector momentum from Ethereum ETF optimism and broader risk-on sentiment, while the company-specific transcript and market-analysis items appear low-impact/noisy."
COIN,2024-05-22,1.8,6,"Net sentiment is mildly bullish: multiple insider sales are a modest bearish/headline-risk overhang, but the Ethereum ETF approval catalyst is more market-moving and likely to support COIN near term, leaving tomorrow biased slightly positive with elevated volatility."
COIN,2024-05-23,0.4,3,"COIN faces a modestly positive sector backdrop from the Ether ETF approval and broader crypto-stock momentum, but the Supreme Court loss adds immediate headline/legal pressure, leaving tomorrow’s bias roughly neutral to slightly bearish."
COIN,2024-05-24,5.8,5,"COIN is likely to benefit from broadly bullish crypto-sector momentum driven by Bitcoin strength and renewed ETF optimism, with the Nasdaq risk-on backdrop adding support, though some articles are generic sector noise rather than COIN-specific catalysts."
COIN,2024-05-25,-0.8,3,"COIN news is mixed but slightly negative for tomorrow: the sector article is mildly supportive for crypto-linked names, while insider selling adds headline risk and the payments-stock article is largely irrelevant noise, leaving a near-neutral to modestly bearish bias."
COIN,2024-05-26,1.2,1,"The article is mildly bullish but mostly low-signal sentiment/hedge-fund list inclusion rather than a direct catalyst, so it may support COIN modestly without likely driving a large move tomorrow."
COIN,2024-05-28,4.8,1,"The article is modestly bullish because rising earnings estimate revisions typically support near-term momentum in COIN, but the signal is indirect and more short-term sentiment-driven than a major fundamental catalyst."
COIN,2024-05-29,1.8,3,"The articles are broadly positive but mostly low-conviction listicle/hedge-fund sentiment pieces with no new company-specific catalyst, so they likely provide a mild bullish bias driven more by momentum/speculation than fundamentals."
COIN,2024-05-31,2.1,3,"Net sentiment is mildly bullish for COIN because the Zacks Bull call and ETF-related upside narrative outweigh the bearish pressure from lower crypto volatility compressing trading revenue, implying a modest positive bias for tomorrow with headline-driven rather than fundamental momentum."
COIN,2024-06-01,0.5,1,"The article is a broad, long-term crypto-positive commentary tied to the Bitcoin halving, but it does not contain any COIN-specific catalyst, so the likely near-term impact on tomorrow’s price is minimal and mostly sentiment-driven."
COIN,2024-06-02,-1.8,2,"The articles are only indirectly relevant to COIN, but they lean mildly bearish via broader risk-off positioning and weak sentiment toward growth/innovation funds, with little direct fundamental catalyst for tomorrow."
COIN,2024-06-04,2.1,1,"The $25M Fairshake donation is a modestly bullish political/regulatory catalyst for COIN, signaling continued influence-building and sector support, but it is more long-term than immediate and likely to have only limited impact on tomorrow’s trading."
COIN,2024-06-05,4.2,2,"Both articles are broadly bullish for COIN via positive crypto-sector sentiment and renewed investor interest in Bitcoin-related assets, but they are mostly indirect, low-to-moderate relevance headlines rather than company-specific catalysts, so the likely effect is a mild bullish bias for tomorrow."
COIN,2024-06-06,0.1,2,"The articles are effectively noise for COIN: one is unrelated stock-rating news and the other is broad market commentary, so they provide no direct catalyst and imply a near-neutral, slightly risk-on/ risk-off dependent overnight bias."
COIN,2024-06-07,1.2,3,"Net impact is mildly bullish for COIN: the Robinhood-Bitstamp acquisition supports sector growth and competitive validation, while the small insider sale is a minor negative and the XT article is largely irrelevant noise for COIN."
COIN,2024-06-08,6.2,1,"COIN’s notable weekly outperformance versus financials suggests positive momentum and favorable market positioning, but the article is broad sector roundup news rather than a new company-specific catalyst, so the likely near-term impact is mildly bullish rather than strongly directional."
COIN,2024-06-10,0.2,2,"The articles appear largely non-catalytic (a conference transcript and a generic industry comparison with no clear new information), so they likely have minimal immediate impact on COIN and should be treated as near-neutral noise."
COIN,2024-06-11,-2.9,6,"COIN faces near-term pressure from Bitcoin weakness, ETF outflows, and pre-Fed/macro risk, partially offset by longer-term bullish growth narratives and crypto-sector interest, but the immediate setup is modestly bearish for tomorrow."
COIN,2024-06-12,2.1,3,"COIN’s near-term setup is modestly bullish as risk appetite improved with Bitcoin stabilizing and broader equities strong, while the U.K. election crypto headline is more indirect and likely secondary noise for tomorrow’s trading."
COIN,2024-06-13,-0.5,1,"The article is a broad, indirect bearish take on Nvidia rather than a COIN-specific catalyst, so it likely has only mild negative read-through for crypto sentiment and tomorrow’s COIN price action."
COIN,2024-06-14,0.2,1,"The proxy statement is largely routine corporate governance disclosure with minimal immediate trading catalyst for COIN, so tomorrow’s impact is likely neutral to slightly positive due to low headline risk rather than fundamentals."
COIN,2024-06-16,3.2,1,"The article is a positive sector-level signal for COIN because rising crypto venture funding alongside stronger bitcoin/token prices supports improved industry sentiment and trading activity, though it is indirect and likely only modestly bullish for tomorrow."
COIN,2024-06-17,0.5,1,"The article is largely a generic mention of Coinbase alongside peers in a Zacks blog, so it carries only mild positive sentiment with limited immediate trading relevance and likely minimal impact on tomorrow’s price action."
COIN,2024-06-18,0.5,2,"The articles are generic, non-COIN-specific market commentary that may slightly support crypto-related sentiment via meme/growth-stock speculation, but they contain no direct catalyst for Coinbase, so the likely impact on tomorrow’s price action is minimal and mostly noise-driven."
COIN,2024-06-19,1.2,1,"The article is a long-term bullish Bitcoin call that may modestly support COIN via sector sentiment, but it is indirect, low-immediacy, and likely to have only a mild positive effect on tomorrow’s trading."
COIN,2024-06-20,1.8,2,"Net sentiment is mildly bullish for tomorrow: the first article suggests a technical rebound from a historically supportive trendline, while the second is mostly noise with generic insider-selling headline risk and no COIN-specific negative catalyst, leaving momentum/speculation as the main driver."
COIN,2024-06-22,-4.2,1,"The article signals negative sector momentum for crypto-related stocks, which is a near-term headwind for COIN despite broader financials strength, implying a modest bearish bias for tomorrow."
COIN,2024-06-24,-4.8,3,"COIN is likely pressured tomorrow by negative crypto-sector sentiment and premarket weakness tied to Ethereum ETF-related fears, while the other articles are largely indirect macro/tech noise with little direct COIN relevance."
COIN,2024-06-25,-1.8,5,"COIN news flow is mixed but slightly bearish for tomorrow: ARK’s repeated selling and Bitcoin weakness create near-term headline pressure, partially offset by broader crypto/tech risk-on sentiment and a long-term bullish framing article."
COIN,2024-06-26,1.8,2,"The news is mildly constructive for COIN because it is included in a positive industry outlook alongside major exchange peers, while the broader market rally is supportive but not COIN-specific, making tomorrow’s impact likely modestly bullish rather than catalyst-driven."
COIN,2024-06-27,-0.8,4,"Mixed near-term signals: the Stripe partnership is modestly positive for fundamentals, but Ark’s COIN selling, crypto-sector weakness, and election/macro uncertainty likely offset it, leaving a slight bearish tilt for tomorrow."
COIN,2024-06-28,1.8,4,"Net sentiment is mildly bullish for tomorrow: the Stripe collaboration is the strongest near-term catalyst and likely supports momentum, while the ARK sale and the small daily decline are modest offsets, leaving a slight positive bias rather than a strong directional move."
COIN,2024-06-29,0.6,2,"The articles are mostly broad crypto-sector noise with a mildly supportive regulatory/tax narrative for Bitcoin and crypto adoption, but they do not contain any direct COIN-specific catalyst, so the likely impact on tomorrow’s COIN price is only slightly bullish and low-conviction."
COIN,2024-06-30,0.5,1,"The article is about HOOD rather than COIN, so it has only a mild indirect read-through via crypto/brokerage sentiment and likely little immediate impact on COIN tomorrow."
COIN,2024-07-01,4.2,3,"COIN has a clear bullish company-specific catalyst from the DOJ/U.S. Marshals custody partnership, partially offset by mixed macro/sector risk from weak semiconductor-led Nasdaq sentiment, making tomorrow’s bias modestly positive."
COIN,2024-07-03,2.1,2,"Net sentiment is mildly bullish: the insider sale is a small bearish headline-risk signal, but the Trump/regulatory article is more material and supportive for COIN via a potentially friendlier crypto policy backdrop, making tomorrow’s bias slightly positive but likely limited to a mild move."
COIN,2024-07-04,-2.6,2,"COIN faces near-term pressure from BTC weakness and crypto risk-off sentiment, partially offset by speculative Trump-related upside, leaving a mildly bearish bias for tomorrow."
COIN,2024-07-05,-1.8,8,"COIN faces a mixed setup: broader risk assets are supported by softer-rate-cut expectations, but Bitcoin weakness from Mt. Gox repayments and continued crypto selling is the more direct near-term driver, likely capping upside and skewing tomorrow slightly bearish."
COIN,2024-07-06,-0.2,1,"The article is only tangentially related to COIN and appears to be headline noise rather than a direct Coinbase catalyst, so it should have little to no impact on tomorrow’s trading."
COIN,2024-07-08,1.5,1,"The article is broadly bullish on crypto as a sector and may modestly support COIN sentiment, but it is generic long-term commentary with low immediate market-moving relevance for tomorrow."
COIN,2024-07-09,0.5,1,"The article is only indirectly relevant to COIN and mainly signals broader risk-on momentum in Cathie Wood/ARKK-related growth names, which could mildly support COIN via sector sentiment but is unlikely to be a major tomorrow catalyst."
COIN,2024-07-10,1.8,4,"Net sentiment is mildly bullish for COIN because the Trump-election articles imply a favorable regulatory/policy backdrop for crypto, but the new short COIN option-income ETF adds a modest bearish positioning signal that likely tempers tomorrow’s upside."
COIN,2024-07-11,2.1,2,"The news flow is mildly bullish for COIN: the Canada feature is mostly low-impact brand/regulatory visibility, while Cathie Wood’s renewed ARK support adds positive sentiment and positioning support, but neither article provides a direct near-term fundamental catalyst for a large move tomorrow."
COIN,2024-07-15,7.2,14,"COIN is likely to benefit tomorrow from a strong crypto-risk-on tape driven by Bitcoin breaking above $63k, sector-wide strength in crypto equities, and a pro-crypto Trump/regulatory narrative, with the CEO stock sale and broader market rally acting as minor offsets."
COIN,2024-07-16,1.8,4,"Net sentiment is mildly bullish for COIN: crypto-friendly political headlines and retail-trending attention support momentum, while the tokenized-stocks launch is positive but likely incremental and the finance-stock comparison is mostly noise rather than a direct catalyst."
COIN,2024-07-19,0.8,4,"COIN news flow is mildly constructive overall, with bitcoin strength and pro-crypto political sentiment offset by a weak broader tech tape and some article noise, implying a slight bullish bias but likely only a mild move tomorrow."
COIN,2024-07-20,-2.8,2,"The main near-term signal is ARK’s sale of Coinbase, which is a modest bearish positioning/headline overhang, while the broader financials roundup is largely irrelevant to COIN and adds little offsetting support."
COIN,2024-07-21,1.2,3,"The news is mildly bullish for COIN because the Bitcoin-optimism article supports crypto-sector sentiment, while the futures/election headlines are broad macro noise with limited direct impact on Coinbase."
COIN,2024-07-22,1.2,2,"The news is mildly bullish for COIN because it benefits from a broader risk-on rotation into small caps and crypto-related names on softer inflation/rate-cut hopes, but the second article is unrelated noise and there is no direct company-specific catalyst."
COIN,2024-07-23,6.8,7,"COIN news flow is strongly bullish overall, led by a Citi upgrade and regulatory/legal wins plus the SEC’s approval of spot Ethereum ETFs, which should support near-term momentum and speculative buying despite some unrelated/noisy headlines."
COIN,2024-07-24,7.1,3,"COIN has a bullish near-term setup driven mainly by Citi’s upgrade on improving crypto regulatory expectations, reinforced by a risk-on macro backdrop and broader market strength, while the other articles are mostly low-signal noise."
COIN,2024-07-25,-2.9,3,"Net sentiment is mildly bearish for tomorrow: the U.K. fine is an immediate headline risk for Coinbase, while the Hong Kong stablecoin article is only indirectly relevant and the earnings preview is more of a pre-event caution than a catalyst."
COIN,2024-07-26,1.8,5,"Net sentiment is mildly bullish for tomorrow: supportive crypto/macro risk-on tone and a positive board appointment outweigh a low-weight litigation headline, suggesting a modest upside bias rather than a strong directional move."
COIN,2024-07-27,1.2,2,"The news is mildly bullish overall: the trillion-market-cap piece supports long-term optimism for Coinbase, but the broader market article is macro-risky and points to near-term volatility rather than a strong catalyst for tomorrow."
COIN,2024-07-28,-1.5,1,"The article is about NVDA rather than COIN, so it has only indirect sector-sentiment relevance and likely creates a mild risk-off read-through for crypto/AI-linked momentum names rather than a COIN-specific catalyst."
COIN,2024-07-29,0.8,6,"COIN’s near-term setup is mildly bullish because the news flow is dominated by a constructive risk-on macro backdrop and pre-earnings attention, but there is no company-specific catalyst here strong enough to drive a large move tomorrow."
COIN,2024-07-30,-1.6,4,"COIN news is mixed but slightly bearish for tomorrow: a Barclays Underweight call and earnings caution weigh on sentiment, while Fairshake funding and a CONY-related bullish article are more indirect/longer-term and likely less impactful than the analyst downgrade."
COIN,2024-07-31,0.1,1,"The article appears to be a generic performance-comparison piece with no substantive new catalyst, so it is likely to have negligible impact on COIN’s next-day trading."
COIN,2024-08-01,2.1,9,"COIN’s recent earnings/news flow is modestly bullish on strong Q2 profitability and revenue beats, but the upside is tempered by broader crypto weakness, Ark reducing exposure, and macro/political headlines that are more indirect than company-specific."
COIN,2024-08-02,0.8,6,"COIN has mixed but slightly positive near-term catalysts from a Jefferies target raise and constructive CEO/political commentary, partially offset by Ark selling, a target cut tied to DC crypto policy uncertainty, weak crypto prices, and a risk-off macro tape that likely caps upside tomorrow."
COIN,2024-08-03,-4.5,1,"The headline is a litigation/investigation alert that adds headline risk and can pressure COIN sentiment near term, but it is likely a modest rather than market-moving catalyst on its own."
COIN,2024-08-04,4.2,1,"The earnings call is modestly bullish for COIN because strong Q2 results and a focus on regulatory clarity support fundamentals, but the headline is broad and likely only a moderate near-term catalyst for tomorrow."
COIN,2024-08-05,-7.4,9,"COIN is likely to trade sharply lower tomorrow as a high-beta crypto proxy hit by a severe Bitcoin/Ether selloff, broad risk-off futures collapse, and negative momentum in crypto-linked names, with earnings context offering little offset."
COIN,2024-08-06,2.1,9,"COIN’s near-term setup is modestly bullish because crypto options/speculative flows and Ark buying support a rebound, but the signal is tempered by broader market fragility and the risk that the recent selloff resumes."
COIN,2024-08-07,0.8,2,"The news is mildly supportive for COIN because it includes a company conference appearance that may reinforce visibility and investor engagement, but the other article is unrelated to Coinbase and likely noise, so the net impact on tomorrow’s price action is small and slightly bullish."
COIN,2024-08-09,0.8,2,"The CleanSpark-Coinbase credit line is a modest positive read-through for Coinbase’s institutional/credit business, but the article’s main focus is CLSK’s losses, while the GoDaddy piece is unrelated noise, so the net near-term impact on COIN looks mildly bullish but low conviction."
COIN,2024-08-12,0.2,3,"The provided articles contain no direct COIN-specific catalysts; they are mostly unrelated market wrap/podcast noise, so the likely impact on tomorrow’s COIN price action is neutral to slightly positive from broad risk sentiment only."
COIN,2024-08-13,2.8,2,"The conference transcript is likely low-impact/mostly informational, while the Hawaii restart is a modestly bullish product/market-expansion catalyst that should support a slight positive bias for tomorrow, though the move is likely limited unless broader crypto sentiment also strengthens."
COIN,2024-08-14,1.2,5,"The news flow is mildly positive for COIN overall, driven mainly by crypto-related sentiment and volatility narratives, but most articles are indirect or low-relevance noise with no clear company-specific catalyst for tomorrow."
COIN,2024-08-15,-0.5,1,"The article is only a mild, indirect sector commentary on crypto ETFs with low relevance to COIN, so it likely has little immediate impact and may slightly weigh on sentiment by highlighting weaker alternatives in the crypto exposure space."
COIN,2024-08-16,-3.8,2,"COIN faces mild bearish pressure tomorrow from insider selling headlines and a weak BTC/crypto sector backdrop, though the impact is likely limited to sentiment and market positioning rather than company fundamentals."
COIN,2024-08-20,1.2,3,"COIN’s near-term setup is mildly bullish because Bitcoin reclaiming $60K and broader risk assets holding up support crypto sentiment, but the bearish technical/analyst article and mixed macro tone likely cap upside and keep tomorrow’s move modest."
COIN,2024-08-22,-1.8,3,"The news flow is mildly bearish for tomorrow because two insider sales create near-term headline risk and can pressure sentiment, while the bullish opinion piece is lower-impact and unlikely to offset the insider-activity overhang."
COIN,2024-08-23,0.6,1,"The only catalyst is a broad risk-on macro tone from expected Fed easing, which may modestly lift COIN via crypto-beta sentiment, but it is indirect and likely low-impact for tomorrow."
COIN,2024-08-25,1.8,2,"The news is mildly bullish for COIN because both articles reinforce crypto/Bitcoin exposure and sector interest, but the impact is indirect and more macro/positioning-driven than company-specific, so tomorrow’s effect is likely modest."
COIN,2024-08-26,-2.8,1,"A single insider sale by the Chief Accounting Officer is a modest bearish headline for COIN, but it is typically low-signal versus broader crypto, earnings, and regulatory catalysts, so the likely near-term impact is limited."
COIN,2024-08-27,-4.5,1,"The article is a litigation headline that adds headline risk and can pressure sentiment near term, but it is likely low-to-moderate impact noise unless followed by a material legal development."
COIN,2024-08-28,-5.8,4,"COIN is facing a bearish near-term setup driven by Bitcoin weakness below a key technical level, broader crypto-sector selling, and a risk-off tape in equities, with insider selling adding a modest negative headline overhang."
COIN,2024-08-29,0.1,1,"The article is about an unrelated small-cap ETF and does not provide any direct catalyst for COIN, so the likely impact on tomorrow’s price is negligible and effectively neutral."
COIN,2024-08-30,0.2,1,"The article is a largely neutral comparative piece with no new catalyst for COIN, so it should have minimal immediate price impact and likely trade as noise unless broader crypto-sector sentiment shifts."
COIN,2024-09-01,2.8,3,"The articles are mildly bullish for COIN because they reinforce positive crypto-sector sentiment and Coinbase’s linkage to Bitcoin/Ethereum strength, but they are mostly commentary rather than direct company-specific catalysts, so the likely near-term impact is modest."
COIN,2024-09-03,1.8,5,"Overall sentiment is mildly bullish for COIN: the articles are mostly indirect/sector-supportive (crypto political relevance, analyst blog mention, Bitcoin optimism, and possible S&P 500 inclusion) with limited immediate company-specific catalysts, so tomorrow’s move is likely modest and driven more by momentum/speculation than fundamentals."
COIN,2024-09-04,2.1,3,"Net sentiment is mildly bullish for COIN: the conference transcript is likely low-impact, ARKK weakness is mostly indirect/noise, and the most relevant catalyst is constructive political/regulatory crypto commentary that supports sector sentiment into tomorrow."
COIN,2024-09-05,1.2,1,"The headline is mildly bullish for COIN because it reinforces Coinbase’s brand and crypto adoption narrative, but the direct business impact is limited and likely to be more sentiment-driven than fundamental for tomorrow’s trading."
COIN,2024-09-06,-0.8,5,"Mixed but slightly negative near-term setup: recent selling momentum and regulatory pressure weigh on COIN, while Barclays’ upgrade and improving crypto/political sentiment provide offsetting support, leaving tomorrow biased mildly bearish to flat."
COIN,2024-09-07,-1.8,2,"COIN sees a mild bearish tilt from broader crypto-sector weakness, but the first article is generic market-watch noise with little direct company-specific catalyst, so tomorrow’s impact is likely modest and mostly sentiment-driven."
COIN,2024-09-08,-4.5,1,"The article is a litigation-related headline that adds headline risk and can pressure sentiment near-term, but it is likely low-to-moderate impact versus core fundamentals, so the expected effect for tomorrow is mildly bearish rather than market-moving."
COIN,2024-09-09,2.1,5,"Overall sentiment is mildly bullish for tomorrow, driven mainly by crypto-sector recovery and positive maturity/growth narratives, but the signals are mostly low-to-moderate impact and partly headline-driven rather than company-specific."
COIN,2024-09-10,1.8,5,"Overall sentiment is mildly bullish: the hedge-fund-bullish and conference/transcript items support COIN’s longer-term narrative, while the CEO’s pro-regulation comments are constructive, but the debate-related articles are mostly macro/headline noise with limited direct company impact for tomorrow."
COIN,2024-09-11,-4.8,4,"COIN is facing near-term bearish pressure from crypto weakness tied to softer Trump-election odds and broader risk-off macro sentiment ahead of inflation data, with the prior 4.75% drop reinforcing negative momentum for tomorrow."
COIN,2024-09-12,4.2,2,"The main bullish driver is Ark Invest’s notable purchase of COIN amid a Bitcoin rebound, which supports near-term momentum and positioning, while the ETF-themed article is essentially noise with little direct impact."
COIN,2024-09-13,-1.8,2,"COIN faces near-term headline risk from a shareholder class-action announcement, partially offset by supportive crypto-sector momentum from Bitcoin ETF inflows, leaving a mildly bearish but mixed setup for tomorrow."
COIN,2024-09-14,-4.8,2,"COIN faces a near-term bearish overhang from the class-action litigation headline, while the sector-wrap article is only mildly supportive and not COIN-specific, making headline risk the dominant driver for tomorrow."
COIN,2024-09-17,-0.8,4,"Positive custody-business/sector-tailwind news is outweighed for tomorrow by litigation headlines that add headline risk, while the prior 3.39% move suggests some momentum may already be priced in."
COIN,2024-09-18,1.8,5,"Net sentiment is mildly bullish for COIN because the Fed rate cut and rising Bitcoin price support crypto trading activity, while the TrueX competitor launch and insider selling add some offsetting noise but are less immediate for tomorrow."
COIN,2024-09-19,7.2,1,"COIN’s move is primarily driven by a favorable macro catalyst (Fed rate cut) that supports risk assets and crypto-linked equities, creating strong near-term momentum with bullish spillover likely into tomorrow."
COIN,2024-09-20,-2.8,1,"A director’s modest insider sale is a mild bearish headline for COIN, but the small size suggests limited fundamental impact and is more likely a short-term sentiment/headline overhang than a major price driver."
COIN,2024-09-23,-2.8,2,"The Chainlink article is largely irrelevant to COIN and the Bernstein investor-alert headline adds mild litigation/headline risk, so the net effect is slightly bearish but likely low-impact for tomorrow."
COIN,2024-09-24,-1.8,3,"The class-action reminders are mostly headline noise but add mild legal overhang, while Coinbase’s push for clearer SEC rules is a modest long-term positive that is unlikely to move tomorrow’s tape much, leaving a slightly bearish-to-neutral bias."
COIN,2024-09-25,-4.8,2,"Near-term sentiment is modestly bearish because the lawsuit headline creates immediate headline risk and likely profit-taking after a six-day rally, while the second article is only a neutral long-term view with limited tomorrow impact."
COIN,2024-09-26,6.2,1,"The article is primarily a momentum signal showing COIN already trading sharply higher, which supports near-term bullish continuation, but it is mostly price-action noise rather than a new fundamental catalyst."
COIN,2024-09-27,-2.5,1,"The article is primarily litigation-related headline risk with limited new information, creating a mild bearish overhang for COIN but likely only a modest near-term impact."
COIN,2024-09-29,-6.5,1,"The only catalyst is a class-action lawsuit alert, which is a negative headline-risk event for COIN and likely creates modest near-term bearish pressure, though the article itself appears more promotional than fundamentally market-moving."
COIN,2024-09-30,-4.8,4,"COIN’s near-term setup is bearish because the stock is already under pressure from a crypto pullback, with additional downside bias from softer broader equity futures and risk-off positioning ahead of macro data, while the news flow is mostly momentum-driven rather than fundamentally positive."
COIN,2024-10-01,-5.8,3,"COIN is being hit by broad risk-off macro/tech weakness and crypto-sector pressure, while the insider-trading roundup adds no clear bullish offset, making tomorrow’s bias bearish with likely momentum-driven downside."
COIN,2024-10-04,1.8,2,"Near-term sentiment is mildly bullish because the stock is already showing positive momentum, while the EU stablecoin delisting is a compliance-driven headline with limited immediate downside and some longer-term strategic benefit."
COIN,2024-10-05,-4.5,1,"The article is a litigation headline that adds headline risk and modest bearish pressure for COIN, but it is likely low-to-moderate impact versus broader crypto/macro drivers, so tomorrow’s effect should be mildly negative rather than decisive."
COIN,2024-10-07,1.2,1,"The article is largely promotional and retrospective rather than a direct COIN catalyst, so it creates only a mild positive sentiment from brand/crypto enthusiasm with limited likely impact on tomorrow’s trading."
COIN,2024-10-08,-4.5,1,"The article is primarily litigation/solicitation noise rather than a fundamental catalyst, but it adds modest headline risk and can pressure sentiment on COIN into tomorrow’s session."
COIN,2024-10-09,2.8,3,"Net mildly bullish: the only true catalyst is ARK’s continued buying of COIN, which supports market positioning and momentum, while the earnings-date announcement is largely neutral/noise and likely to have only a modest positive effect on tomorrow’s price action."
COIN,2024-10-10,-2.8,3,"COIN news flow is mildly bearish for tomorrow because the class-action deadline adds headline/legal risk, while the mutual-fund popularity piece is mostly low-conviction positioning noise and the AI article is unrelated to Coinbase."
COIN,2024-10-11,-4.5,1,"The article is primarily litigation-related headline risk with limited new information, which is mildly bearish for COIN tomorrow but likely a low-to-moderate impact noise event rather than a major price driver."
COIN,2024-10-12,1.2,1,"The article is a broad political-theme bullish mention for COIN via potentially crypto-friendly GOP policies, but it is indirect, long-term, and likely low-impact for tomorrow’s trading."
COIN,2024-10-13,2.1,1,"The article is a mild bullish sector-tailwind for COIN via pro-crypto political rhetoric, but it is indirect, speculative, and likely to have limited immediate impact on tomorrow’s trading."
COIN,2024-10-14,6.8,5,"COIN is benefiting from a strong crypto-beta momentum move as Bitcoin trades near $66k and the stock already showed a sharp 8.45% upside reaction, while broader market tone is mildly supportive, making tomorrow’s bias bullish with continuation risk more likely than reversal."
COIN,2024-10-15,1.8,4,"Overall sentiment is mildly bullish for tomorrow: the strongest signal is momentum/positioning from the sharp prior-session rally and unusual inflow activity, but this is partially offset by litigation headline risk and the possibility of near-term mean reversion after an 11% move."
COIN,2024-10-16,1.8,2,"The articles are broadly positive but mostly generic sector-promotion pieces with limited COIN-specific catalysts, implying mild bullish sentiment driven more by momentum/speculation and crypto-sector positioning than by new fundamentals."
COIN,2024-10-17,1.2,1,"The article is mildly bullish but largely low-signal and long-term in nature, reflecting analyst optimism without any concrete near-term catalyst for COIN."
COIN,2024-10-18,2.1,4,"COIN news flow is modestly bullish overall, driven mainly by recent price momentum and positive sector attention, partially offset by a small insider sale and some likely low-signal media coverage."
COIN,2024-10-19,1.2,2,"The articles are mostly low-signal and indirectly positive for COIN via broader crypto/sector enthusiasm, but they contain no company-specific catalyst, so the likely near-term impact is only mildly bullish and mostly sentiment-driven."
COIN,2024-10-20,-1.8,2,"The class-action litigation headline is a modest bearish overhang for COIN, while the crypto-policy article is a broader long-term sector positive but too indirect for tomorrow, leaving a slightly negative near-term bias with limited expected price impact."
COIN,2024-10-21,-3.2,1,"The article reflects negative short-term momentum rather than a new fundamental catalyst, so it likely adds modest bearish pressure for tomorrow but is mostly a price-action headline rather than a major driver."
COIN,2024-10-22,-4.2,2,"COIN faces modest near-term bearish headline risk from the class-action lawsuit notice, while the Truflation article appears unrelated/noisy and unlikely to offset the legal overhang, suggesting a slight downside bias for tomorrow."
COIN,2024-10-23,-4.8,2,"COIN’s near-term setup is modestly bearish: the stock is already showing weakness with a 4.75% drop, and the class-action deadline headline adds headline/legal overhang, likely keeping traders cautious into tomorrow."
COIN,2024-10-24,-4.2,2,"The news flow is modestly bearish for COIN: the SWOT piece highlights ongoing regulatory overhangs, while the class-action reminder adds headline/legal risk, though neither appears immediately market-moving enough to imply a large one-day selloff."
COIN,2024-10-25,-1.2,4,"COIN faces modest near-term pressure from renewed class-action litigation headlines and pre-earnings uncertainty, partially offset by a supportive tech/Nasdaq risk-on backdrop, making tomorrow’s bias slightly bearish to neutral."
COIN,2024-10-26,-3.5,1,"The article is a litigation headline about a securities class action, which is a modest bearish headline-risk catalyst for COIN, likely weighing on sentiment more than fundamentals and creating a small negative bias for tomorrow."
COIN,2024-10-27,0.5,1,"The article is a broad market macro/earnings calendar note with only indirect relevance to COIN, implying mild short-term volatility from risk sentiment and crypto-beta positioning rather than a company-specific catalyst."
COIN,2024-10-28,4.8,7,"COIN news flow is net bullish for tomorrow, driven mainly by strong crypto/Bitcoin momentum, positive analyst commentary, and broader risk-on macro support, partially offset by litigation headline noise that is likely lower impact."
COIN,2024-10-29,0.8,10,"Net sentiment is mildly bullish for tomorrow because stronger Bitcoin/ETF momentum and a positive technical inflow signal are offset by earnings caution, insider selling, and litigation/headline risk."
COIN,2024-10-30,-1.8,5,"COIN news is mixed but leans slightly bearish for tomorrow: the Q3 earnings double-miss and lower crypto-price-driven trading volume pressure the stock, partially offset by a positive Q4 guide, reported profit, and a mildly supportive risk-on market backdrop."
COIN,2024-10-31,-3.8,7,"COIN’s near-term setup is modestly bearish because the market is still digesting poor earnings and a sharp post-earnings selloff, while broader risk-off macro/tech weakness adds pressure; bullish Bitcoin-related and long-term strategic headlines are supportive but likely secondary for tomorrow."
COIN,2024-11-01,-1.8,6,"COIN faces a mixed setup: the sharp post-earnings selloff and negative headline risk dominate near-term action, while analyst support, crypto-sector momentum, and a prior bounce provide some offset, leaving a slight bearish-to-neutral bias for tomorrow."
COIN,2024-11-02,2.1,3,"COIN’s Q3 earnings look modestly positive with strong EBITDA and profitability, while the Jeff Yass crypto-stock mention adds a small supportive sentiment tailwind; the transcript itself is mostly noise, so the net effect is mildly bullish but likely limited for tomorrow."
COIN,2024-11-03,-1.8,3,"The news flow is mildly negative for tomorrow because the only clearly actionable item is litigation-related headline risk on COIN, while the other two articles are generic/indirect crypto commentary with little immediate trading relevance."
COIN,2024-11-05,1.8,3,"COIN looks modestly bullish for tomorrow as the broad tech/risk-on tape and Ark’s reported COIN-related trading support sentiment, but the election-driven macro uncertainty likely caps upside and keeps the move more headline/momentum-driven than fundamental."
COIN,2024-11-06,8.2,5,"COIN’s news flow is strongly bullish for tomorrow, driven mainly by election-related crypto-friendly macro/positioning momentum and broad risk-on market strength, with multiple articles reinforcing the same catalyst and likely supporting continued upside."
COIN,2024-11-07,8.1,6,"COIN is likely to benefit from a strong post-election crypto/risk-asset bid, with Trump’s pro-crypto stance and Bitcoin’s rally near record levels creating a bullish momentum and policy-repricing tailwind for tomorrow."
COIN,2024-11-08,5.8,8,"COIN sentiment is moderately bullish for tomorrow, driven mainly by Bitcoin’s strength near $77K, positive crypto-sector momentum, and post-election regulatory optimism, with some articles likely duplicative/noise and limited direct company-specific negative catalysts."
COIN,2024-11-09,0.8,1,"The article is a broad post-election market-rally piece that only indirectly supports COIN via a crypto-sector risk-on bid, so the likely impact is mildly bullish but mostly sentiment-driven and low-specificity noise."
COIN,2024-11-10,8.4,3,"Bitcoin’s break above $80K on a Trump-driven crypto rally is a strong near-term positive for COIN via sector momentum and trading activity, with the main impact likely coming from speculative flow rather than fundamentals."
COIN,2024-11-11,8.7,15,"COIN is being driven primarily by powerful crypto momentum and post-election risk-on positioning, with Bitcoin at record highs and multiple articles confirming sustained sector-wide buying pressure that should keep tomorrow’s bias strongly bullish."
COIN,2024-11-12,6.8,12,"COIN’s near-term setup is strongly bullish, driven mainly by Bitcoin’s breakout toward $90K, positive crypto-sector momentum, and pre-market strength in BTC-linked names, though some of the broader market rally is partially offset by a mild risk-off pullback in futures."
COIN,2024-11-13,7.2,3,"COIN is likely to benefit from the broad post-election crypto risk-on rally and renewed Bitcoin momentum, with the main driver being sector-wide momentum/speculation rather than company-specific fundamentals."
COIN,2024-11-14,-1.8,4,"The main COIN-specific catalyst is Renaissance Technologies exiting its COIN stake, which is a modest bearish sentiment signal, but it is partially offset by broader market/macro noise that looks neutral to slightly risk-off rather than company-specific."
COIN,2024-11-15,6.8,6,"COIN sentiment is strongly bullish for tomorrow, driven mainly by Bitcoin’s record high and positive crypto-sector momentum, with additional support from a market inflow alert, while the MicroStrategy insider sales are only mildly relevant noise for COIN."
COIN,2024-11-17,1.8,2,"The news is mildly bullish for COIN because it reinforces positive market positioning and crypto-sector momentum via ARK’s endorsement, but the MicroStrategy article is only an indirect Bitcoin-bull-run reference and adds little immediate company-specific catalyst for tomorrow."
COIN,2024-11-18,6.8,5,"COIN sentiment is strongly bullish for tomorrow, driven mainly by the reported Trump meeting catalyst, supportive crypto-sector momentum, and analyst optimism, with the other articles being mostly broad market or unrelated noise."
COIN,2024-11-19,4.8,4,"Overall sentiment is moderately bullish for tomorrow, driven mainly by positive headline momentum around Coinbase from Cramer praise and Trump/Armstrong cabinet-talk speculation, with the other articles being largely descriptive or confirming prior price strength rather than adding new bearish catalysts."
COIN,2024-11-20,1.8,4,"Net sentiment is mildly bullish for tomorrow because sector-wide crypto strength and positive media attention outweigh the modestly negative WBTC delisting headline, while the KYVE article is largely noise and not directly material to COIN."
COIN,2024-11-21,1.2,5,"COIN has a mildly bullish near-term setup from a pro-crypto regulatory shift and Bitcoin making new highs, but gains are tempered by insider selling headlines and some likely noise from unrelated crypto coverage."
COIN,2024-11-22,-1.8,6,"The news flow is mildly bearish for tomorrow because multiple insider stock sales create near-term headline overhang, while the SEC/Gensler commentary is supportive but longer-dated and likely too speculative to offset the immediate negative sentiment."
COIN,2024-11-24,1.5,1,"The article is a broad, politically framed crypto-positive headline with limited direct company-specific information, so it likely provides only a mild short-term tailwind to COIN via sector sentiment rather than a material fundamental catalyst."
COIN,2024-11-25,7.2,1,"A highly bullish analyst note from Oppenheimer with one of Wall Street’s highest price targets should support COIN near-term via positive sentiment and momentum/speculation, though the impact is likely more immediate than fundamental."
COIN,2024-11-26,1.2,3,"Mixed but slightly positive for COIN: the sector remains under pressure from Bitcoin weakness and risk-off sentiment, but the Tradepulse inflow alert suggests near-term buying interest and momentum/speculation support that could offset some of the crypto-linked drag tomorrow."
COIN,2024-11-27,4.2,3,"COIN news flow is modestly bullish overall, driven by positive earnings-revision momentum and crypto-sector enthusiasm, while the semiconductor/NVDA article is largely irrelevant noise for COIN."
COIN,2024-11-28,4.8,1,"The article is primarily a momentum-driven price update showing strong recent buying pressure in COIN, which is bullish for tomorrow but likely more reflective of short-term positioning than new fundamentals."
COIN,2024-11-29,6.1,5,"The news flow is broadly bullish for COIN, driven mainly by crypto-sector momentum, technical breakout signals, and positive revaluation/earnings-follow-through narratives, though several items are largely repetitive or indirect rather than fresh company-specific catalysts."
COIN,2024-11-30,0.1,1,"The article is not about COIN and provides no direct company-specific catalyst, so any impact on tomorrow’s price is likely negligible and driven only by broad market sentiment spillover."
COIN,2024-12-01,4.2,1,"The article is mostly a momentum/attention catalyst rather than new fundamental information, and the positive framing around COIN’s prior 74% move should modestly support bullish sentiment tomorrow, though the impact is likely limited because it appears to be commentary rather than a fresh company-specific development."
COIN,2024-12-02,4.8,2,"The Apple Pay onramp integration is a modestly bullish product catalyst for user growth and conversion, while the recent 4.31% price jump suggests positive momentum/positioning that could extend into tomorrow, though the move may be partly already priced in."
COIN,2024-12-03,0.2,2,"The Coinbase conference appearance is a low-impact, neutral-to-slightly-positive visibility event, while the MicroStrategy short-call article is only an indirect sector sentiment read-through for COIN, leaving tomorrow’s setup essentially flat with a mild bullish bias."
COIN,2024-12-04,0.8,4,"Overall sentiment is mildly bullish for COIN due to a low-impact investor conference appearance and supportive sector/ETF-related mentions, but the articles are mostly noise with no direct earnings, guidance, or material catalyst for tomorrow."
COIN,2024-12-05,1.8,10,"COIN has a modest bullish tilt from crypto-sector momentum and expansion news, but gains are likely capped by mixed macro risk and insider selling, making tomorrow’s move more likely mildly positive than strongly directional."
COIN,2024-12-06,4.8,4,"Overall sentiment is moderately bullish for tomorrow, driven mainly by positive sector/crypto-market outlook and existing price momentum in COIN, though the articles are largely reiterative rather than truly new catalysts."
COIN,2024-12-07,7.1,4,"The news flow is broadly bullish for COIN because it ties Coinbase to a strong BTC rally, improving crypto policy expectations, and potential S&P 500 inclusion, though the impact is mostly sentiment/momentum-driven rather than company-specific fundamentals."
COIN,2024-12-09,-4.6,4,"The news flow is modestly bearish for tomorrow: insider selling and a prior sharp drop reinforce negative sentiment, while broader market weakness adds pressure, though the articles are mostly headline-driven rather than fundamental and likely only support a mild-to-moderate downside bias."
COIN,2024-12-10,2.1,3,"Overall mildly bullish: the CFO’s comments on strong Q4 performance, mainstream adoption, and regulatory optimism are the main positive catalyst, while the other items are largely low-signal conference/transcript and Zacks commentary noise."
COIN,2024-12-11,6.1,4,"COIN’s near-term setup is modestly bullish, driven mainly by positive crypto/Bitcoin momentum and supportive market risk appetite, while the other items are either low-relevance noise or longer-horizon context rather than direct company-specific catalysts."
COIN,2024-12-12,2.1,2,"COIN’s recent strong momentum is mildly bullish for tomorrow, while the Walmart fintech headline is only a weak indirect sector signal with limited immediate relevance, making the net impact modestly positive rather than fundamentally driven."
COIN,2024-12-14,1.8,1,"The article is mildly bullish for COIN because it reinforces broad investor interest in Bitcoin/crypto exposure, but it is indirect and more of a sector-awareness piece than a company-specific catalyst, so the likely near-term impact is limited."
COIN,2024-12-15,0.8,3,"The articles are mostly broad crypto/AI commentary with limited direct COIN-specific catalysts; the Microsoft Bitcoin rejection is mildly bearish for crypto adoption sentiment, while the Dogecoin/AI pieces support speculative risk appetite, leaving a slight net positive but likely low-impact for tomorrow."
COIN,2024-12-16,7.1,6,"COIN is likely to benefit from a strong crypto risk-on backdrop driven by Bitcoin above $100k and broad sector growth optimism, with supportive macro tone from higher equity futures and Fed-cut expectations outweighing the mostly indirect nature of the news."
COIN,2024-12-17,4.6,2,"COIN is likely to trade bullish tomorrow as the record Bitcoin move and crypto-reserve narrative support sector momentum, while the broader risk-off macro backdrop from the Fed/Dow weakness is a secondary offset."
COIN,2024-12-18,-0.8,4,"The news flow is mixed but slightly negative for tomorrow: the Bitcoin-holder and crypto-regulatory-clarity pieces are supportive, yet Ark’s COIN selling and the lack of any direct company-specific fundamental catalyst make the setup mildly bearish/neutral with headline-driven pressure more likely than a strong move."
COIN,2024-12-19,0.5,1,"The only cited COIN-related catalyst is Ark Invest trading activity, which is a modest sentiment signal with limited fundamental impact and likely only minor near-term influence on tomorrow’s price action."
COIN,2024-12-20,0.5,1,"The article is a broad index-rebalancing piece with only indirect relevance to COIN, so it may create mild passive-flow/speculation effects at most, but no clear fundamental catalyst for tomorrow."
COIN,2024-12-21,-1.8,1,"ARK’s sale of COIN is a mild bearish sentiment signal driven more by market positioning/portfolio rebalancing than fundamentals, so it may create slight near-term pressure but is unlikely to be a major tomorrow-only catalyst."
COIN,2024-12-22,0.8,1,"The article is mildly bullish for COIN only as a sector sentiment tailwind from Bitcoin strength and crypto momentum, but it contains no company-specific catalyst, so the likely near-term impact is limited."
COIN,2024-12-23,-4.2,1,"COIN’s decline appears driven mainly by weakening crypto-sector momentum and broad risk-off positioning rather than company-specific fundamentals, implying a modest bearish bias for tomorrow."
COIN,2024-12-24,1.2,2,"COIN gets a modest near-term lift from the broad Santa Rally and Bitcoin’s still-elevated price near $94K–$98K, but the fourth straight BTC loss tempers momentum and makes tomorrow’s move only mildly bullish."
COIN,2024-12-25,1.2,2,"The news flow is mildly bullish but mostly long-term and low-conviction: one article is effectively noise, while the other highlights Coinbase’s durable competitive position and optionality, which supports sentiment but is unlikely to drive a large tomorrow move."
COIN,2024-12-26,2.1,4,"Net sentiment is mildly bullish for COIN: the KULR custody partnership and broader crypto-friendly 2024 backdrop support the stock, while the market-wide post-holiday weakness and one generic Zacks mention are low-impact noise, implying a modest positive bias for tomorrow."
COIN,2024-12-27,-1.8,5,COIN is facing a mildly bearish near-term setup as crypto weakness and broader risk-off macro pressure from rising yields and policy uncertainty outweigh the limited positive noise from innovation/Trump-bump commentary.
COIN,2024-12-28,0.2,1,"The article is a broad macro/policy comment about potential retroactive tax cuts, which could modestly support risk assets like COIN via improved market sentiment, but it has no direct company-specific catalyst and is likely low-impact for tomorrow."
COIN,2024-12-30,-0.8,3,"The articles are mostly broad market/macro noise with no COIN-specific catalyst; the only crypto-related piece is sentimentally positive but low-impact, while the index selloff creates a mild bearish tilt for tomorrow."
COIN,2024-12-31,-2.8,4,"COIN is facing a mildly bearish near-term setup as Bitcoin weakness and a softer crypto risk backdrop outweigh broad market strength, while the other headlines are mostly indirect or noisy for COIN."
COIN,2025-01-02,3.2,3,"Overall sentiment is mildly bullish for tomorrow, driven mainly by positive momentum/positioning from the prior 4.39% COIN move and supportive broad-market tone, while the “best time to buy” article is low-quality hype and the macro article is only indirectly supportive."
COIN,2025-01-03,6.4,4,"COIN news flow is broadly bullish for tomorrow, driven mainly by strong crypto-sector momentum and a recent COIN price breakout, with macro/futures support adding a modest tailwind despite some headline noise."
COIN,2025-01-04,0.5,1,"The article is largely Bitcoin commentary rather than COIN-specific news, so it has only a mild positive read-through for Coinbase via sector sentiment and speculative crypto momentum, with limited immediate fundamental impact."
COIN,2025-01-05,-2.8,1,"The article is mildly bearish because it argues COIN is already priced for perfection and vulnerable to a future crypto cooldown, which is more of a valuation/headline risk than an immediate catalyst for tomorrow."
COIN,2025-01-06,6.2,1,"COIN’s sharp 6.44% intraday surge signals strong positive momentum and likely short-term continuation, though the article itself is mostly price-action noise rather than a new fundamental catalyst."
COIN,2025-01-07,0.8,5,"COIN faces a mixed setup: bullish crypto-policy and Bitcoin-above-$100k headlines support sentiment, but stronger U.S. labor data and Bitcoin weakness pressure the sector, leaving a slight net positive bias for tomorrow."
COIN,2025-01-08,-2.1,4,"COIN news flow is mildly bearish for tomorrow: the SEC-regulation headline adds headline risk and regulatory overhang, while the other items are mostly indirect/low-relevance sector or market commentary with limited immediate catalyst value."
COIN,2025-01-09,0.2,1,"The only catalyst is a one-day U.S. market closure, which is a macro calendar effect with no direct fundamental impact on COIN and likely just delays price discovery rather than changing the underlying setup."
COIN,2025-01-10,-2.8,2,"The CFTC subpoena headline creates near-term headline risk and legal overhang for COIN, while the other article appears largely noise/price commentary with little new fundamental information, making tomorrow’s bias mildly bearish."
COIN,2025-01-11,0.2,4,"The articles are largely unrelated to COIN and mostly reflect generic tech/ARK/Trump-attendance headlines, so they create little direct fundamental catalyst for Coinbase beyond a slight speculative risk-on bias from broader crypto-friendly political sentiment."
COIN,2025-01-13,-1.8,4,"COIN has a modestly negative near-term setup because crypto-related stocks are being sold off with the broader tech/AI risk-off move, which likely outweighs the longer-term bullish Bitcoin ETP narrative for tomorrow."
COIN,2025-01-14,2.1,7,"COIN news flow is modestly bullish overall: the SEC court ruling and partial legal victory improve regulatory sentiment, while the XRP send delay is a near-term operational headwind, leaving tomorrow biased slightly upward but with headline-risk volatility."
COIN,2025-01-15,2.1,3,"Net sentiment is mildly bullish: the court forcing the SEC to justify its rejection is a supportive regulatory catalyst, while the CEO share sale is a modest bearish overhang and the prior price surge suggests momentum may already be partly priced in."
COIN,2025-01-16,4.2,2,"Net mildly bullish: Coinbase’s new BTC-backed USDC loan product is a positive fundamental catalyst with near-term revenue/engagement upside, while the Q4 rebound article is largely retrospective and lower-impact, making tomorrow’s bias modestly positive rather than strongly directional."
COIN,2025-01-17,7.1,7,"COIN is likely to trade bullish tomorrow as crypto-sector momentum, Bitcoin strength, and a potentially pro-crypto policy catalyst outweigh the modest negative signal from insider selling, with the move driven mainly by momentum/speculation and macro/policy headlines rather than company-specific fundamentals."
COIN,2025-01-18,4.2,1,"The article is mildly bullish for COIN because it reinforces a potentially crypto-friendly regulatory backdrop under Trump, which could lift sector sentiment and speculative positioning, though the impact is more indirect and likely short-term rather than immediately fundamental."
COIN,2025-01-19,4.2,2,"The news is modestly bullish for COIN because it reinforces broad crypto-sector enthusiasm and retail/speculative momentum, but it is indirect and not a company-specific catalyst, so the likely impact is limited and mostly sentiment-driven."
COIN,2025-01-20,4.2,6,"COIN is likely to see a modest bullish bias tomorrow as Bitcoin’s record rally and rising earnings estimates support the stock, while Trump memecoin headlines mainly add speculative crypto-sector momentum with some headline noise and limited direct fundamental impact."
COIN,2025-01-21,-0.6,4,"COIN-specific news is mostly neutral-to-slightly negative, with the only direct item showing a small daily decline while the other articles are broad market/macro headlines that do not materially change Coinbase fundamentals, implying a mildly bearish but low-conviction overnight bias."
COIN,2025-01-22,0.8,3,"Net impact is mildly bullish: Coinbase’s legal push to exclude platform crypto trades from securities classification is a supportive long-term catalyst, but near-term price action is likely capped by headline noise around crypto corruption fears and broad sector optimism that is more thematic than company-specific."
COIN,2025-01-23,0.2,3,"The articles are essentially duplicate announcements of Coinbase’s upcoming Q4/full-year 2024 earnings date, which is a low-immediacy, mostly neutral catalyst for tomorrow with slight positive optionality from anticipation but no new fundamental information."
COIN,2025-01-24,4.2,1,"The article is a mostly momentum-driven bullish signal showing COIN already trading sharply higher, which modestly increases the odds of continued near-term upside tomorrow, though it is likely more reflective of short-term positioning than a new fundamental catalyst."
COIN,2025-01-27,-2.8,2,"COIN-specific news is mildly bearish due to recent sharp downside momentum and likely positioning/technical pressure, while the second article is unrelated noise with no direct impact on Coinbase."
COIN,2025-01-28,4.2,1,"Regulatory approval in Argentina is a modestly bullish fundamental expansion catalyst for Coinbase, likely supporting sentiment but with limited immediate price impact given the market is already aware of international growth initiatives."
COIN,2025-01-29,1.8,4,"Net sentiment is mildly bullish for tomorrow, driven mainly by the Mizuho upgrade and constructive crypto-sector optimism, partially offset by the largely symbolic/political advisory-council headline and a flat premarket read that suggests limited immediate follow-through."
COIN,2025-01-30,2.1,1,"The article is a broad long-term positive sector-growth report for crypto, which is mildly supportive for COIN but likely low-impact for tomorrow’s trading and mostly a sentiment/macro tailwind rather than a company-specific catalyst."
COIN,2025-01-31,0.1,1,"The article is a generic review of a different crypto exchange (M2 Crypto) with no direct catalyst for COIN, so it is likely noise and should have negligible impact on tomorrow’s price action."
COIN,2025-02-01,0.8,2,"The news is mildly positive but mostly low-conviction: Cramer’s generic praise of management is not a direct catalyst, while the ‘exchange is heating up again’ framing suggests improving sector momentum for COIN without any concrete earnings, guidance, or regulatory catalyst."
COIN,2025-02-02,4.2,1,"The article is mildly bullish for COIN because it reinforces a favorable regulatory backdrop and continued convergence between crypto and traditional finance, which supports sector sentiment more than immediate fundamentals."
COIN,2025-02-04,5.8,3,"The news is modestly bullish for COIN because it reinforces regulatory progress and potential bank-partnership expansion in the U.S. while also highlighting UK regulatory approval, but the impact is likely tempered by the fact that these are strategic/longer-term catalysts rather than immediate earnings or guidance drivers."
COIN,2025-02-05,-3.8,2,"The articles are mildly bearish for COIN because Jim Cramer explicitly discourages Coinbase exposure in favor of Bitcoin, which is likely to create short-term headline pressure, though the impact is limited since this is opinion-based commentary rather than a fundamental catalyst."
COIN,2025-02-06,2.8,1,"The article is modestly bullish because it highlights a likely earnings beat for COIN, which can support near-term upside, but the signal is limited by the lack of new hard data and is mostly expectation-driven rather than a confirmed catalyst."
COIN,2025-02-07,2.1,3,"Net sentiment is mildly bullish for COIN: the Trump-crypto headline adds headline risk but also keeps crypto in focus, the Technavio piece supports constructive sector growth, and Cathie Wood inclusion reinforces positive positioning, implying a slight upside bias for tomorrow with limited magnitude."
COIN,2025-02-08,0.1,1,"The article is broad market/consumer-earnings and CPI context with no direct COIN-specific catalyst, so it should have minimal immediate impact on Coinbase and likely leaves tomorrow’s price action near neutral."
COIN,2025-02-09,2.1,2,"COIN is likely to see a mildly bullish bias tomorrow from the continued positive sector backdrop around spot Bitcoin ETF adoption, while the macro inflation headline is mostly indirect noise for COIN and unlikely to outweigh crypto-specific sentiment."
COIN,2025-02-10,2.1,6,"Net sentiment is mildly bullish for COIN, driven by positive crypto-sector/IPO and corporate Bitcoin adoption headlines plus analyst attention, partially offset by broader market/macro noise and some likely low-signal article overlap."
COIN,2025-02-11,1.2,1,"The article is a broad, low-specificity sector piece suggesting continued interest in crypto-related stocks amid policy shifts, which is mildly supportive for COIN but likely more of a sentiment/momentum tailwind than a direct catalyst."
COIN,2025-02-12,6.2,1,"The earnings preview is modestly bullish for COIN because stronger Bitcoin prices can lift trading activity and revenue expectations into the report, but the move is still contingent on actual results and guidance."
COIN,2025-02-13,6.8,9,"COIN’s Q4 double-beat plus strong Q1 guidance are the dominant catalysts, likely supporting a bullish next-day bias despite some macro headwinds from hotter inflation and mixed market sentiment."
COIN,2025-02-14,1.2,11,"COIN’s setup is mildly bullish overall: the strongest relevant catalysts are positive product/strategy commentary around DEXes and memecoin volume handling plus broad crypto/tech risk appetite, while the earnings transcript and prior gap-down headline add some near-term volatility and headline risk, leaving tomorrow biased slightly up but not decisively."
COIN,2025-02-15,2.1,3,"Overall sentiment is mildly bullish for COIN: the earnings transcript is likely neutral-to-positive but low-detail here, Jane Street’s large share accumulation is a meaningful positioning signal, and the crypto market growth outlook supports the sector, though the latter is more long-term than tomorrow-specific."
COIN,2025-02-16,2.1,1,"The article is mildly bullish for COIN only as a sector sentiment tailwind for Bitcoin exposure, but it is indirect, long-term oriented, and unlikely to materially move Coinbase tomorrow."
COIN,2025-02-17,2.8,3,"The news flow is modestly bullish for COIN, driven mainly by analyst optimism and post-earnings positive framing, but the articles are largely reiterative/noisy rather than new market-moving catalysts, so tomorrow’s impact is likely limited."
COIN,2025-02-18,0.2,1,"The article is essentially promotional/visibility content with no new fundamental catalyst, so it should have minimal near-term impact on COIN and likely trade as noise."
COIN,2025-02-19,2.1,1,"The article is mildly bullish for COIN because increased institutional Bitcoin exposure by a high-profile fund supports crypto-sector sentiment and could lift Coinbase on sympathy, but the direct impact is limited and mostly driven by market positioning rather than fundamentals."
COIN,2025-02-20,2.8,3,"Net sentiment is mildly bullish for COIN: the memecoin-friendly CEO commentary supports trading activity and platform optionality, while the “fast growth stocks” mention is low-conviction media noise and the Vanguard roundup is unrelated, implying a modest positive bias for tomorrow driven mainly by momentum/speculation rather than fundamentals."
COIN,2025-02-21,2.1,4,"COIN has a modest bullish tilt for tomorrow driven mainly by the SEC case dismissal headline, partially offset by broader market weakness and risk-off macro tone, with the legal catalyst likely supporting a mild positive gap or relative outperformance rather than a large move."
COIN,2025-02-22,2.1,1,"The SEC dismissal news is a meaningful bullish legal overhang removal for Coinbase, but the Bybit hack introduces sector-wide headline risk and likely tempers upside, leaving a modest net positive bias for tomorrow."
COIN,2025-02-23,0.1,1,"The article is generic market commentary about dividend stocks and does not mention COIN or any COIN-specific catalyst, so it should have negligible impact on tomorrow’s price action."
COIN,2025-02-24,1.2,5,"Net impact is mildly bullish for COIN because the most relevant items are sector-positive crypto market structure news and a favorable regulatory headline for a peer, partially offset by a broad macro risk-off article and some low-signal commentary."
COIN,2025-02-25,-4.8,9,"COIN is being pressured mainly by a sharp Bitcoin/crypto risk-off move and multi-session stock weakness, while the conference participation news is mildly supportive but too low-impact to offset the broader sector selloff."
COIN,2025-02-26,2.1,3,"Overall sentiment is mildly bullish for tomorrow: Ark’s dip-buying and Cramer’s positive commentary support COIN, while the small insider sale is a minor negative and likely noise, leaving a modest positive bias rather than a strong catalyst."
COIN,2025-02-27,6.4,2,"The SEC’s dismissal of Coinbase’s lawsuit is a meaningful bullish legal catalyst that should support near-term sentiment, while the earnings-related article appears more neutral/valuation-focused and adds little immediate downside."
COIN,2025-02-28,-4.6,4,"COIN’s near-term setup is mixed but leans bearish: the stock’s recent pop is outweighed by a sharp bitcoin selloff and broader crypto-sector weakness, which are likely to pressure sentiment and trading tomorrow."
COIN,2025-03-01,6.2,1,"The article is moderately bullish for COIN because a softer SEC enforcement stance toward crypto reduces regulatory overhang and improves sector sentiment, likely supporting a positive but not explosive near-term reaction."
COIN,2025-03-03,5.8,8,"COIN is likely to trade bullish tomorrow as crypto-sector regulatory relief, Trump crypto support, and broad crypto price strength outweigh macro/equity-market weakness, though some of the news is headline-driven and may fade intraday."
COIN,2025-03-04,2.1,3,"COIN has a mildly bullish near-term setup as Ark’s buying and broader crypto regulatory relief support sentiment, but the analyst-related headline is low-signal noise and the net effect is likely modest rather than trend-changing."
COIN,2025-03-05,6.8,3,"The news flow is broadly bullish for COIN, led by the SEC dropping its case and management framing this as a regulatory turning point, which should support positive sentiment and a modest upside bias tomorrow, though some of the coverage is more narrative-driven than immediately fundamental."
COIN,2025-03-06,6.2,1,"Cathie Wood’s sizable ARK purchase is a bullish positioning signal for COIN, reinforced by crypto-friendly macro/news flow and likely near-term momentum, though the impact is more sentiment-driven than fundamental."
COIN,2025-03-07,2.1,5,"Net sentiment is mildly bullish for COIN because two analyst initiations/upgrades are positive and likely support near-term momentum, partially offset by a small insider sale and one generic downgrade headline with limited direct detail."
COIN,2025-03-09,1.8,2,"Net mildly bullish for COIN: Kraken IPO and pro-crypto policy headlines support sector sentiment, while the new meme coin on Coinbase’s Base adds speculative attention, but neither is an immediate direct fundamental catalyst for COIN tomorrow."
COIN,2025-03-10,-7.2,6,"COIN is facing broad bearish pressure from a crypto selloff and risk-off macro backdrop, with multiple articles pointing to Bitcoin weakness and sector-wide declines that are likely to keep tomorrow’s price action biased lower."
COIN,2025-03-11,7.1,6,"COIN news flow is net bullish, led by a potentially market-moving 24/7 BTC/ETH futures launch and supportive analyst commentary, with additional upside from Ark buying, while the conference item is neutral and the Tesla/tech headlines are mostly noise."
COIN,2025-03-13,-4.2,1,"The article reflects negative price momentum and likely short-term selling pressure rather than a new fundamental catalyst, making tomorrow’s bias mildly bearish with headline-driven downside risk."
COIN,2025-03-14,-1.2,6,"Mixed but slightly bearish for tomorrow: COIN is being pressured by broader crypto weakness and recent stock decline, while Ark/Cathie Wood buying and pro-crypto Trump-related headlines provide offsetting support, leaving a modest downside/volatile bias rather than a strong directional move."
COIN,2025-03-15,6.8,1,"The article is broadly bullish for COIN because it reinforces a strong sector-wide crypto re-rating, improved institutional adoption, and supportive macro/policy sentiment, which should favor near-term momentum and speculative buying."
COIN,2025-03-16,0.1,1,"The article is largely unrelated to COIN and appears to be ETF comparison noise rather than a direct catalyst, so it should have little to no impact on tomorrow’s price action."
COIN,2025-03-17,5.8,2,"The news flow is modestly bullish for tomorrow, led by Bernstein’s new Outperform initiation on Coinbase and reinforced by recent positive price momentum, though the second item appears largely descriptive and may add limited incremental information."
COIN,2025-03-18,4.8,5,"Overall sentiment is moderately bullish for COIN, driven mainly by Bernstein’s Outperform initiation and supportive Ark/Bitcoin-related coverage, though some articles are low-signal noise and the near-term move is likely modest rather than explosive."
COIN,2025-03-19,2.1,6,"Net sentiment is mildly bullish for tomorrow, driven mainly by positive momentum/sector-adoption headlines and a prior COIN price rise, partially offset by one security-risk headline that is more headline noise than direct fundamental damage."
COIN,2025-03-21,4.1,2,"The Deribit acquisition talks are a moderately bullish strategic catalyst for Coinbase’s derivatives expansion and long-term revenue mix, while the small prior-day price uptick is mostly noise and suggests limited immediate downside."
COIN,2025-03-22,-0.8,2,"The news flow is mostly noise for COIN: the XRP/legal catalyst is only indirectly relevant and the stock’s small intraday dip suggests mild negative momentum rather than a fresh fundamental driver, implying a slightly bearish but low-conviction setup for tomorrow."
COIN,2025-03-24,4.1,6,"COIN’s near-term setup is modestly bullish, driven mainly by broad risk-on macro momentum and Bitcoin strength, with article-specific news mostly reflecting sector sympathy rather than company-specific fundamentals."
COIN,2025-03-26,3.2,1,"GameStop’s Bitcoin treasury move is a positive sector sentiment catalyst for crypto-linked names like COIN, but the impact is indirect and likely mostly momentum/speculation-driven rather than fundamental, so it should provide a modest bullish bias for tomorrow."
COIN,2025-03-27,0.8,2,"The articles are only loosely related to COIN: one is mildly supportive of broader institutional crypto adoption (a positive sector tailwind for Coinbase), while the other is generic cautionary commentary on crypto risk that is mostly noise, leaving tomorrow’s impact likely muted and near-neutral with a slight bullish bias."
COIN,2025-03-28,-2.8,1,"The article signals a risk-off macro backdrop with altcoins under pressure and a flight to safety, which is mildly bearish for COIN near term due to weaker crypto trading sentiment, though the impact is limited because it is broad sector noise rather than a company-specific catalyst."
COIN,2025-03-31,-0.5,1,"The article is mostly a minor price-action update showing COIN underperforming a rising market, which suggests slight near-term bearish momentum but no new fundamental catalyst."
COIN,2025-04-01,-3.8,2,"COIN faces a bearish near-term setup as weak earnings fundamentals and crypto-sector softness are being offset only partially by broader Bitcoin resilience, leaving tomorrow biased lower on headline risk and macro sensitivity."
COIN,2025-04-02,-2.8,2,"COIN faces a modest bearish near-term setup as crypto and crypto equities are pressured by macro tariff-driven risk-off selling, while Circle’s IPO filing is a positive sector signal but only indirectly supportive and likely outweighed tomorrow by broader market sentiment."
COIN,2025-04-03,-6.8,2,"Both articles point to a broad risk-off macro shock from Trump’s tariff announcement, pressuring Bitcoin and crypto equities like COIN via sector-wide selling and negative momentum rather than company-specific fundamentals."
COIN,2025-04-04,-1.8,4,COIN faces a mildly bearish near-term setup as macro tariff-driven risk-off pressure and a technical death cross outweigh the modestly supportive stablecoin-regulation headline and broader Bitcoin bounce.
COIN,2025-04-05,4.2,1,"ARK’s additional Coinbase buying is a modest bullish positioning signal for tomorrow, but it is more flow/momentum-driven than fundamental and likely only supports a mild upside bias."
COIN,2025-04-06,2.4,3,"Overall sentiment is mildly bullish for tomorrow, driven mainly by analyst support and ARK’s added buying interest, but the signals are mostly short-term positioning/newsflow rather than a strong fundamental catalyst, so the likely impact is limited."
COIN,2025-04-07,-2.8,2,"COIN faces a mildly bearish near-term setup as Bitcoin’s drop below $75K and broader crypto risk-off macro pressure outweigh the limited positive read-through from Cathie Wood’s buying, suggesting downside/volatile trading tomorrow."
COIN,2025-04-08,-4.8,1,"Bitcoin weakness and broader crypto-share pressure are a negative macro/sector catalyst for COIN into tomorrow, likely weighing on sentiment and trading momentum despite no company-specific news."
COIN,2025-04-09,4.2,6,"Overall sentiment is moderately bullish for tomorrow, driven by multiple analyst upgrades and strong fundamental/technical commentary on COIN, partially offset by broad macro/tariff-related market risk and some likely noise from unrelated market headlines."
COIN,2025-04-10,1.8,6,"The news is mildly bullish overall: the Q1 earnings date announcement is a neutral-to-slightly positive catalyst, while broader crypto-sector strength and a recent COIN pullback support a rebound, but there is no fresh fundamental surprise yet and the main earnings event is still ahead."
COIN,2025-04-11,1.8,2,"The only COIN-specific catalyst is Ark Invest’s notable buying, which is a modest bullish positioning signal for tomorrow, but it is partially offset by the broader market selloff and tariff-driven macro risk, while the first article is effectively noise for COIN."
COIN,2025-04-12,0.1,1,"The article is about Ark Invest selling unrelated biotech holdings and contains no direct COIN-specific catalyst, so it is likely noise with negligible impact on tomorrow’s price action."
COIN,2025-04-14,1.8,2,"Slightly bullish overall: the GAO probe into SEC changes may be viewed as a modest regulatory overhang relief for Coinbase, while the price-only article is mostly noise, implying a small positive bias for tomorrow with limited conviction."
COIN,2025-04-15,2.8,1,"The main catalyst is a bullish positioning signal from declining short interest, which may support COIN modestly tomorrow, though the article is light on fresh fundamental news and likely has limited immediate market-moving power."
COIN,2025-04-16,-1.8,1,"Bitcoin’s rebound above $84k is supportive for COIN, but the article explicitly says crypto stocks are slipping, so the near-term read is mildly bearish/neutral due to sector weakness outweighing the BTC bounce."
COIN,2025-04-17,0.8,2,"The COIN mentions appear to be low-specificity media/TV commentary rather than a direct catalyst, creating a mildly bullish but mostly noise-driven short-term bias with limited expected impact on tomorrow’s price."
COIN,2025-04-18,1.8,1,"The article is mildly bullish for COIN because it highlights Coinbase infrastructure improvements supporting Solana transactions, which signals product/usage expansion and positive ecosystem momentum, though the direct near-term impact on COIN stock is limited."
COIN,2025-04-21,-0.8,4,"Mixed but slightly negative near-term tone: the bank-charter/macro integration story is mildly supportive, but the pump-and-dump and memecoin backlash headlines create headline risk and likely pressure sentiment more than they help fundamentals for tomorrow."
COIN,2025-04-22,0.2,1,"The article is about SOFI hedge-fund buying and only indirectly references COIN, so it is likely low-relevance noise for tomorrow’s COIN trading with at most a slight positive read-through for crypto-related financial sentiment."
COIN,2025-04-23,6.8,4,"The news flow is net bullish for COIN, driven by analyst initiation on regulatory clarity, a strategic Coinbase Credit deal with Riot that reinforces institutional/credit-platform credibility, and continued momentum from Bitcoin strength and prior price action, though some of the move may already be priced in."
COIN,2025-04-24,5.8,6,"COIN news flow is net bullish, led by the PayPal stablecoin partnership and positive momentum/analyst coverage, with the hacking headline likely irrelevant noise and the recent price strength reinforcing short-term upside bias."
COIN,2025-04-25,6.8,3,"COIN has a bullish near-term setup driven by Bitcoin strength, sector-wide crypto momentum, and the PayPal/PYUSD partnership expansion, which adds a positive product/adoption catalyst likely to support tomorrow’s price action."
COIN,2025-04-28,1.8,3,"Net sentiment is mildly bullish: the Bitcoin Yield Fund is a constructive product catalyst for institutional demand, but the prior 4.11% drop and unusual options activity suggest positioning-driven volatility that may cap upside tomorrow."
COIN,2025-04-29,0.8,3,"The news mix is mildly constructive but mostly low-to-moderate impact: a small recent outperformance/underperformance note is noise, the ‘crashed on Monday’ piece is backward-looking and likely already priced in, while the Trump-era banking/crypto convergence theme is a longer-term positive for COIN’s strategic optionality rather than a direct tomorrow catalyst."
COIN,2025-04-30,1.2,2,"The articles are largely listicle-style mentions with no new company-specific catalyst, so they create a mild positive attention effect for COIN but are unlikely to drive more than a small, sentiment-driven move tomorrow."
COIN,2025-05-01,-1.8,2,"The news is mildly bearish for tomorrow because the main catalyst is an upcoming earnings report with expectations that COIN may not beat, while the second article is largely generic promotional coverage with limited incremental information."
COIN,2025-05-02,1.2,1,"A single maintained Buy rating from Citigroup is mildly bullish but low-impact and likely already priced in, so it should only provide a small positive bias for tomorrow rather than a major move."
COIN,2025-05-03,0.2,1,"The article is only a broad earnings-calendar mention with no COIN-specific catalyst, so it likely has minimal direct impact on tomorrow’s price action and is mostly neutral noise for COIN."
COIN,2025-05-04,1.8,2,"COIN gets a modest bullish tilt from the Supreme Court IRS-data challenge, which is a favorable regulatory headline for crypto-exchange sentiment, while the macro/brunch article is largely irrelevant noise for COIN and the net effect is likely a small, headline-driven upside bias rather than a major move."
COIN,2025-05-05,2.8,4,"Overall sentiment is mildly bullish for COIN into tomorrow, driven mainly by pre-earnings optimism, strong subscription growth, and favorable Bitcoin/sector momentum, though some investor caution ahead of results and one irrelevant ETF headline temper conviction."
COIN,2025-05-06,-2.8,4,"The news flow is modestly bearish for COIN because two analyst downgrades and a removed price target create near-term pressure, while the other articles are either unrelated to COIN or broad macro noise with limited direct impact."
COIN,2025-05-07,4.2,4,"COIN news flow is modestly bullish overall, led by earnings anticipation and a positive partnership headline, with retail popularity and broader crypto lending/product activity adding supportive sentiment, though much of the impact is likely already priced in and tomorrow’s move should be limited to mild-to-moderate upside."
COIN,2025-05-08,1.8,9,"Net sentiment is mildly bullish for tomorrow: the Deribit acquisition and Q1 earnings beat support upside, but the revenue miss and shelf offering create offsetting dilution/financing concerns, leaving a modest positive bias rather than a strong breakout signal."
COIN,2025-05-09,0.8,16,"Mixed but slightly positive: the earnings miss and revenue shortfall are offset by multiple analyst price-target raises, strong Q1 revenue/EBITDA growth, and acquisition-related optimism, suggesting a modest bullish bias for tomorrow with headline noise likely limiting the move."
COIN,2025-05-10,0.8,2,"The news is only indirectly relevant to COIN: the Bitcoin-vs-gold ETF theme is mildly supportive for crypto sentiment and COIN’s trading activity, but the AI-chip article is essentially noise for COIN, so the net impact looks slightly bullish but low-conviction for tomorrow."
COIN,2025-05-12,6.8,12,"COIN has a strong bullish near-term setup driven by S&P 500 inclusion, multiple analyst upgrades/raised targets, and positive altcoin/crypto-sector momentum, though some mixed valuation cuts and prior earnings softness temper the upside."
COIN,2025-05-13,7.8,19,"COIN sentiment is strongly bullish for tomorrow, driven primarily by the S&P 500 inclusion catalyst and analyst price-target upgrades, with supportive macro risk-on tape and momentum buying likely outweighing any near-term overbought/mean-reversion risk."
COIN,2025-05-14,8.1,14,"COIN news flow is strongly bullish overall, led by S&P 500 inclusion, analyst price-target upgrades, positive CEO commentary, and supportive crypto/macro risk-on sentiment, with most catalysts likely to reinforce momentum into tomorrow."
COIN,2025-05-15,-4.8,12,"Tomorrow’s COIN action is likely bearish as multiple high-salience headlines around SEC scrutiny, data breach/cyberattack, and litigation outweigh a modest analyst price-target raise and broader market support, creating strong headline risk and negative sentiment despite some long-term bullish commentary."
COIN,2025-05-16,-4.8,13,"The news flow is dominated by the Coinbase data breach and related reputational/regulatory risk, which likely outweighs the longer-term S&P 500 inclusion and crypto-sector optimism for tomorrow’s trading."
COIN,2025-05-17,6.8,4,"COIN sentiment is strongly bullish for tomorrow, driven mainly by S&P 500 inclusion/anticipation and momentum buying, with the other articles adding little direct COIN relevance and only minor headline noise."
COIN,2025-05-19,-5.8,7,"The dominant near-term driver is headline risk from the DOJ probe and confirmed cybersecurity incident, which likely outweighs any speculative M&A upside from Circle and should pressure COIN tomorrow despite some bullish valuation commentary."
COIN,2025-05-20,1.8,4,"Net sentiment is mildly bullish for COIN: regulatory progress and positive sector/brand momentum outweigh the DOJ breach headline, but the mixed signals suggest only a modest near-term upside bias."
COIN,2025-05-21,2.1,6,"Net sentiment is mildly bullish for tomorrow because Bitcoin’s new all-time high and positive COIN momentum/Cramer commentary outweigh regulatory and breach-related headline risk, though the move is likely to be driven more by crypto-beta momentum than fundamentals."
COIN,2025-05-22,4.8,10,"COIN news flow is net bullish for tomorrow because record Bitcoin strength and broad crypto-stock momentum outweigh the negative overhang from the breach headlines, with the stock already showing positive price action and likely benefiting from sector-wide risk-on positioning."
COIN,2025-05-23,2.1,3,"COIN has a modest bullish tilt from S&P 500 inclusion and crypto-sector strength tied to Bitcoin at record highs, but near-term upside is partially offset by broad market risk-off pressure from renewed trade tensions."
COIN,2025-05-25,4.8,1,"The article is mildly bullish for COIN because it reinforces the broader regulatory-clarity and institutional-adoption narrative that could benefit Coinbase indirectly, but it is more of a sector sentiment catalyst than a direct near-term company-specific driver."
COIN,2025-05-27,6.4,3,"COIN has a bullish near-term setup from Bitcoin making new highs and Jefferies lifting its price target to $260, but the Hold ratings temper the signal, making tomorrow more likely a modestly bullish, momentum-driven move than a strong fundamental re-rating."
COIN,2025-05-28,7.2,1,"The article is a bullish analyst initiation tied to Coinbase’s inclusion in the S&P 500 and broader institutional adoption of crypto, which is supportive for sentiment but likely more long-term than a direct tomorrow catalyst."
COIN,2025-05-29,-5.8,5,"COIN’s near-term setup is dominated by a material cybersecurity incident and related litigation headlines, which likely outweigh the bullish but less specific options/crypto-sector optimism and create a bearish, headline-risk-driven bias for tomorrow."
COIN,2025-05-30,4.2,1,"The article is mildly bullish for COIN because S&P 500 inclusion of crypto exposure via Coinbase reinforces institutional legitimacy and passive-flow demand, but it is more of a long-term narrative catalyst than a direct near-term earnings or guidance driver."
COIN,2025-06-03,-4.8,5,"The news flow is mixed but skewed bearish for tomorrow: the conference/meeting items are low-impact and mildly supportive, while the reported $400M data-breach headline is the dominant market-moving catalyst and likely to pressure COIN on headline risk despite some offset from broader crypto adoption news."
COIN,2025-06-04,6.2,3,"COIN news flow is modestly bullish overall: the S&P 500 inclusion/rally narrative supports momentum and positioning, while the conference appearance is neutral-to-slightly positive; the Dorsey/Block Bitcoin-only headline is mostly sector-positive but indirect, so tomorrow’s move is likely driven more by momentum/speculation than fresh fundamentals."
COIN,2025-06-05,7.4,3,"COIN news flow is broadly bullish because Bitcoin’s breakout to new all-time highs and pro-crypto macro adoption should lift trading/transaction activity and sentiment, while the Circle acquisition speculation adds optionality, though the latter is more speculative than immediate."
COIN,2025-06-06,2.1,5,"COIN has a mildly bullish near-term setup from sector/market risk-on momentum and positive crypto-IPO sentiment, but gains are tempered by litigation headline risk and the move already being partially priced in."
COIN,2025-06-07,0.8,1,"The only catalyst is a mildly supportive macro risk-on backdrop from strong jobs data and broader market strength, which may help COIN sentiment tomorrow but is likely a low-specificity, low-impact driver rather than a company-specific catalyst."
COIN,2025-06-09,2.1,4,"The news flow is modestly bullish for COIN because it reinforces broad crypto-sector momentum and mainstream adoption, but it is mostly indirect/sector-level rather than a company-specific catalyst, so tomorrow’s impact is likely limited and more sentiment-driven than fundamental."
COIN,2025-06-10,1.8,5,"Net sentiment is mildly bullish for COIN: Circle’s strong IPO and broader crypto-listing enthusiasm support sector momentum, but Cathie Wood’s selling and the conference transcript are low-to-moderate impact, leaving tomorrow’s move likely modest and headline-driven rather than fundamentally transformative."
COIN,2025-06-11,2.8,2,"The analyst initiation is a modest near-term bullish catalyst for COIN, while the Pyth ETF data-feed news is only a weak indirect positive for crypto-market infrastructure sentiment, making tomorrow’s bias mildly bullish but not strongly directional."
COIN,2025-06-12,5.8,5,"Net sentiment is moderately bullish for tomorrow, driven mainly by the Coinbase credit card launch with American Express and supportive crypto-macro commentary, partially offset by lower-impact noise and a neutral market backdrop."
COIN,2025-06-13,4.2,6,"Net sentiment is moderately bullish for tomorrow, driven by concrete product/partnership catalysts (Shopify USDC integration, AmEx crypto card tease, stablecoin adoption narrative) that outweigh macro volatility and broad-market stress, though the move is likely tempered by headline noise and risk-off conditions."
COIN,2025-06-14,0.8,2,"The news is mildly constructive overall: stablecoin adoption and long-term upside commentary support fundamentals, but rising short interest adds near-term positioning pressure, making tomorrow’s bias only slightly bullish and likely muted."
COIN,2025-06-16,6.8,2,"Both articles are essentially the same bullish analyst reiteration from Rosenblatt, reinforcing positive sentiment on COIN with a higher target and likely supporting a modestly bullish near-term bias, though the impact is limited by being non-fundamental and largely already known analyst commentary."
COIN,2025-06-17,4.2,6,"Net sentiment is moderately bullish for tomorrow, driven by multiple analyst upgrades and product-expansion headlines (tokenized equities, JPMorgan token transfer, buy ratings) that outweigh the stale negative price-action article and broader skepticism around crypto-related names."
COIN,2025-06-18,6.8,12,"COIN news flow is net bullish for tomorrow, led by multiple high-impact product/regulatory catalysts (USDC collateral, stablecoin legislation, Coinbase Payments, tokenized equities) that outweigh litigation noise and suggest continued momentum-driven upside."
COIN,2025-06-19,5.8,4,"The news flow is broadly bullish for COIN, driven mainly by positive crypto-sector momentum, strong recent price action, and upbeat analyst-style commentary, though the dividend ETF item is mostly noise and the move may be partly momentum/speculation rather than a fresh fundamental catalyst."
COIN,2025-06-20,6.8,9,"COIN news flow is broadly bullish, led by stablecoin/regulatory tailwinds, EU expansion, and strong sector momentum, though some articles are mostly price-chasing/technical noise rather than fresh fundamental catalysts."
COIN,2025-06-22,8.2,1,"The article is strongly bullish for COIN because it combines a major regulatory catalyst (stablecoin bill passage) with a new product expansion narrative (stock trading adoption), reinforcing momentum after a sharp weekly rally and likely supporting continued near-term upside."
COIN,2025-06-23,-1.2,4,"Near-term sentiment is slightly bearish because the cybersecurity investigation and related litigation headlines create immediate headline risk and pressure, partially offset by the analyst price-target boost and positive stablecoin-regulation catalyst, leaving tomorrow’s action likely choppy to mildly negative."
COIN,2025-06-24,5.8,8,"COIN news flow is net bullish for tomorrow, driven by risk-on macro relief from the Israel-Iran ceasefire, continued crypto/regulatory optimism from the GENIUS Act, and positive momentum/positioning, though some articles are low-signal or noisy."
COIN,2025-06-25,6.4,6,"COIN’s near-term setup is bullish, driven mainly by strong momentum/speculative flow and positive crypto/regulatory sentiment, reinforced by a recent 12% jump and broad risk-on market conditions, though some articles are mostly market-noise rather than COIN-specific catalysts."
COIN,2025-06-26,7.4,8,"COIN news flow is strongly bullish overall, driven by repeated all-time-high momentum, analyst target raises, and stablecoin/crypto adoption tailwinds, though some near-term upside may be tempered by valuation concerns and possible overextension."
COIN,2025-06-27,1.8,6,"COIN has a mildly bullish near-term setup from broader risk-on market tone and positive crypto/analyst chatter, but the signal is tempered by Ark’s notable selling and several articles being more sector-theme or noise than direct COIN catalysts."
COIN,2025-06-28,6.2,2,"COIN’s recent outperformance and momentum-driven buying interest are mildly bullish for tomorrow, but the second article is only indirectly relevant and adds little incremental catalyst beyond speculative flow."
COIN,2025-06-29,0.8,1,"The article is a broad market/risk-on commentary that modestly supports COIN via tech/crypto-beta sentiment, but it is indirect and not a company-specific catalyst, so the likely impact on tomorrow is limited and mostly driven by macro/momentum rather than fundamentals."
COIN,2025-06-30,1.2,4,"Net sentiment is mildly bullish for tomorrow: Cramer’s positive call and broader crypto strength outweigh the negative IRS/privacy headline, while the other two items are more indirect sector/supportive noise than immediate COIN-specific catalysts."
COIN,2025-07-01,-0.8,3,"Mixed but slightly bearish: the Supreme Court/IRS data-access headline adds legal and privacy overhang, while the Time list inclusion is mostly low-impact publicity and Ark’s reduction in COIN suggests some near-term selling pressure."
COIN,2025-07-02,2.1,7,"Overall sentiment is mildly bullish for tomorrow, driven by positive crypto-sector momentum, Coinbase-specific acquisition news, and supportive trading/positioning flows, though some of the articles are noisy or indirect and Cathie Wood’s sale adds a small offsetting headwind."
COIN,2025-07-03,-1.8,3,"COIN faces near-term headline risk from the investor litigation notice, while the bullish crypto-reentry and growth-stock rebound themes are supportive but more indirect and likely less immediate for tomorrow's trading."
COIN,2025-07-04,7.2,3,"The news is broadly bullish for COIN because Bitcoin’s sharp rally supports sector momentum, while the Bybit report highlights regulatory tailwinds, institutional acceptance, and relative outperformance that can reinforce near-term buying interest despite valuation concerns."
COIN,2025-07-07,7.8,2,"Both articles are bullish analyst price-target raises on Coinbase with no offsetting negative catalysts, likely supporting positive sentiment and momentum-driven upside in the near term."
COIN,2025-07-08,4.8,7,"COIN news flow is modestly bullish overall, led by positive earnings-expectation commentary, expanding Coinbase-related business activity, and strong crypto-sector momentum, though some of the articles are indirect or noisy and likely have limited immediate trading impact."
COIN,2025-07-09,0.8,3,"COIN news is mildly positive but mostly neutral for tomorrow: the earnings-date announcement is expected and low-impact, while the CRCL/USDC partnership is only an indirect sector-positive read-through with limited immediate relevance to Coinbase."
COIN,2025-07-10,4.8,11,"COIN news flow is net bullish for tomorrow, led by a major Barclays price-target raise, a positive AI partnership, and supportive Bitcoin/crypto momentum, partially offset by a bearish analyst downgrade and some likely headline noise."
COIN,2025-07-11,1.8,6,"COIN has a mildly bullish near-term setup from Bitcoin making new highs and Coinbase’s onchain expansion, but this is partially offset by Ark selling COIN and broader macro risk from tariff-driven market weakness, making tomorrow’s move likely modest and headline-driven."
COIN,2025-07-12,2.4,1,"The article is a mild positive for COIN because rising interest in stablecoins supports broader crypto activity and Coinbase’s transaction/USDC ecosystem, but it is a sector-theme piece with limited immediate catalyst strength for tomorrow."
COIN,2025-07-13,1.8,2,"The JPMorgan fee news is a modest positive read-through for Coinbase as it reinforces the value of crypto/fintech data rails and could support sector sentiment, while the Patient Capital review is effectively noise with no direct COIN catalyst."
COIN,2025-07-14,8.1,16,"COIN news flow is strongly bullish overall, led by multiple analyst upgrades/price-target raises, record-high Bitcoin and crypto-legislation momentum, with only modest offset from broader tariff-driven market weakness."
COIN,2025-07-15,4.8,7,"COIN has a bullish near-term setup from Bitcoin making new highs, crypto-friendly policy/news flow, and sector momentum, partially offset by competitive headlines and mixed broader market conditions, implying a modest bullish bias for tomorrow."
COIN,2025-07-16,2.1,3,"COIN news is modestly bullish overall, driven mainly by momentum/positioning from recent price strength and Ark-related crypto stock activity, while the macro/tariff headline is indirect noise with limited company-specific impact."
COIN,2025-07-17,2.8,6,"COIN news flow is modestly bullish overall, led by analyst price-target upgrades and strong recent price momentum, partially offset by crypto security/hack headlines and insider selling, implying a mild positive bias for tomorrow."
COIN,2025-07-18,4.2,3,"The news flow is modestly bullish for COIN, driven mainly by rerating/speculation around crypto-friendly regulation and positive market-share commentary, but the articles are mostly commentary rather than fresh company-specific catalysts, so the likely near-term impact is limited."
COIN,2025-07-19,0.0,1,"The provided article excerpt is too incomplete and appears largely macro/noise-driven rather than COIN-specific, so it offers no clear actionable catalyst for tomorrow’s price action."
COIN,2025-07-21,5.8,8,"COIN news flow is net bullish for tomorrow, led by crypto-sector regulatory tailwinds, a stablecoin-law-driven risk-on move, and product expansion into U.S. perpetual futures, partially offset by one minor negative price-action headline and some likely noise."
COIN,2025-07-22,2.8,8,"Net sentiment is modestly bullish for tomorrow, driven mainly by the PNC partnership news and broader crypto-banking adoption, partially offset by ARK selling COIN shares and some low-relevance/noise articles."
COIN,2025-07-23,1.2,5,"Net sentiment is mildly bullish for tomorrow: the Erste Group buy initiation and crypto-sector inclusion in the S&P 500 support COIN, but this is partially offset by South Korea regulatory pressure, making the overall impact modest and headline-driven rather than fundamentally decisive."
COIN,2025-07-24,2.1,3,"Overall sentiment is mildly bullish: the strongest near-term catalyst is the earnings-beat expectation, while the Cramer commentary and low options activity are more noise/positioning than a clear directional signal, implying a modest upside bias for tomorrow."
COIN,2025-07-25,-0.8,4,"The news flow is mostly indirect and mixed for COIN: macro/crypto-volatility headlines and Ark trimming crypto exposure are mildly bearish, while broader market/crypto chatter provides some support, leaving a slight negative bias for tomorrow."
COIN,2025-07-27,0.2,1,"The article is broad market commentary with no COIN-specific catalyst, so it likely has minimal direct impact on tomorrow’s price action and leaves COIN roughly neutral."
COIN,2025-07-28,4.2,5,"COIN’s near-term setup is modestly bullish, driven mainly by crypto-sector momentum and positive market risk appetite, with the news flow appearing more supportive of sentiment than of any company-specific fundamental catalyst."
COIN,2025-07-29,0.8,4,"Net impact is mildly bullish but low-conviction: the CoinDCX takeover denial removes a speculative M&A catalyst, while the other pieces are mostly generic sector/longer-term positive context with limited immediate relevance to tomorrow’s COIN trading."
COIN,2025-07-30,0.8,5,"COIN sentiment is mildly bullish into earnings due to elevated event-driven volatility and positive crypto-sector attention from Kraken’s fundraising news, but the setup is largely balanced by headline risk and the market’s focus on guidance rather than the earnings headline alone."
COIN,2025-07-31,-4.8,8,"COIN’s Q2 earnings miss is the dominant catalyst and likely outweighs the broader risk-on tech tape, while mixed market headlines and unrelated sector strength add only limited offset for tomorrow’s session."
COIN,2025-08-01,-4.8,7,"COIN’s setup is bearish for tomorrow because the company’s downbeat Q2 reaction and earnings-related selling are being reinforced by a broad risk-off macro tape (tariffs, weak jobs, futures lower), which likely outweighs any positive earnings surprise headline."
COIN,2025-08-02,-4.8,2,"COIN’s near-term setup is bearish because the main catalyst is a sharp crypto-sector selloff that directly pressures trading volumes and sentiment, while the second article is broad market commentary with only indirect relevance and little offsetting bullish news."
COIN,2025-08-03,-0.5,1,"The article is only a broad market roundup of large-cap losers and does not mention COIN directly, so any impact is likely minimal and mostly indirect via general risk-off sentiment."
COIN,2025-08-04,4.2,6,"Net sentiment is moderately bullish for COIN, driven mainly by the JPMorgan partnership news and supportive analyst/quality narratives, while the remaining articles are mostly indirect or low-signal noise for tomorrow’s trading."
COIN,2025-08-05,-4.6,4,"COIN news flow is modestly bearish for tomorrow, led by the $2B debt offering and concurrent price weakness, with broader market/sector slide and options chatter adding headline risk, while the valuation article is longer-term and less relevant to near-term trading."
COIN,2025-08-06,-0.5,1,"The article is only loosely related to COIN and mainly reflects broader crypto/payments ecosystem activity, so it is likely a minor, mostly neutral-to-slightly-bearish noise signal for tomorrow rather than a direct catalyst."
COIN,2025-08-07,2.1,2,"COIN sees mildly bullish spillover from Bitcoin/ETF adoption optimism and broader crypto risk appetite, but the macro/tariff backdrop is mixed and the articles are indirect rather than company-specific, so tomorrow’s impact is likely modest."
COIN,2025-08-08,0.5,1,"The article is a broad market/stock-picking piece with only indirect relevance to COIN, so it likely has minimal immediate impact and any effect tomorrow should be near-neutral with a slight risk-on tilt from general growth-stock sentiment."
COIN,2025-08-09,4.2,1,"Coinbase’s involvement in the tokenized-stocks race is a positive product/sector catalyst that supports medium-term growth expectations, but for tomorrow it is likely a modest bullish headline rather than a major fundamental re-rating."
COIN,2025-08-11,2.8,8,"COIN has a modest bullish near-term setup driven mainly by crypto-sector momentum and bitcoin trading near highs, partially offset by mixed broader equity/macro tone and mostly non-fundamental headline noise."
COIN,2025-08-12,-2.8,2,"COIN faces a mildly bearish near-term setup as negative commentary on fees/platform strain weighs on fundamentals, while broader market futures are slightly supportive but likely insufficient to offset the company-specific headline risk."
COIN,2025-08-13,2.1,3,"Net sentiment is mildly bullish for COIN: the leveraged ETF launch and Coinbase-linked strategic/partnership headlines support attention and speculative demand, but the news is mostly indirect and likely to have only a modest near-term impact."
COIN,2025-08-14,2.1,4,"Overall mildly bullish for COIN: the strongest relevant catalyst is Coinbase-specific product/integration news that can support trading activity and sentiment, while the ETF/regulatory backdrop is constructive but more medium-term; the other articles are mostly noise or indirect, so tomorrow’s likely impact is modestly positive rather than material."
COIN,2025-08-15,4.8,2,"The news is modestly bullish because Coinbase completed the Deribit acquisition, expanding its crypto derivatives franchise, but the market appears to have already priced it in as shares were steady, so tomorrow’s impact is likely limited and more sentiment-driven than fundamentally re-rating."
COIN,2025-08-16,1.8,2,"The news is mildly positive for COIN because Gemini’s IPO filing reinforces strong sector appetite and public-market validation for crypto exchanges, but the direct impact is limited and partly offset by Gemini’s weak financials, making tomorrow’s move likely modest and sentiment-driven rather than fundamentals-driven."
COIN,2025-08-18,0.8,2,"COIN’s near-term setup is mildly bullish: the macro tape is only slightly risk-off, while Texas positioning as a crypto-friendly hub is a supportive long-term catalyst, though it is not likely to materially move tomorrow’s price on its own."
COIN,2025-08-19,2.4,1,"The article is mildly bullish for COIN because it reinforces positive long-term investor sentiment around crypto infrastructure, but it is mostly commentary/opinion rather than a direct catalyst, so tomorrow’s impact is likely limited."
COIN,2025-08-20,4.2,2,"COIN gets a modestly bullish near-term boost from product expansion into high-demand assets like Solana and XRP, while the Bullish stablecoin IPO headline is a positive sector read-through for crypto market infrastructure and USDC adoption, though neither is likely to be a major direct catalyst for tomorrow."
COIN,2025-08-21,2.1,2,"The news is mildly bullish for COIN because Armstrong’s pro-Bitcoin, pro-regulatory-clarity comments support the broader crypto narrative, while the Hayes pardon article is mostly sector-color/noise with limited direct impact on Coinbase’s near-term fundamentals."
COIN,2025-08-22,-0.8,1,"The article is only loosely related to COIN and appears to be more of a Block/Bitchat product headline than a direct Coinbase catalyst, so it likely creates minimal near-term impact with a slight negative privacy/surveillance overhang rather than a meaningful price driver."
COIN,2025-08-23,-1.8,2,"The news flow is mildly negative for COIN: the Suze Orman piece is only a weak indirect crypto/tech sentiment tailwind, while the analyst note explicitly argues policy-shift benefits were overstated, suggesting limited near-term upside and a slightly bearish bias for tomorrow."
COIN,2025-08-25,-2.1,9,"COIN is likely to face mild near-term pressure from a risk-off macro tape, rising yields, and sector-wide weakness in crypto-linked growth names, though the move should be limited because the articles contain no company-specific negative catalyst and much of the signal is broad market noise."
COIN,2025-08-26,0.8,3,"The news is mildly supportive for COIN via broader crypto-sector optimism and positive Bitcoin sentiment, but the Bitpanda listing story is only indirect and likely low-impact for tomorrow’s trading."
COIN,2025-08-28,2.1,2,"Net mildly bullish for COIN: the CFTC offshore-access clarification is a modestly positive regulatory backdrop for crypto market expansion, while the prediction-platform funding news is more of a sector/venture signal than a direct Coinbase catalyst, so tomorrow’s impact is likely limited and mostly sentiment-driven."
COIN,2025-08-29,2.1,5,"COIN has a modest bullish tilt from broad crypto adoption/newsflow and blockchain-friendly policy headlines, but near-term upside is tempered by a tech selloff and the stock’s high sensitivity to crypto volatility, making tomorrow more likely a mild, sentiment-driven move than a strong breakout."
COIN,2025-09-02,4.2,2,"The main bullish catalyst is Coinbase expanding its derivatives product suite into Mag7 equity index futures and crypto ETF futures, which supports revenue diversification and trading activity, while the Metaplanet Bitcoin treasury headline is only a weak indirect sector-positive signal for COIN."
COIN,2025-09-03,4.8,4,"Net sentiment is moderately bullish for COIN, driven mainly by the new futures product launch and supportive crypto/market-structure headlines, with limited near-term fundamental impact but enough catalyst potential for a mild-to-moderate upside bias tomorrow."
COIN,2025-09-04,1.8,5,"COIN has a modest bullish tilt from the AI-code productivity headline and broader crypto-sector optimism, but the S&P 500/Strategy and Bullish articles are only indirect read-throughs, so tomorrow’s impact is likely limited and mostly sentiment-driven rather than fundamental."
COIN,2025-09-05,-0.8,1,"The Eurozone stagnation headline is only a mild macro headwind for COIN, implying slightly weaker risk appetite and crypto sentiment, but it is low-relevance and unlikely to materially move tomorrow’s price action on its own."
COIN,2025-09-06,2.5,1,"The article is mildly bullish for COIN because it reinforces a pro-crypto political/regulatory backdrop, but it is indirect, long-term in nature, and unlikely to materially move tomorrow’s trading on its own."
COIN,2025-09-08,2.1,2,"The news is modestly bullish for COIN because a broader crypto VC funding rebound supports sector sentiment and risk appetite, while the analyst-calls article is only indirectly relevant and mostly noise for tomorrow’s trading."
COIN,2025-09-09,1.2,4,"The news flow is mildly positive for COIN because Nasdaq’s tokenized securities filing supports the long-term crypto/market-structure narrative, but the dividend articles are largely irrelevant/noisy for COIN and likely have limited near-term trading impact."
COIN,2025-09-10,2.4,2,"The news is modestly bullish for COIN because strong demand for Gemini’s IPO signals constructive sector sentiment and speculative appetite for crypto equities, while the options-frenzy headline suggests elevated trading interest in COIN, though neither item is a direct fundamental catalyst."
COIN,2025-09-11,0.2,2,"The articles are about MSCI and PNC rather than COIN, so they provide no direct COIN-specific catalyst; at most they imply a mild broader financial-sector/market sentiment spillover, which is likely negligible for tomorrow."
COIN,2025-09-12,6.8,2,"Gemini’s upsized, above-range IPO is a strong sector-positive signal for crypto exchanges and likely lifts COIN via sympathy/momentum trading, though the impact is indirect and may be partially priced in."
COIN,2025-09-13,4.2,1,"Gemini’s strong Nasdaq debut and 32% pop signal renewed sector risk appetite and positive read-through for crypto equities like COIN, but the impact is indirect and mostly sentiment-driven rather than company-specific."
COIN,2025-09-15,0.8,2,"COIN-specific news is mostly neutral-to-slightly bullish, with the only meaningful read-through coming from broader crypto-sector risk appetite and momentum rather than any direct catalyst, so tomorrow likely sees a mild positive bias unless crypto weakens sharply overnight."
COIN,2025-09-16,0.2,2,"The articles are only indirectly relevant to COIN and mainly reflect positive crypto-payment adoption sentiment at Block, which is mildly supportive for the crypto sector but unlikely to materially move Coinbase tomorrow."
COIN,2025-09-17,4.6,4,"COIN sentiment is modestly bullish for tomorrow, driven mainly by positive product/newsflow around stablecoin-enabled AI transactions and broader crypto-sector momentum, partially offset by one low-relevance options-activity headline and mixed indirect sector signals."
COIN,2025-09-18,4.2,7,"COIN has a modestly bullish near-term setup driven by positive crypto-product news and a strong risk-on tech/macro backdrop, though some headlines are noisy and likely to have limited incremental impact."
COIN,2025-09-21,2.1,1,"The article is mildly bullish for COIN because clearer U.S. crypto regulation could improve sector adoption and trading activity, but the impact is indirect and likely more long-term than a strong tomorrow catalyst."
COIN,2025-09-22,2.1,6,"COIN has a modest bullish tilt for tomorrow driven mainly by supportive risk-on market/tech momentum and the potentially positive optionality of a Base token, but the news is mostly indirect and likely to produce only a mild move."
COIN,2025-09-23,0.8,3,"Net tone is mildly bullish for COIN: the Coinbase Prime institutional custody/trading mention and CNBC final-trades visibility support sentiment, but the analyst downgrade and valuation caution likely cap upside and keep tomorrow’s move modest."
COIN,2025-09-24,0.8,3,"Overall sentiment is mildly bullish for COIN due to a supportive analyst note and positive crypto-macro discussion, but the news is mostly non-catalytic and likely to have only a small near-term impact."
COIN,2025-09-25,-6.4,3,"COIN is likely pressured tomorrow by broad crypto weakness and risk-off macro sentiment, with sector-wide selling in BTC/ETH-linked names outweighing any company-specific positives."
COIN,2025-09-26,1.8,4,"Net sentiment is mildly bullish for COIN: the main near-term driver is supportive commentary from Jim Cramer and a generally constructive long-term institutional view, partially offset by a broader crypto sell-off tied to Bitcoin weakness that could pressure trading-related revenue and sentiment tomorrow."
COIN,2025-09-27,4.2,3,"The main actionable catalyst is Mizuho’s price-target raise on COIN to $300, which is a modestly bullish analyst upgrade likely to support near-term sentiment, while the other two articles are largely generic or indirect crypto-sector commentary with limited immediate relevance."
COIN,2025-09-29,-0.8,2,COIN sentiment is mildly negative for tomorrow because the news flow is mostly macro/regulatory noise with the SEC crypto ETF halt and broader risk-off backdrop outweighing the limited positive support from general growth-name strength.
COIN,2025-09-30,0.8,5,"COIN-specific news is mildly positive from relative outperformance and broader market strength, but the dominant near-term driver is macro risk from shutdown fears and cautious risk-off positioning, making tomorrow’s setup only slightly bullish to neutral."
COIN,2025-10-01,-2.8,3,"COIN faces a modest bearish tilt from renewed litigation risk and headline overhang, partially offset by a neutral broader market tape and no direct negative crypto-specific catalyst, suggesting limited downside pressure tomorrow rather than a major move."
COIN,2025-10-02,1.2,1,"The article is a mild positive macro/sector tailwind for COIN via risk-on sentiment and strength in Nasdaq-linked growth assets, but it is indirect and likely only supports a modest bullish bias for tomorrow rather than a strong move."
COIN,2025-10-04,4.2,1,"The article is modestly bullish for COIN because a broader wave of crypto ETF launches could lift sector sentiment and trading activity, but the impact is indirect and more medium-term than a clear near-term catalyst."
COIN,2025-10-06,4.6,5,"Net sentiment is moderately bullish: the OCC trust charter application is the main actionable catalyst for expanding Coinbase’s custody franchise, while supportive crypto/DeFi capital-allocation headlines and a favorable risk-on tech tape add upside, though the stock’s prior strength suggests some of this may already be priced in."
COIN,2025-10-07,2.1,3,"COIN has a modest bullish tilt from Bitcoin’s record-high momentum and supportive U.S. crypto-regulation rhetoric, but near-term upside is tempered by broader equity risk-off pressure and shutdown-related macro uncertainty."
COIN,2025-10-09,0.6,1,"The article is mildly bullish because it points to expected high double-digit earnings growth for Coinbase, but with no new guidance, surprise catalyst, or immediate event, the likely impact on tomorrow’s trading is limited and mostly sentiment-driven."
COIN,2025-10-10,2.1,2,"COIN news is modestly bullish because investors are speculating on a potentially strategic BVNK deal, while the Bitcoin tax-exemption headline is only an indirect sector-positive catalyst with limited immediate impact on Coinbase."
COIN,2025-10-11,1.8,1,"The article is mildly bullish for COIN because broader institutional acceptance of crypto-related products supports sector legitimacy and potential trading/fee activity, but it is indirect, long-term, and not a near-term company-specific catalyst."
COIN,2025-10-12,-4.2,1,"The article is primarily a broad macro risk-off signal from new China tariff headlines, which likely pressures COIN tomorrow through crypto/tech sentiment and market-wide de-risking rather than any company-specific catalyst."
COIN,2025-10-13,7.2,5,"COIN news flow is broadly bullish for tomorrow, led by a fresh analyst upgrade on revenue diversification plus a strong crypto-sector rebound and risk-on macro backdrop, which should support momentum-driven upside despite some headline noise."
COIN,2025-10-14,-4.6,3,"COIN’s recent underperformance plus a broad risk-off macro selloff tied to escalating U.S.-China trade tensions likely creates bearish near-term pressure, with the stock vulnerable to a moderate downside move tomorrow despite no company-specific fundamental catalyst."
COIN,2025-10-15,1.8,2,"COIN’s fresh strategic investment in CoinDCX is a modestly bullish long-term fundamental signal, but the broader market backdrop is mixed and the news is unlikely to be a major near-term catalyst for tomorrow’s trading."
COIN,2025-10-16,4.2,2,"Net sentiment is mildly bullish for tomorrow, driven mainly by momentum/speculation from BNB’s record run and Coinbase adding it to the roadmap, while the “best crypto stock” article is largely promotional noise with limited incremental catalyst."
COIN,2025-10-17,4.2,2,"Net mildly bullish for COIN: the IRA bitcoin-yield partnership is a direct product/asset-growth catalyst with short-term relevance, while the Erebor bank approval is a positive sector/regulatory sentiment signal but only indirectly tied to Coinbase, so tomorrow likely sees a modest upside bias unless the news is treated as broad crypto-sector noise."
COIN,2025-10-18,0.5,1,"The article is a generic bullish crypto mention with little direct COIN-specific catalyst, so it may provide a small positive sentiment lift but is unlikely to materially move tomorrow’s price."
COIN,2025-10-20,5.8,3,"COIN-specific news is mildly bullish mainly because the stock is already showing positive momentum and is likely to benefit from a broad risk-on market rally and higher futures, though the articles contain little company-specific fundamental catalyst beyond sector/market sentiment."
COIN,2025-10-21,7.6,2,"The news is modestly bullish for COIN because the $375M Echo acquisition reinforces Coinbase’s strategic push into tokenized capital markets and benefits from a pro-crypto policy backdrop, though the immediate price impact is likely tempered by the deal being more long-term strategic than near-term earnings-accretive."
COIN,2025-10-22,2.1,2,"COIN has a modestly bullish setup from the new US Bitcoin Yield Fund launch, but the broader risk-off macro tape in equities likely caps upside and makes tomorrow’s move only mildly positive at best."
COIN,2025-10-23,0.8,2,"The Binance founder pardon is a modestly positive sector headline for crypto-exchange sentiment and regulatory tone, but the COIN-specific earnings note is more of a cautionary pre-earnings setup than a direct negative catalyst, leaving tomorrow’s bias slightly bullish but likely muted."
COIN,2025-10-24,5.8,7,"COIN news flow is net bullish, led by a bullish CEO regulatory outlook, analyst upgrade coverage, and strong crypto M&A/sector momentum, while the broader market tone is supportive and no major bearish company-specific catalyst is present."
COIN,2025-10-25,6.2,3,"COIN is likely to benefit from the broad crypto-positive tone and the risk-on macro backdrop from softer inflation and record-high US equities, with the main driver being sector momentum/speculation rather than company-specific fundamentals."
COIN,2025-10-26,-0.8,3,"COIN-specific news is mildly negative due to a bearish analyst stance highlighting persistent volatility, while the other articles are broad market/macro items with limited direct impact on Coinbase tomorrow."
COIN,2025-10-27,1.2,2,"The Citi partnership is a modestly bullish fundamental catalyst for institutional adoption, while the earnings preview is mostly neutral pre-event positioning, leaving a slight positive bias but limited immediate conviction for tomorrow."
COIN,2025-10-28,4.2,1,"The article is a bullish sentiment catalyst for COIN because Cathie Wood/ARK buying crypto-related stocks signals institutional confidence and can support near-term momentum, though it is more positioning/speculation than a direct fundamental driver."
COIN,2025-10-29,0.2,1,"The article is only indirectly relevant to COIN and mainly reflects a mildly positive sector/regulatory backdrop for crypto stablecoins, but it is not a direct Coinbase-specific catalyst and is likely to have limited near-term impact."
COIN,2025-10-30,6.8,10,"COIN news flow is strongly bullish overall, led by a major Q3 earnings beat, analyst upgrades, and new institutional partnership/product catalysts, though mixed macro/tech tape may cap upside and keep tomorrow’s move likely modest-to-moderate."
COIN,2025-10-31,2.1,15,"COIN news flow is modestly bullish overall, led by BVNK acquisition talks and stablecoin/payments narrative, but the impact is tempered by mixed earnings-transcript noise and a broader risk-on market backdrop that likely supports only a mild upside bias tomorrow."
COIN,2025-11-01,-1.5,1,"The article is primarily a macro risk piece about tariff-driven market volatility, which could pressure COIN via risk-off sentiment and crypto beta, but it is indirect and not company-specific, so the likely impact for tomorrow is mildly bearish rather than decisive."
COIN,2025-11-03,-4.2,2,"COIN is likely pressured tomorrow by broader crypto weakness and macro caution ahead of jobs data, while the MARA earnings mention is only a weak indirect sector signal with limited immediate relevance."
COIN,2025-11-04,-1.8,3,"COIN’s near-term setup is mildly bearish because the broader risk-off tape and valuation concerns in growth/tech can pressure high-beta crypto-linked names, while the COIN-specific article is mostly generic attention rather than a clear fundamental catalyst."
COIN,2025-11-05,0.8,4,"The news flow is mildly supportive for COIN via broader crypto-sector optimism and institutional interest, but it is mostly indirect and likely to have only a modest near-term impact on tomorrow’s trading."
COIN,2025-11-06,1.2,2,"Net mildly bullish: the Treasury/stablecoin headline is a modest positive for Coinbase’s regulatory positioning and future product economics, while the $400 article is mostly speculative commentary with limited immediate catalyst value, so tomorrow’s action is likely driven more by headline risk and crypto-sector sentiment than fundamentals."
COIN,2025-11-07,-5.8,2,"The Coinbase Europe AML enforcement action is a direct negative regulatory headline for COIN and likely outweighs any indirect sector read-through from HOOD, pointing to bearish near-term sentiment and elevated headline risk for tomorrow."
COIN,2025-11-08,2.4,2,"Net sentiment is mildly bullish for COIN, driven mainly by strong recent earnings/trading-volume momentum and broader crypto-sector enthusiasm, but offset by competitive pressure from upcoming rivals and one article that is largely generic/noise."
COIN,2025-11-10,7.2,2,"The news is modestly bullish for COIN because a new pre-listing token access platform is a product catalyst that can support trading activity and retail/institutional engagement, though the articles are more momentum/speculation-driven than fundamentally transformative for tomorrow."
COIN,2025-11-11,-3.8,5,"Net sentiment is modestly bearish for tomorrow: the abandoned BVNK acquisition removes a potential growth catalyst, while the Irish regulator fine adds headline/legal risk; the SoFi and bank-ETF pieces are mostly indirect sector noise and unlikely to offset the negative COIN-specific headlines."
COIN,2025-11-12,2.8,4,"Net sentiment is modestly bullish for COIN: the Texas reincorporation is a pro-business governance signal, while JPM Coin headlines are only indirectly positive and likely more sector/partnership noise than an immediate fundamental catalyst."
COIN,2025-11-13,0.8,3,"COIN has a mildly bullish near-term setup from the Texas domicile move and crypto-network optimism, but the broad market sell-off and likely risk-off tape should cap upside and make tomorrow’s action more likely flat-to-slightly positive rather than strongly directional."
COIN,2025-11-14,-4.2,4,"COIN is likely pressured tomorrow by the sharp Bitcoin selloff and broader risk-off macro tone, while the options article appears noisy/low-signal and the mixed equity tape offers little offset."
COIN,2025-11-15,1.2,1,"The article is broadly bullish but long-term and speculative rather than a near-term catalyst, so it likely has only a mild positive effect on tomorrow’s COIN price action."
COIN,2025-11-17,1.2,3,"Net sentiment is mildly bullish for COIN due to a positive institutional mention and acquisition-related growth narrative, but the impact is tempered by broader crypto/tech market weakness that could pressure tomorrow’s trading."
COIN,2025-11-18,-3.8,7,"COIN faces a mildly bearish near-term setup as crypto weakness and a broad tech/AI risk-off tape pressure sentiment, partially offset by a positive analyst price-target raise and some stock-specific attention, but the macro/sector drag likely dominates tomorrow."
COIN,2025-11-19,-2.8,5,"COIN news flow is mildly bearish overall: crypto weakness and Trump/Fed macro noise pressure the sector, while the Coinbase-Trump donation headline adds headline risk, partially offset by neutral-to-slightly supportive institutional/option-market and Ark-related flow."
COIN,2025-11-20,1.8,5,"COIN’s setup is modestly bullish for tomorrow: broader market weakness is a drag, but crypto-sector optimism from market-structure legislation and contrarian/peer-positive commentary on Coinbase and Bitcoin-linked names provide a small net positive offset."
COIN,2025-11-21,1.8,4,"Net sentiment is mildly bullish for COIN because the Vector acquisition is a strategic product expansion for Solana/onchain trading, but the move is likely tempered tomorrow by mixed macro risk-off tone and some headline noise from unrelated commentary."
COIN,2025-11-22,2.4,2,"The news flow is modestly bullish overall because a high-profile bullish $510 PT and a prior upgrade support sentiment, but the impact is tempered by a downgrade citing ETF competition, making tomorrow’s likely effect a mild positive bias rather than a strong move."
COIN,2025-11-23,1.2,1,"The article is broadly positive for COIN as a sector-leadership/long-term thematic mention, but it is low-specificity and unlikely to materially move tomorrow’s price on its own."
COIN,2025-11-25,-4.8,4,"COIN faces a bearish near-term setup from analyst downgrades and valuation/volatility concerns, partially offset by a mildly supportive broader market tone, but the dominant driver into tomorrow is negative headline risk and sector volatility."
COIN,2025-11-26,0.2,4,"The articles are mostly indirect and sector-level rather than COIN-specific, with mild positive crypto/tech sentiment from institutional buying and risk-on macro chatter, but no direct catalyst for Coinbase, so tomorrow’s impact looks near-neutral with a slight bullish tilt."
COIN,2025-11-27,-1.8,3,"COIN news flow is mildly bearish overall: the transaction-woes headline adds immediate headline risk, while Ark-related trading is a modest positive but more positioning-driven than fundamental, leaving tomorrow biased slightly down/flat."
COIN,2025-11-28,0.8,7,"COIN’s near-term setup is mildly bullish because the broader market tone is constructive and crypto-related risk appetite is supported, but the Argus downgrade and valuation concerns offset much of the upside, leaving tomorrow’s move likely modest and headline-driven."
COIN,2025-11-29,2.1,2,"Net sentiment is mildly bullish for COIN: the second article reinforces a constructive valuation/growth narrative around Coinbase and the crypto selloff as a buying opportunity, while the SoFi piece is only a weak sector-level read-through with limited direct relevance to COIN."
COIN,2025-11-30,2.1,1,"The article is mildly bullish for COIN because it highlights durable growth drivers like stablecoin revenue and ETF-related strategies, but it is largely long-term thesis content rather than a near-term catalyst for tomorrow's trading."
COIN,2025-12-01,-5.8,11,"COIN is facing a near-term bearish setup driven mainly by crypto-market weakness and broader tech risk-off sentiment, with Bitcoin’s sharp drop and sector-wide selling likely outweighing any longer-term bullish commentary or noise headlines for tomorrow’s price action."
COIN,2025-12-02,-1.8,12,"COIN faces a mixed setup: broader risk assets and crypto are stabilizing with some supportive macro/portfolio-allocation headlines, but the dominant near-term driver is still Bitcoin weakness and crypto-stock de-risking, leaving tomorrow’s bias slightly bearish to neutral."
COIN,2025-12-03,3.2,4,"Net sentiment is modestly bullish for COIN, driven by positive institutional adoption/partnership headlines and Ark accumulation, partially offset by broad macro risk-on support that is not COIN-specific and some low-information noise in the article summaries."
COIN,2025-12-04,-1.8,2,"COIN faces a mildly bearish setup from broader risk-off market pressure and a regulatory headline that reinforces caution around crypto-adjacent leveraged products, though neither article is directly company-specific or likely to drive a large move tomorrow."
COIN,2025-12-05,-1.8,2,"The news is mildly bearish for COIN because Cramer’s ‘sell on the way up’ comment reinforces valuation/Bitcoin-beta caution, while the broader crypto weakness and BTC resistance suggest a soft near-term trading backdrop despite no company-specific negative catalyst."
COIN,2025-12-08,1.2,3,"Overall sentiment is mildly bullish for COIN: the India re-entry is a constructive long-term growth catalyst and crypto-positive commentary from CZ/Saylor supports sector sentiment, but the broad market/macro backdrop is mixed and likely limits tomorrow’s upside to a modest move."
COIN,2025-12-09,1.8,3,"Net tone is mildly bullish for COIN: CEO crypto-optimism and broader pro-Bitcoin commentary support sentiment, but the main market driver is still macro/Fed uncertainty and BTC consolidation, which likely caps upside and keeps tomorrow’s move modest."
COIN,2025-12-10,0.8,3,"COIN-specific news is neutral-to-slightly positive from the Goldman Sachs conference presentation, but the broader tape is mildly risk-off from higher yields and the SpaceX IPO article is mostly sector/macro noise rather than a direct catalyst for Coinbase."
COIN,2025-12-11,1.8,5,"Net sentiment is mildly bullish for COIN: crypto-sector support from Coinbase-related product/news flow and positive industry commentary is offset by a risk-off macro tone in tech and softer crypto prices, implying a modest positive bias but likely only a mild move tomorrow."
COIN,2025-12-12,4.8,4,"The main driver is bullish product-news momentum from Coinbase’s reported launch of prediction markets and tokenized equities, reinforced by a constructive crypto/macro backdrop, though the move may be tempered by the stock’s existing downtrend and some article noise."
COIN,2025-12-13,0.2,1,"The article appears to be a routine investor conference transcript with no clearly new catalyst, so it is likely low-impact and mostly neutral for tomorrow’s trading."
COIN,2025-12-14,4.2,1,"The reported launch of a Coinbase/Kalshi-powered prediction market is a modestly bullish product catalyst that could support near-term sentiment, though it is still source-based and likely more speculative than immediately revenue-changing."
COIN,2025-12-16,-5.8,7,"COIN is likely pressured tomorrow by continued Bitcoin weakness, broader crypto risk-off sentiment, and negative sector momentum, partially offset by a minor long-term strategic investment headline that is not immediate price-moving."
COIN,2025-12-17,7.1,4,"COIN news is net bullish for tomorrow because the company is expanding into U.S. stock trading and other new products, which supports growth optionality and likely positive momentum, while the remaining items are either supportive but lower-signal or mostly noise."
COIN,2025-12-18,1.8,3,"COIN has a mildly bullish near-term setup from a risk-on macro tape and positive product/strategic headlines, partially offset by crypto price weakness and the fact that Ark’s buying is supportive but not market-moving enough to dominate tomorrow’s action."
COIN,2025-12-19,3.1,5,"Net sentiment is modestly bullish for tomorrow, driven mainly by positive crypto-sector momentum and Ark accumulation, partially offset by litigation/headline risk that is more medium-term than immediate."
COIN,2025-12-20,4.2,1,"Ark Invest’s purchase of COIN shares is a modest bullish positioning signal for tomorrow, but it is low-to-moderate impact and more sentiment-driven than fundamental, so the likely effect is a mild positive bias rather than a large move."
COIN,2025-12-22,2.1,3,"Net sentiment is mildly bullish for COIN, driven by positive sector maturation/stablecoin growth and a strategic acquisition in prediction markets, though the Layer 2 headline is only indirectly relevant and likely adds limited near-term trading impact."
COIN,2025-12-23,2.1,3,"Net sentiment is mildly bullish for COIN because the prediction-market acquisition is a credible strategic growth catalyst, while the analyst note is mostly neutral and the Bitcoin commentary is only indirectly supportive via broader crypto sentiment."
COIN,2025-12-26,1.2,2,"Net impact is mildly bullish for COIN because the Cramer piece frames crypto-related selling as an overreaction to macro noise, while the second article is largely generic long-term crypto hype with little direct near-term relevance."
COIN,2025-12-27,-6.8,1,"The headline is materially bearish for COIN because it highlights a major security breach, potential $400M cost, and reputational/legal risk, which should pressure sentiment and likely weigh on tomorrow’s trading."
COIN,2025-12-28,1.2,1,"The article is only loosely related to COIN and mainly reflects a mildly supportive Bitcoin/crypto sentiment backdrop, but it is low-relevance headline noise with limited direct impact on Coinbase tomorrow."
COIN,2025-12-29,1.5,1,"The article is mildly bullish for COIN because it reinforces a favorable long-term regulatory backdrop for crypto/stablecoins, but the catalyst is mostly 2026-oriented and unlikely to materially move tomorrow’s trading."
COIN,2025-12-30,-4.5,1,"COIN is likely pressured tomorrow by broad crypto risk-off sentiment tied to Bitcoin, Ethereum, and other majors falling ahead of Fed minutes, which is a macro-driven, immediate negative for crypto-exposed equities despite no company-specific catalyst."
COIN,2025-12-31,4.2,4,"Net sentiment is modestly bullish for COIN, driven mainly by the reported derivatives-clearinghouse acquisition and supportive crypto price action, though the fintech charter and broad market/AI articles are mostly indirect noise for tomorrow."
COIN,2026-01-01,1.2,2,"The news flow is mildly positive for COIN overall: the first article highlights crypto market risk and leverage blowups, which is a modest headwind for trading activity sentiment, while the second is a generic bullish stock-pick mention with limited immediate catalyst value, leaving tomorrow’s bias slightly bullish but likely low-conviction and headline-driven."
COIN,2026-01-02,0.8,4,"The news flow is mildly constructive for COIN due to long-term product/strategy optimism and a generally positive market backdrop, but the only near-term actionable item is a technical warning around critical support, making tomorrow’s impact likely modest and mixed rather than strongly directional."
COIN,2026-01-03,-1.5,1,"The article is mildly bearish for COIN because it reiterates that Coinbase lagged in a weak crypto backdrop, with Bitcoin down and ARK’s crypto exposure underperforming, but the impact is limited and mostly reflects broader sector sentiment rather than a new company-specific catalyst."
COIN,2026-01-04,1.5,1,"The article is a broad sector-policy backdrop that mildly supports COIN via a pro-crypto deregulation narrative, but it is indirect and likely more relevant to sentiment/momentum than immediate fundamentals, so tomorrow’s impact should be modestly bullish at most."
COIN,2026-01-05,0.8,1,"The article is a broad risk-on macro backdrop with U.S. equities and Nasdaq futures higher, which modestly supports COIN via crypto-beta and growth sentiment, but it is indirect and not company-specific, so the likely impact on tomorrow is limited."
COIN,2026-01-06,0.2,1,"The article is largely non-fundamental and only loosely related to COIN, so it should have minimal direct impact on tomorrow’s trading, with any effect likely limited to minor headline noise around CEO attention rather than business performance."
COIN,2026-01-07,0.8,3,"COIN sees a mild positive tilt from CEO clarification reducing reputational noise, but the JPM Coin and broader crypto weakness are mostly indirect and likely leave tomorrow’s move near neutral with slight upside bias."
COIN,2026-01-08,1.8,5,"Net sentiment is mildly bullish for COIN, led by the BofA upgrade and supportive crypto-policy headlines, but the impact is tempered by mostly indirect/sector-wide news rather than a company-specific catalyst likely to move tomorrow’s price materially."
COIN,2026-01-09,4.2,2,"Net sentiment is mildly bullish for COIN, driven mainly by positive sector structure from falling Bitcoin exchange balances and continued crypto-ETF/crypto-access narrative, though both items are more indirect and longer-horizon than immediate catalysts."
COIN,2026-01-10,2.4,1,"Bernstein’s maintained Outperform and tokenization-supercycle framing are modestly bullish for COIN, but the lower price target tempers enthusiasm, making the likely near-term impact a mild positive bias rather than a strong catalyst."
COIN,2026-01-11,-1.2,1,"A modestly bearish analyst price-target cut on COIN is negative for sentiment, but the maintained Outperform rating and long-term tokenization optimism likely limit tomorrow’s downside to a mild, headline-driven move."
COIN,2026-01-13,-1.8,2,"The downgrade on CLARITY Act regulatory risk is a modest bearish fundamental/headline-risk catalyst, partially offset by the bill markup delay being more of a timing issue than a negative surprise, leaving COIN with a slight downside bias for tomorrow."
COIN,2026-01-14,2.1,7,"COIN has a modest bullish tilt for tomorrow as crypto prices and sector sentiment are improving on Senate bill progress and BTC strength, but gains are capped by broader market weakness and headline risk around the bill’s uncertain passage."
COIN,2026-01-15,0.8,5,"Mixed setup: crypto-friendly BTC strength and delayed Senate markup support COIN, but near-term earnings expectations remain weak and regulatory/banks-vs-crypto headlines add headline risk, leaving a slight bullish bias for tomorrow."
COIN,2026-01-16,1.8,6,"COIN has a mildly bullish near-term setup from crypto-policy optimism and sector attention, but the Senate bill stall and broader crypto weakness offset this, leaving tomorrow’s bias slightly positive but not strongly directional."
COIN,2026-01-18,2.1,2,"Net mildly bullish: the ETF article is mostly sector noise, while Armstrong’s push for a level playing field and stablecoin rewards supports Coinbase’s regulatory narrative and could modestly lift sentiment, though the impact is likely limited for tomorrow."
COIN,2026-01-19,2.1,2,"The news is modestly bullish for COIN because it includes renewed analyst optimism and long-term upside commentary from BofA, while the ETF methodology article is largely structural/noise with limited immediate trading impact."
COIN,2026-01-20,1.2,7,"Net sentiment is mildly bullish for COIN: the Bermuda on-chain economy partnership, broader crypto/crypto-infrastructure optimism, and tokenization/ETF-related sector tailwinds outweigh the single negative price-action article, suggesting a modest positive bias for tomorrow with headline-driven volatility rather than a strong fundamental move."
COIN,2026-01-21,1.2,6,"Net impact is mildly bullish for COIN: pro-crypto political signaling from Armstrong and broader regulatory optimism are offset by risk-off macro weakness and mostly indirect/low-relevance crypto commentary, implying a slight positive bias but likely muted tomorrow."
COIN,2026-01-22,1.2,7,"Net sentiment is mildly bullish for COIN, driven mainly by crypto-sector policy optimism and ecosystem/product expansion headlines, but the impact is diluted by several low-relevance or noisy articles and no direct company-specific catalyst."
COIN,2026-01-23,1.8,4,"The news flow is modestly constructive for COIN via broader crypto adoption and ETF/tokenization optimism, but it is mostly indirect, with limited immediate company-specific catalyst and likely only a mild bullish bias for tomorrow."
COIN,2026-01-24,1.2,2,"The news is mildly bullish for COIN because it reinforces the pro-crypto policy narrative and highlights Coinbase’s influence on legislation, but the Senate delay and withdrawal of support temper the upside and make tomorrow’s impact likely modest."
COIN,2026-01-26,-0.8,3,"Mixed but slightly bearish: the theft headline may pressure exchange sentiment and shift flows away from COIN, while the Bitcoin super-cycle commentary is supportive but more long-term and less likely to move tomorrow’s price."
COIN,2026-01-27,1.8,3,"Net mildly bullish for COIN: the Coinbase quantum-risk advisory board is a modest positive long-term credibility signal, while the other two articles are broader crypto-sector sentiment pieces with limited direct near-term impact, making tomorrow’s move likely small and driven more by momentum/headline flow than fundamentals."
COIN,2026-01-28,-6.5,1,"COIN’s recent 7-day losing streak combined with regulatory scrutiny over stablecoin rewards points to bearish momentum and headline risk, likely pressuring tomorrow’s session despite the article being more sentiment-driven than fundamentally new."
COIN,2026-01-29,0.8,4,"Net mildly bullish: the SEC lawsuit drop and crypto-friendly political backdrop support COIN, but the analyst price-target cut and mixed PAC-related headlines offset much of the upside, leaving tomorrow’s action likely driven more by positioning/speculation than fundamentals."
COIN,2026-01-30,1.8,3,"Net mildly bullish: the CFTC clear-rules/prediction-markets headline is the strongest near-term positive for COIN, partly offset by headline risk from the Davos/Dimon conflict and a more generic analyst-bullish note that is supportive but not highly incremental."
COIN,2026-01-31,-3.8,3,"COIN faces a mildly bearish near-term setup as a sell-side target cut and expected revenue miss pressure fundamentals, while broader crypto sentiment is weakening as traders rotate toward metals, though the impact is partly offset by the news being more sector/macro-driven than company-specific."
COIN,2026-02-01,2.1,2,"COIN has a modestly bullish near-term setup from policy optimism around the Clarity Act and continued sector attention, but the second article is mostly thematic noise with limited direct company impact, so tomorrow likely sees only a mild positive bias."
COIN,2026-02-02,-3.8,4,"Near-term sentiment is modestly bearish for COIN due to recent stock weakness, broad crypto-exchange sector disengagement, and premarket macro/tech pressure, while the prediction-market article is too indirect and long-term to offset the immediate negative tape."
COIN,2026-02-03,-2.8,2,"COIN faces a mildly bearish setup from broader crypto risk-off/liquidity strain and decoupling Bitcoin weakness, while the Crypto.com predictions-app headline is only indirect competitive noise with limited immediate impact on Coinbase."
COIN,2026-02-04,-0.8,3,"The news flow is mixed but slightly negative for tomorrow: bullish dip-buying and Ark accumulation are offset by continued crypto weakness and headline-driven uncertainty, making COIN more likely to trade with a mild bearish-to-neutral bias."
COIN,2026-02-05,-5.8,7,"COIN is facing a bearish near-term setup driven mainly by Bitcoin’s sharp selloff, weak crypto-sector momentum, broader risk-off market conditions, and pre-earnings downside expectations, with only minor offset from prediction-market regulatory/newsflow that is not immediately material."
COIN,2026-02-06,4.8,7,"COIN is likely to benefit tomorrow from a broad crypto/tech rebound and improved risk appetite after the prior selloff, with bitcoin stabilizing and crypto-related stocks recovering, though the move is tempered by lingering macro/tech volatility and the rally may be partly positioning-driven rather than fundamental."
COIN,2026-02-07,0.2,1,"The article is a broad macro/market-style commentary with no direct COIN-specific catalyst, so it likely has minimal immediate impact on Coinbase’s next-day trading."
COIN,2026-02-08,1.2,3,"COIN has a mildly bullish near-term setup from crypto-legislation optimism and sector attention, but this is partially offset by earnings-related caution around expected revenue decline, making tomorrow’s move likely modest and headline-driven."
COIN,2026-02-09,0.8,6,"Net impact is mildly bullish but mostly noise: the only potentially material item is pre-earnings/metric anticipation for COIN, while macro headlines and generic sentiment pieces are mixed and likely to keep tomorrow’s move modest rather than directional."
COIN,2026-02-10,-0.8,3,"Mixed but slightly bearish: Cramer’s negative commentary and earnings-call speculation create headline risk, while the bullish long-term buy note is lower immediate relevance, leaving tomorrow’s setup mildly downside-biased but likely muted unless earnings-related buzz intensifies."
COIN,2026-02-11,-0.8,4,"COIN faces a mixed setup: earnings and macro uncertainty are near-term catalysts, but the most immediate news flow is slightly negative due to crypto-market weakness and headline/legal noise, while the Polymarket litigation is more industry-specific than directly COIN-moving."
COIN,2026-02-12,-2.7,9,"COIN faces a bearish near-term setup from an earnings miss, a major JPMorgan price-target cut, insider selling, and weak crypto/market risk sentiment, partially offset by a partnership announcement and generally firmer broader futures."
COIN,2026-02-13,0.8,12,"COIN news flow is mildly positive overall, led by strong earnings/trading-volume commentary and optionality from new products, but this is offset by a service disruption, regulatory criticism, and a neutral analyst stance, implying only a slight bullish tilt for tomorrow."
COIN,2026-02-14,-0.8,3,"Mixed setup: the prediction-market optionality is mildly bullish long-term, but the analyst price-target cut ahead of earnings and Bitcoin liquidation risk create near-term downside pressure, leaving tomorrow’s bias slightly bearish to neutral."
COIN,2026-02-16,1.8,5,"Net sentiment is mildly bullish for tomorrow: the strongest catalyst is Armstrong’s comment that retail is still buying crypto dips, which supports COIN’s trading/activity narrative, while the other items are mostly macro/holiday noise and a mixed analyst/sector backdrop that limits upside conviction."
COIN,2026-02-17,-2.1,6,COIN’s near-term setup is mildly bearish because the post-earnings miss and broader risk-off macro/crypto sentiment outweigh the mostly noise-level supportive commentary from Coinbase executives and Bitcoin bulls.
COIN,2026-02-18,4.2,2,"The news is modestly bullish for COIN because Ark’s dip-buying adds supportive market positioning and Armstrong’s comments reinforce a long-term growth narrative, though neither item is a direct near-term fundamental catalyst."
COIN,2026-02-19,-1.8,5,"Mixed but slightly bearish: one analyst downgrade and macro/sector sensitivity from Kalshi-related forecasting headlines outweigh mostly low-impact or neutral commentary, suggesting modest downside or choppy trading tomorrow."
COIN,2026-02-20,-1.2,1,"COIN is likely to trade slightly risk-off tomorrow because the article reflects a broader crypto flat-to-weak tone amid rising geopolitical/macro uncertainty, which can pressure crypto-exposed names even without any company-specific catalyst."
COIN,2026-02-21,-0.8,2,"The Bitcoin narrative article is mildly bearish for COIN via sector sentiment and headline risk, while Armstrong’s quantum-computing comments are a modest confidence signal but likely low-impact noise, leaving tomorrow’s bias slightly negative to neutral."
COIN,2026-02-22,4.2,1,"COIN is being highlighted as one of the top large-cap gainers on recent positive momentum, which suggests continued short-term bullish positioning, though the article is broad and lacks a new company-specific catalyst so the impact is likely modest."
COIN,2026-02-23,-0.8,2,"COIN is likely to trade slightly lower tomorrow as the only relevant catalyst is broad risk-off macro pressure from tariff uncertainty, while the PayPal/M&A headline is unrelated noise with no direct Coinbase-specific fundamental impact."
COIN,2026-02-24,2.1,3,"Net sentiment is mildly bullish for COIN: the strongest near-term catalyst is positive long-term revenue optionality from USDC/stablecoin growth, partially offset by regulatory headline risk around prediction markets, while the prediction-markets boom commentary is supportive but more speculative than immediately price-moving."
COIN,2026-02-25,5.2,3,"COIN is getting a meaningful bullish boost from the new U.S. stock/ETF trading launch, while broader market risk-on tone and crypto-linked sentiment are supportive, though the MSTR short-interest article is more indirect and likely secondary noise for tomorrow."
COIN,2026-02-26,-0.8,3,"COIN news flow is mixed-to-slightly negative: macro risk is muted but the Iran/stablecoin headline adds regulatory pressure to crypto sentiment, while the options-activity item suggests speculation rather than a clear fundamental catalyst, implying a mostly flat-to-slightly bearish bias for tomorrow."
COIN,2026-02-27,1.2,3,"The articles are mostly low-specificity, sentiment-positive attention pieces with no concrete negative catalyst, suggesting a mild bullish bias driven more by market positioning/momentum than fundamentals."
COIN,2026-02-28,1.2,4,"Overall sentiment is mildly bullish for COIN: the bullish thesis and AI-stablecoin/payment-infrastructure narrative support the stock, while the Needham price-target cut and Bitcoin volatility warning offset some upside, leaving tomorrow’s action likely driven more by headline/momentum than a major fundamental shift."
COIN,2026-03-01,2.4,1,"The 24/5 stock trading rollout is a modestly bullish product catalyst that supports long-term platform expansion and engagement, but it is unlikely to materially move tomorrow’s price on its own."
COIN,2026-03-02,4.2,1,"The article is mildly bullish because it reframes Coinbase as a crypto infrastructure beneficiary rather than just an exchange, which supports a positive medium-term narrative, but the immediate tomorrow impact is likely limited since it is more thematic than a direct catalyst."
COIN,2026-03-03,-2.9,5,"COIN faces a modest bearish tilt from renewed regulatory pressure around stablecoin rewards plus a broad risk-off macro backdrop from Middle East escalation and equity weakness, though the company-specific news is more headline risk than fundamental damage."
COIN,2026-03-04,4.2,8,"COIN news flow is modestly bullish overall: the Trump/White House meeting and ARK buying support crypto-policy and positioning sentiment, while the broader market rebound and risk-on tape should help tomorrow, though most of the articles are macro-driven and not company-specific catalysts."
COIN,2026-03-05,4.8,5,"COIN has a strong bullish near-term setup from Trump/crypto-policy support and recent momentum breakout, but the upside is partially offset by a risk-off macro tape (higher yields, weaker futures), making tomorrow likely biased modestly higher rather than a runaway move."
COIN,2026-03-06,-2.4,3,"COIN looks modestly bearish for tomorrow because the main catalyst is a broad Bitcoin selloff that pressures crypto-beta names, partially offset by a positive but more indirect Kraken/Fed-account headline and a neutral proxy-market framing."
COIN,2026-03-07,4.2,2,"The news is modestly bullish for COIN because Trump’s pro-crypto comments reinforce favorable regulatory/macro sentiment and the ARK mention adds speculative support, but both articles are largely narrative-driven rather than new company-specific fundamentals, so the likely near-term impact is positive but limited."
COIN,2026-03-08,1.2,2,"The news is mildly bullish overall: Coinbase’s “Everything Exchange” expansion and ongoing product/regulatory positioning support longer-term fundamentals, but the articles are mostly narrative/retrospective with limited immediate catalyst power for tomorrow’s trading."
COIN,2026-03-10,0.5,1,"The article is largely a generic watchlist/attention piece with no new fundamental catalyst, so it likely has only a slight positive sentiment impact driven by momentum/speculation rather than actionable news."
COIN,2026-03-11,-1.8,2,"The news is mildly bearish for COIN because Cramer’s comment reinforces the ‘just buy Bitcoin instead’ substitution narrative, while the CONY ETF article is mostly noise/indirect and not a direct fundamental catalyst for tomorrow."
COIN,2026-03-12,0.5,1,"The article is largely a generic trading story with only a passing mention of COIN, so it carries minimal direct catalyst value and is likely to have little impact on tomorrow’s price action."
COIN,2026-03-13,-4.8,2,"COIN is likely pressured tomorrow by a broad risk-off macro shock from surging oil/geopolitical तनाव and inflation fears, which typically hits high-beta crypto-related equities more than company-specific fundamentals."
COIN,2026-03-14,0.5,1,"The article is only a broad sector/momentum market note with no COIN-specific catalyst, so it likely has minimal direct impact and at most a slight positive spillover from risk-on/sector rotation sentiment."
COIN,2026-03-15,6.2,1,"The article is mildly bullish for COIN because it reinforces a long-term growth narrative around diversification beyond crypto, but it is not a near-term catalyst and is likely to have limited impact on tomorrow’s trading."
COIN,2026-03-16,6.2,2,"COIN is likely to benefit from the broad crypto risk-on move as Bitcoin hits a six-week high and equities rally, creating a favorable near-term momentum backdrop for crypto-exposed names."
COIN,2026-03-17,2.1,2,"Overall mildly bullish: the articles are mostly long-term positive with an analyst reaffirmation and product-expansion narrative, but the news is not highly market-moving for tomorrow and is partly offset by ARK trimming exposure, so the likely near-term impact is modest."
COIN,2026-03-18,1.2,5,"Net sentiment is mildly bullish for COIN: the AI-payments infrastructure story is a positive long-term product catalyst, but it is offset by broad risk-off macro pressure, crypto/market weakness, and mostly neutral valuation/underperformance commentary, making tomorrow’s likely impact modest and headline-driven rather than fundamental."
COIN,2026-03-19,1.8,3,"COIN has a modest bullish tilt from stablecoin revenue growth and broader blockchain infrastructure optimism, but the positive company-specific news is likely offset near-term by risk-off macro pressure from the market selloff."
COIN,2026-03-20,-1.5,1,"The article is mostly a backward-looking price note with no new catalyst, so it adds mild bearish momentum/positioning pressure rather than a fundamental signal."
COIN,2026-03-21,6.5,1,"The launch of perpetual futures on U.S. equities for non-U.S. customers is a positive product-expansion catalyst that should support sentiment, though the impact is likely modest for tomorrow given it is more of a long-term growth/innovation story than an immediate earnings or guidance driver."
COIN,2026-03-22,-4.8,1,"The geopolitical escalation is a macro risk-off catalyst that can pressure high-beta crypto-related names like COIN tomorrow through weaker risk appetite and potential crypto selloff, though the direct company-specific impact is indirect."
COIN,2026-03-24,-4.8,4,"COIN faces a near-term bearish setup driven mainly by the Senate draft targeting stablecoin yield, which directly pressures a key crypto revenue narrative, while broader risk-off macro sentiment and a secondary sell signal from Cathie Wood add modest downside pressure."
COIN,2026-03-25,1.8,3,"COIN likely sees a modest bullish bias tomorrow from broad risk-on macro sentiment and crypto-related speculative support, partially offset by the fact that the most direct catalyst is indirect (Cathie Wood buying Circle, not Coinbase) and therefore more of a sentiment/positioning tailwind than a fundamental driver."
COIN,2026-03-26,1.2,4,"The news flow is modestly bullish overall because Coinbase-related crypto mortgage product headlines add a small positive catalyst, but the prior 4.26% drop and the largely indirect/low-immediacy nature of the housing-finance stories likely limit tomorrow’s upside and keep the move near neutral to slightly positive."
COIN,2026-03-27,-4.5,1,"COIN is being pressured by a broad crypto market sell-off, which is a negative sector/macro catalyst for tomorrow and likely drives near-term downside momentum rather than company-specific fundamentals."
COIN,2026-03-30,1.8,3,"COIN has a mildly bullish near-term setup from broader risk-asset rebound and crypto-sector momentum, but the positive signal is partially offset by headline risk around customer protection/insurance concerns that could cap upside and keep tomorrow’s move modest."
COIN,2026-03-31,0.8,1,"The article is mostly low-signal commentary with a mildly positive read-through for COIN from renewed attention to crypto exposure, but it lacks any fundamental catalyst, so the likely impact on tomorrow is small and near-neutral to slightly bullish."
COIN,2026-04-01,0.8,1,"COIN appears to be trading mainly on broad risk-on macro sentiment from the market rally and potential geopolitical de-escalation, which is mildly supportive but not a company-specific catalyst, so the likely impact for tomorrow is modest and near-neutral to slightly bullish."
COIN,2026-04-02,4.2,3,"Net sentiment is moderately bullish: the trust charter and near-term regulatory progress are more actionable catalysts than the analyst PT cut, suggesting a positive but likely not explosive reaction tomorrow."
COIN,2026-04-03,7.2,1,"The conditional OCC approval is a meaningful regulatory and strategic catalyst that should improve Coinbase’s institutional credibility and custody prospects, creating a bullish near-term bias for tomorrow with likely moderate upside unless the broader crypto market weakens."
COIN,2026-04-05,1.8,1,"The article is mildly bullish for COIN because it highlights Coinbase’s role in educating users and could support compliance-related engagement, but it is not a direct revenue or earnings catalyst and is likely a low-to-moderate impact headline for tomorrow."
COIN,2026-04-06,4.8,4,"COIN sentiment is modestly bullish for tomorrow, driven mainly by broad crypto-sector strength and positive market momentum, with the other articles mostly reflecting attention/price-following rather than new fundamental catalysts."
COIN,2026-04-07,-1.5,1,"The news is a mild macro risk-off catalyst for COIN via higher oil prices and weaker broad market sentiment, but it is indirect and likely only modestly bearish for tomorrow."
COIN,2026-04-08,2.1,6,"COIN has a mildly bullish near-term setup from broad risk-on crypto/tech momentum and a positive product/license catalyst, but the Barclays downgrade and weak crypto market backdrop cap upside and make tomorrow more likely a modestly positive, headline-driven session."
COIN,2026-04-09,-4.8,1,"The main catalyst is a bearish analyst downgrade with a lower price target, which is likely to pressure COIN near term despite the article’s offsetting note that retail activity may have migrated to prediction markets rather than disappeared."
COIN,2026-04-11,1.8,3,"Net impact is mildly bullish for COIN because the articles reinforce positive crypto-sector narrative and Coinbase’s AI-agent positioning, but the macro/toll headline is indirect and likely lower relevance, so tomorrow’s move should be modest and sentiment-driven rather than fundamentals-driven."
COIN,2026-04-13,6.1,2,"COIN is likely to benefit modestly from sector-positive crypto regulatory clarity and broader ETH/crypto enthusiasm, though Article 1 is only indirectly relevant and Article 2 is the main near-term bullish catalyst."
COIN,2026-04-14,4.1,4,"COIN news is modestly bullish overall, driven mainly by crypto-sector momentum and positive analyst positioning, partially offset by the tax-rule headline being more of a compliance/awareness issue than a direct earnings catalyst."
COIN,2026-04-15,2.1,3,"COIN news flow is modestly bullish: a higher Piper Sandler target and crypto-beta/futures-volume tailwind support sentiment, while the Kraken IPO and Tron item are only indirect sector noise, implying a slight positive bias for tomorrow rather than a major move."
COIN,2026-04-16,1.2,2,"COIN’s recent price strength and the constructive crypto-sector ETF/infrastructure narrative are mildly bullish for tomorrow, but the articles contain little new company-specific catalyst so the likely impact is limited and mostly momentum-driven."
COIN,2026-04-18,0.8,3,"Net impact is mildly bullish for COIN: the articles are mostly broad crypto/market sentiment pieces with no direct company-specific catalyst, so any effect tomorrow is likely limited to modest sector sympathy and momentum rather than fundamentals."
COIN,2026-04-20,-1.8,3,"COIN faces mild near-term bearish pressure from negative headline risk around prediction-market backlash and a weaker risk-off macro tape, partially offset by a mostly noise-level trending-stock mention with no new fundamental catalyst."
COIN,2026-04-21,-1.8,3,Near-term COIN sentiment is mixed but slightly bearish: the NY AG lawsuit is the most market-moving immediate catalyst and likely outweighs the positive AI app store launch and supportive Bitcoin/risk-on macro backdrop for tomorrow.
COIN,2026-04-22,1.8,7,"Net sentiment is mildly bullish for tomorrow: the strongest near-term drivers are the Piper Sandler price-target raise and constructive earnings/volume expectations, partially offset by litigation uncertainty, crypto/BTC weakness, and broader macro headlines that are less directly relevant to COIN."
COIN,2026-04-23,-2.5,1,"The article is mostly a backward-looking price move with no new catalyst, so it signals mild bearish momentum/positioning pressure rather than a fundamental shift."
