ticker,date,return_1d,return_5d,return_20d,volume_change,rsi_14,macd,macd_signal,macd_hist,bb_width,bb_position,label,sentiment_score,article_count,vix,has_news
COIN,2024-05-23,-0.0546412431283214,0.0988602832877685,-0.0212423415188708,0.055363399263463,50.63638448246158,-0.1562287612865986,-2.108216595280743,1.9519878339941443,0.2107727554654715,0.5683681132140582,1,0.08058580302005937,27.0,12.770000457763672,1
COIN,2024-05-24,0.0858539396588309,0.1447494552480164,0.0056279050907481,0.0870676580083367,58.80633403199292,1.4691235396142872,-1.3927485683017369,2.861872107916024,0.2131134957453581,0.9746852792616164,0,1.4729956846911192,5.0,11.930000305175781,1
COIN,2024-05-28,0.0309278615286527,0.0879701467375233,0.1230289507120698,0.0579459860281779,61.49117426710162,3.3121308316020475,-0.4517726883209799,3.7639035199230273,0.243565043847209,1.0263604667160058,0,0.17500901371599556,5.0,12.920000076293945,1
COIN,2024-05-29,-0.0340816575653698,0.0481441898129031,0.1604472240271353,-0.3726886222574724,56.9500257477612,4.052239979954749,0.4490298453341658,3.603210134620583,0.2471884217823049,0.8301270182226533,1,0.19628748373198127,3.0,14.279999732971191,1
COIN,2024-05-30,-0.0079864755478301,0.0140382708181698,0.1174258584367253,0.3700088209350192,55.94295979465958,4.435149019746831,1.2462536802166988,3.188895339530132,0.2510071532658089,0.7667264528732652,1,0.0,0.0,14.470000267028809,0
COIN,2024-05-31,-0.0376554632166393,0.0322580532710636,-0.0128031804956342,0.0863093960595784,51.3675698487605,3.979421077874719,1.792887159748303,2.186533918126416,0.2496603606170624,0.6099808033815677,1,0.29204059880391664,3.0,12.920000076293945,1
COIN,2024-06-03,0.0242121160810766,-0.0263412357147488,0.0364613634474733,-0.275607274451502,53.88108647655081,4.013373117343008,2.2369843512672443,1.7763887660757636,0.2532663895716247,0.6989625036471466,1,-0.5856962893554907,3.0,13.109999656677246,1
COIN,2024-06-04,0.0553610682932861,-0.0032653185786033,0.0761027842500081,0.4801789147836521,59.199342706905696,5.016117419408602,2.792810964895516,2.223306454513086,0.2692055346942535,0.8871128244597923,0,0.29204059880391664,1.0,13.15999984741211,1
COIN,2024-06-05,0.0294840173555293,0.0623283345887257,0.1729028561714234,-0.1355039016795187,61.861431441133455,6.318938296733933,3.4980364312631997,2.8209018654707334,0.291230344716781,0.9371931441635108,1,0.962312404307464,2.0,12.630000114440918,1
COIN,2024-06-06,0.0225934479462239,0.0950757905422414,0.2172348024951298,0.0118399317951722,63.864472770310186,7.720761040321975,4.342581353074955,3.37817968724702,0.3135280426117249,0.9499001751262732,0,-0.34631350167565234,2.0,12.579999923706055,1
COIN,2024-06-07,-0.0502566655709872,0.0807365688783512,0.160180599680207,-0.0188844185115749,56.584617387303766,7.700415424484504,5.014148167356865,2.686267257127639,0.3132508922233291,0.7415426442582778,1,0.00478125358811054,3.0,12.220000267028809,1
COIN,2024-06-10,0.0231405382197789,0.0796058525326628,0.2433306780569391,-0.3198394039912832,58.79652985858403,8.047432869066625,5.620805107698818,2.426627761367808,0.3026539048737055,0.7934997170846644,0,0.6431353540676795,3.0,12.739999771118164,1
COIN,2024-06-11,-0.0224570700339393,0.0,0.2239988154572125,0.4191038368661122,55.758878361746085,7.780082580445452,6.052660602248144,1.7274219781973077,0.2786582483286816,0.6941825646088511,0,-1.3038446523950058,6.0,12.850000381469727,1
COIN,2024-06-12,0.044062284603163,0.0141607514073713,0.2556513316026763,0.2383859953510616,60.02478636548159,8.340306551228622,6.51018979204424,1.8301167591843812,0.2638842218175106,0.8348566761710784,0,0.29204059880391664,3.0,12.039999961853027,1
COIN,2024-06-13,-0.0287104139137936,-0.0367200391927965,0.1260970181699694,-0.2216943429100021,56.064242322656014,8.100250028956083,6.828201839426609,1.2720481895294735,0.2604359542058602,0.695426770677594,0,-0.537819731819523,1.0,11.9399995803833,1
COIN,2024-06-14,-0.0126796938999657,0.0013925144691639,0.2275945285323728,-0.1753594424315155,54.4059045578932,7.56937673365428,6.976436818272144,0.5929399153821366,0.2153678922418532,0.6285549057771553,0,-0.31439579665167394,1.0,12.65999984741211,1
COIN,2024-06-17,0.0024540126933154,-0.0188542952688407,0.1806358328395296,-0.0676694885608339,54.68175324504281,7.115053393927269,7.00416013340317,0.110893260524099,0.178689276016743,0.6239746186939572,0,0.2122463362439705,2.0,12.75,1
COIN,2024-06-18,-0.0373317377699656,-0.0337837842059783,0.0477818481734582,-0.0696393462306202,49.73961095432541,5.948103569573163,6.792948820637169,-0.8448452510640054,0.1697361328725021,0.3927240541092189,0,-0.21864268157973857,2.0,12.300000190734863,1
COIN,2024-06-20,-0.0038991234619389,-0.0781691536309734,0.0409690851714548,0.1113100711416541,49.25755683410348,4.8926518182736345,6.412889420164462,-1.5202376018908277,0.1611579409624971,0.3516041146470764,0,0.10053436866004589,3.0,13.279999732971191,1
COIN,2024-06-21,-0.0390162882039425,-0.0879502456508538,-0.0244049675199553,0.645458636357038,44.61612252050605,3.278464389182659,5.786004413968102,-2.5075400247854427,0.1673345214745268,0.1360786784328369,0,0.0,0.0,13.199999809265137,0
COIN,2024-06-24,-0.0599929293152441,-0.131656451703093,-0.0299278215913886,-0.0505848933429786,38.79845845891068,0.8955142866015251,4.807906388494787,-3.9123921018932615,0.1811400933033563,-0.1405674847436115,1,-1.8145279327786612,4.0,13.329999923706055,1
COIN,2024-06-25,0.0442749247014577,-0.0954304316898706,-0.0670733750978354,-0.2553057052592454,44.231230067708005,-0.2318164228245791,3.7999618262309136,-4.031778249055493,0.1943254070669724,0.1201142081697977,1,-0.9527498971312429,5.0,12.84000015258789,1
COIN,2024-06-26,-0.0321591478368149,-0.0905700165017387,-0.1241632578324298,-0.17961419444999,41.24080801763056,-1.6811862693192268,2.7037322071208854,-4.384918476440112,0.2150435609925862,0.0448615996730154,1,0.19628748373198127,2.0,12.550000190734863,1
COIN,2024-06-27,0.0438997021556648,-0.0469301741759974,-0.0534544442118927,-0.1420097644070632,46.39709922014382,-2.0461207820778498,1.7537616092811383,-3.799882391358988,0.2218641459813878,0.2486718774925865,0,-0.6335728468914584,4.0,12.239999771118164,1
COIN,2024-06-28,-0.007901804787772,-0.0160719245240545,-0.053373654253225,0.9401723037651564,45.58759982572689,-2.449917441648296,0.9130257990952516,-3.362943240743548,0.2294749665729675,0.2353027702912827,0,0.19628748373198127,4.0,12.4399995803833,1
COIN,2024-07-01,0.0501282437286567,0.099194563613433,0.0329762615466693,-0.2928395873877331,51.34170886590109,-1.849702138813882,0.3604802115134248,-2.210182350327307,0.2256045238283768,0.4325880714733509,0,0.18564824872398847,6.0,12.220000267028809,1
COIN,2024-07-02,-0.0251103429445115,0.0261602436395849,-0.0167682479495527,-0.4306054420010853,48.4398255088611,-1.825833193671769,-0.076782469523614,-1.7490507241481554,0.2276982831612673,0.3280606960576468,0,0.0,0.0,12.029999732971191,0
COIN,2024-07-03,-0.0112961721571861,0.0482803640691005,-0.0788697573608817,-0.2644202405264352,47.1803503725713,-1.9913388493505977,-0.4596937454890108,-1.5316451038615868,0.230822613364887,0.3001723729585207,0,0.29204059880391664,2.0,12.09000015258789,1
COIN,2024-07-05,-0.0056015370852199,-0.0014286041259765,-0.110262537365522,2.130610482154425,46.5414200921941,-2.198828801919774,-0.8075207567751634,-1.3913080451446105,0.2277247548885549,0.2986165227290612,0,-1.0804207172271567,10.0,12.479999542236328,1
COIN,2024-07-08,-0.0139484764813536,-0.0075147288892215,-0.1420569119385963,-0.4466965561413016,44.9192748670144,-2.5852227763645037,-1.1630611606930317,-1.4221616156714716,0.2159828437420608,0.2602445016236824,1,-0.1707661240437709,2.0,12.369999885559082,1
COIN,2024-07-09,-0.0026749924937493,-0.0574195234042642,-0.0990743859706135,-0.048137199031201,44.602689212845256,-2.905557104933621,-1.5115603495411496,-1.3939967553924713,0.2169982857486183,0.272456761215943,1,-0.21864268157973857,1.0,12.510000228881836,1
COIN,2024-07-10,-0.0018639071684052,-0.0349435063961698,-0.1210920311261952,-0.1614623285749031,44.36866651910954,-3.15612637694457,-1.8404735550218336,-1.3156528219227364,0.2093072928449858,0.2854567822047717,1,0.19628748373198127,4.0,12.850000381469727,1
COIN,2024-07-11,-0.0224539657979618,-0.0458344333897628,-0.1210892401104206,0.5702938485909994,41.54594037999573,-3.709749850497587,-2.214328814116985,-1.4954210363806029,0.2100466725486662,0.2128854366314142,1,0.29204059880391664,2.0,12.920000076293945,1
COIN,2024-07-12,0.0157946201021583,-0.0253039547060622,-0.14488547799131,-0.2968072862643686,44.1759176244743,-3.830796781879173,-2.5376224076694225,-1.29317437420975,0.1841796370318427,0.2953977393407418,1,0.0,0.0,12.460000038146973,0
COIN,2024-07-15,0.1138886402369963,0.101060975660377,-0.0193425670244652,1.917660133360275,58.79820374701688,-1.901237430690827,-2.410345412273704,0.5091079815828765,0.1761582944053458,0.914670712355134,1,1.9198435550268176,14.0,13.119999885559082,1
COIN,2024-07-16,0.0355775135783427,0.1432922857550738,0.0285889795221434,-0.2887080577582326,62.480914212007775,0.3214228377129302,-1.8639917622763769,2.185414599989307,0.1893755152999,1.0782724834644066,1,0.19628748373198127,4.0,13.1899995803833,1
COIN,2024-07-17,-0.0095033573400331,0.1345418513089507,0.0163198690346446,-0.135083295198964,60.86039220156421,1.8685051726132824,-1.117492375298445,2.985997547911728,0.1961153646066105,0.9996944302427384,0,0.0,0.0,14.479999542236328,0
COIN,2024-07-18,-0.0636692100431375,0.0867073577178203,-0.01148544814634,-0.0039174631049272,51.343722354824656,1.794127976936096,-0.5351683048515368,2.3292962817876326,0.1944611029052803,0.6476054173419609,0,0.0,0.0,15.930000305175781,0
COIN,2024-07-19,0.1052563988748376,0.1824144734111652,0.0968387434958786,0.4128835395829802,61.404287048767245,3.6738141442586993,0.3066281849705105,3.367185959288189,0.2270358806578083,1.0783357544312488,0,-0.12288956650780322,4.0,16.520000457763672,1
COIN,2024-07-22,0.0285503126870798,0.0918261776096611,0.1739572884971119,-0.0975611707020532,63.81956618528974,5.691757247621752,1.383653997500759,4.308103250120993,0.2674487410940537,1.074525743575012,0,-0.4207881467316021,7.0,14.90999984741211,1
COIN,2024-07-23,-0.0283612641402047,0.0244144866815207,0.2134614848352172,-0.1778553828154083,59.70819095803335,6.608018307597661,2.4285268595201392,4.179491448077521,0.2753362493025577,0.8994872293362132,0,1.7921727349309038,7.0,14.720000267028809,1
COIN,2024-07-24,-0.048790929185195,-0.0162184200960758,0.1053177129477129,-0.1223101470524817,53.50352160027882,6.247845980488989,3.192390683713909,3.0554552967750803,0.2748809651383803,0.6839024508495308,0,1.8879258500028386,3.0,18.040000915527344,1
COIN,2024-07-25,-0.0552517482291062,-0.0073743833827577,0.0789449263531258,0.0419353649998157,47.74772999913782,4.814345735792244,3.5167816941295764,1.297564041662668,0.2635801831114966,0.4579472111058891,0,-1.3038446523950058,3.0,18.459999084472656,1
COIN,2024-07-26,0.049282948310128,-0.0576438782597392,0.0845088958740234,-0.0666195107574417,52.39528072674502,4.546567174704478,3.722738790244557,0.823828384459921,0.2612814897649932,0.6281154088085509,0,0.19628748373198127,5.0,16.389999389648438,1
COIN,2024-07-29,-0.0359362614363977,-0.1167263724709916,0.0538631213194942,0.1958092303028771,48.81754373007459,3.588546509835425,3.695900334162731,-0.1073538243273062,0.2555928760299097,0.4757607417486081,0,-0.32503503165966674,9.0,16.600000381469727,1
COIN,2024-07-30,-0.0415883448389946,-0.128750524163648,-0.0381796657228626,-0.3605733177012368,45.11605421226618,2.0200861239640915,3.360737492123003,-1.3406513681589116,0.2595081436545001,0.3238125715228718,0,-0.888914487083286,4.0,17.690000534057617,1
COIN,2024-07-31,-0.0004455408559401,-0.0844690979942281,-0.0138455187575934,-0.2117973537719486,45.07826042480209,0.7602367749358336,2.8406373486855694,-2.080400573749736,0.2613775188645496,0.3258912454601062,0,-0.34631350167565234,1.0,16.360000610351562,1
COIN,2024-08-01,-0.0522374807845422,-0.0815480499930962,-0.0546812613063867,0.869354737305363,40.768080459095,-1.1704172201131655,2.0384264349258228,-3.2088436550389883,0.2732989366683287,0.1597305084781831,0,0.29204059880391664,9.0,18.59000015258789,1
COIN,2024-08-02,-0.0385628149538141,-0.1584406676607628,-0.0860156959244132,0.1282399103139013,38.02835813703216,-3.3238305942122963,0.9659750290981992,-4.289805623310495,0.2951929294795519,0.0786519737273249,0,-0.12288956650780322,6.0,23.389999389648438,1
COIN,2024-08-05,-0.0732244230186488,-0.1909905905653121,-0.1409593610900874,0.8615646021919932,33.590299921575536,-6.167287544867833,-0.4606774856950073,-5.706610059172825,0.3395054201778966,-0.0391861780402265,1,-1.1974523023150778,11.0,38.56999969482422,1
COIN,2024-08-06,0.0248060216285501,-0.1349461268774459,-0.1172887344118883,-0.6236588985086418,36.11128344242519,-7.949856196434894,-1.9585132278429849,-5.991342968591908,0.3692346981536812,0.0717932083956958,1,0.29204059880391664,9.0,27.709999084472656,1
COIN,2024-08-07,-0.078590897928311,-0.2025762026412885,-0.1851429875591802,0.1806654752786995,31.879774926588823,-10.473180414630292,-3.6614466652004474,-6.8117337494298456,0.4225809776985562,-0.0144028072556434,1,-0.12288956650780322,2.0,27.850000381469727,1
COIN,2024-08-08,0.0749539063642052,-0.0955605348182618,-0.1039463124961254,-0.1084522608236029,38.67986407820671,-11.261047468209084,-5.181366825802175,-6.079680642406911,0.4451629992086762,0.1527319472347842,1,0.0,0.0,23.790000915527344,0
COIN,2024-08-09,0.0206426050890344,-0.0398650413712907,-0.0996698035065258,-0.2918103912902878,40.571248876160304,-11.43329716315992,-6.431752893273725,-5.001544269886196,0.4628242358216535,0.2126369900692422,1,-0.12288956650780322,2.0,20.3700008392334,1
COIN,2024-08-12,-0.0231799273961775,0.0119808109876811,-0.2104591283747621,0.0926387488346429,39.08334638559936,-11.800918632282333,-7.505586041075447,-4.295332591206885,0.4822587293783901,0.2025931838871317,1,-0.31439579665167394,3.0,20.709999084472656,1
COIN,2024-08-13,0.0323354374184745,0.0194159978782133,-0.2129309391311512,-0.164954377655499,42.19429422794383,-11.4598710964668,-8.296443052153718,-3.163428044313081,0.4839082246528946,0.2829666352428002,0,0.5154645339717656,2.0,18.1200008392334,1
COIN,2024-08-14,-0.0100030095135781,0.0952993276103137,-0.2133279730533834,0.0482744239391095,41.466000942431926,-11.220020166654706,-8.881158475053915,-2.3388616916007905,0.4846167042912435,0.2870419709364682,1,0.00478125358811054,5.0,16.190000534057617,1
COIN,2024-08-15,0.0059195160419345,0.0249583382392284,-0.1548619856169365,0.2071414362442809,42.09656754617266,-10.81170460637574,-9.267267701318282,-1.5444369050574591,0.4918631991276591,0.3162571519645443,1,-0.537819731819523,1.0,15.229999542236328,1
COIN,2024-08-16,0.0415483088691095,0.0459524406795024,-0.2035765904293497,0.028376975429692,46.48036966004635,-9.715255415886872,-9.356865244232,-0.3583901716548716,0.4655498044414507,0.4119954790443997,1,-1.5911039976108117,2.0,14.800000190734863,1
COIN,2024-08-19,-0.0041400363101362,0.0663398396593695,-0.2288892648676085,0.0102075154234435,46.09036332238819,-8.813304403363702,-9.24815307605834,0.4348486726946383,0.4146967499473339,0.4247432357135025,0,0.0,0.0,14.649999618530273,0
COIN,2024-08-20,-0.0352636529253238,-0.0034859171107189,-0.234367130141838,0.9595983629960978,42.80907748009362,-8.581368340488922,-9.114796128944455,0.5334277884555352,0.3673295699727943,0.3589602835393229,1,0.00478125358811054,3.0,15.880000114440918,1
COIN,2024-08-21,0.0455259605958888,0.0524085969677867,-0.1584510006443236,-0.392700162704291,47.79422091582424,-7.585505744980054,-8.808938052151577,1.2234323071715227,0.3299438835347951,0.5021176712850887,0,0.0,0.0,16.270000457763672,0
COIN,2024-08-22,-0.0378218649728471,0.006645685831186,-0.1429250647289129,-0.2955720835999147,44.19102437843223,-7.341049473482514,-8.515360336417764,1.1743108629352506,0.3125306966286733,0.4060666389164051,0,-0.9527498971312429,3.0,17.549999237060547,1
COIN,2024-08-23,0.0653631089020654,0.0296624441591188,-0.1297904735105203,0.571306931067759,50.82921385403448,-6.031221249164986,-8.01853251896721,1.9873112698022235,0.2623839635901049,0.6605420246455185,0,-0.18672497655576015,1.0,15.859999656677246,1
COIN,2024-08-26,-0.0350047025077394,-0.002249861580563,-0.1289496043627889,-0.3452590255533344,47.36741889294661,-5.526583592235028,-7.520142733620773,1.9935591413857447,0.2203470873678537,0.5598434035986656,0,-0.537819731819523,3.0,16.149999618530273,1
COIN,2024-08-27,-0.0279411615109911,0.0053232093878723,-0.1165463908029599,0.1022236118519064,44.83446168221706,-5.522931810258143,-7.120700548948248,1.597768738690105,0.1934439578404205,0.4551116521070145,0,-1.8145279327786612,1.0,15.430000305175781,1
COIN,2024-08-28,-0.0408472313608662,-0.077728745145662,-0.1522553198840261,-0.1663969030018856,41.44294361862133,-6.103285666707564,-6.917217572500112,0.8139319057925487,0.1619405897875441,0.2468981307910959,0,-2.2294580980903804,4.0,17.110000610351562,1
COIN,2024-08-29,-0.0100946277589467,-0.0511515107147569,-0.1145598226122711,-0.2309786416318033,40.657840620689534,-6.641587993166922,-6.862091656633475,0.2205036634665527,0.1538066834858755,0.208711138033159,0,-0.34631350167565234,1.0,15.649999618530273,1
COIN,2024-08-30,-0.0261312842619707,-0.1326395179550623,-0.1031109449193845,0.902025092404602,38.63790105205002,-7.380125704090375,-6.965698466124856,-0.4144272379655191,0.162451776390349,0.1013476944194001,0,-0.31439579665167394,1.0,15.0,1
COIN,2024-09-03,-0.0776068699834837,-0.1709313486136642,-0.1073520673818843,0.3338351215239763,33.46009530571213,-9.009804473488288,-7.374519667597543,-1.6352848058907448,0.2032211369864974,-0.1536944056222221,0,0.3558760088518734,8.0,20.719999313354492,1
COIN,2024-09-04,-0.0349435552030186,-0.1769036878022565,-0.1593963909981237,-0.1970122914657419,31.567983761857636,-10.655395773287552,-8.030694888735546,-2.6247008845520057,0.2522730912409627,-0.1201735062156841,0,0.29204059880391664,3.0,21.31999969482422,1
COIN,2024-09-05,-0.0215660105755131,-0.1603575209746178,-0.107372457216799,-0.2675176326280282,30.46305779475173,-12.104045756138134,-8.845365062216064,-3.25868069392207,0.2914963658394547,-0.085007336046558,1,0.00478125358811054,1.0,19.899999618530273,1
COIN,2024-09-06,-0.0773324425843859,-0.2173889576224167,-0.2338290323839857,0.9234566609102168,26.904895352535306,-14.086274547909367,-9.893546959354726,-4.192727588554643,0.3634771602566854,-0.1207517810963535,1,-0.6335728468914584,5.0,22.3799991607666,1
COIN,2024-09-09,0.0522565091909994,-0.154395710429527,-0.2100972624430186,-0.1605118531550976,32.220574520364465,-14.864530687495346,-10.887743704982851,-3.976786982512495,0.4020637850322499,0.0616703103708663,1,-0.825079077035329,8.0,19.450000762939453,1
COIN,2024-09-10,0.0219929287003695,-0.0630875531301402,-0.17356836250056,-0.3707476746572753,34.49258285697579,-15.032856080934351,-11.71676618017315,-3.3160899007612006,0.4293528300718748,0.1492153837915064,1,0.19628748373198127,5.0,19.079999923706055,1
COIN,2024-09-11,-0.0082671510909898,-0.0371891145620749,-0.2060725878640747,0.1017373987089684,34.02077879961193,-15.09792279819564,-12.392997503777648,-2.704925294417992,0.4522931562471319,0.1720675426248392,1,-1.910281047850596,4.0,17.690000534057617,1
COIN,2024-09-12,0.0365256488456819,0.0199749687061052,-0.1687589619881276,0.0423691837815938,38.02115539397259,-14.51895271912295,-12.81818854684671,-1.7007641722762408,0.4641025971879328,0.2646400722766622,1,0.962312404307464,2.0,17.06999969482422,1
COIN,2024-09-13,0.0009822804512795,0.1065490077904218,-0.1728388438989923,-0.1099816124258143,38.1337583325843,-13.887121707269529,-13.031975178931273,-0.8551465283382562,0.4720502940443742,0.2882178383014439,1,-0.9527498971312429,2.0,16.559999465942383,1
COIN,2024-09-16,-0.0095063049539826,0.0415994635362186,-0.2133846285107998,-0.2128796022574577,37.42442767626728,-13.35748658009132,-13.097077459163284,-0.2604091209280348,0.4697097427792896,0.2921766607087228,1,-1.910281047850596,2.0,17.139999389648438,1
COIN,2024-09-17,0.0058823340448432,0.0251797934199242,-0.2054681032286972,0.1150185651487345,38.1833872857648,-12.714524982241898,-13.020566963779007,0.3060419815371098,0.46193133984098,0.3235044581179889,1,-0.6335728468914584,4.0,17.610000610351562,1
COIN,2024-09-18,0.0011696056939094,0.0349348120037495,-0.1754626139941777,-0.0378550103345326,38.34445467959183,-12.050728379116691,-12.826599246846545,0.7758708677298536,0.4583997197527371,0.3443087511448674,1,0.19628748373198127,5.0,18.229999542236328,1
COIN,2024-09-19,0.0344319117346973,0.0328442883145816,-0.1842117588198252,0.8496837331423797,43.054006743456405,-10.946605443862213,-12.45060048624968,1.5039950423874693,0.4323797098295748,0.4332492639003449,1,1.9198435550268176,1.0,16.329999923706055,1
COIN,2024-09-20,0.0109961411336361,0.0431768976042157,-0.1428211328122957,-0.1233237625146519,44.56058555704851,-9.809226604481069,-11.922325709895958,2.1130991054148893,0.4136264349550468,0.4756157175959933,1,-1.2719269473710273,1.0,16.149999618530273,1
COIN,2024-09-23,0.0007643299759629,0.0539938156080688,-0.1947965651122286,-0.3948701593415354,44.67136353135035,-8.795961009134913,-11.297052769743749,2.501091760608835,0.3564993184898534,0.5075346144028632,1,-1.2719269473710273,2.0,15.890000343322754,1
COIN,2024-09-24,0.0085770852109507,0.0568174570694501,-0.1584314084520527,0.2234452282494121,45.97690179563676,-7.785386526232031,-10.594719521041403,2.809332994809374,0.305270649193837,0.5688086434429288,0,-0.9527498971312429,3.0,15.390000343322754,1
COIN,2024-09-25,-0.026793983230263,0.0272995724180311,-0.1574382286446787,-0.1119377019302459,42.56872862065794,-7.271854374520132,-9.930146491737151,2.6582921172170195,0.2567349558663264,0.5115271561995056,0,-1.910281047850596,2.0,15.40999984741211,1
COIN,2024-09-26,0.0769092093841368,0.069483991921839,-0.0539958172305105,1.3237746972891284,53.0408114656702,-5.761573739559452,-9.096431941301612,3.3348582017421595,0.2336058997567364,0.8571652262519331,0,1.6006665047870332,1.0,15.369999885559082,1
COIN,2024-09-27,0.0628022203731173,0.1242871411887915,0.0156681377064389,-0.1518883679105915,59.955707971813446,-3.6112217309508026,-7.999389899231451,4.388168168280648,0.2423223752103325,1.120893118102625,0,-1.176173832299092,1.0,16.959999084472656,1
COIN,2024-09-30,-0.068294712390212,0.0467042468054879,-0.0283049870425952,0.1085445973834182,50.66909282450346,-2.927142649325276,-6.9849404492502165,4.05779779992494,0.2329100236004507,0.8158397009151678,0,-2.1815815405544132,5.0,16.729999542236328,1
COIN,2024-10-01,-0.073862063183223,-0.0388513423433192,-0.0243600204400824,0.298932536293766,43.37797977435628,-3.407626365834517,-6.269477632567076,2.8618512667325597,0.2325425267206127,0.4806589481928588,1,-2.2294580980903804,3.0,19.260000228881836,1
COIN,2024-10-02,-0.0032724883589426,-0.0156212627588471,0.0076583751418417,-0.4818645014956773,43.10389541260066,-3.788316760673297,-5.77324545818832,1.9849286975150235,0.2321348649266002,0.4649799131273394,1,0.0,0.0,18.899999618530273,0
COIN,2024-10-03,-0.0083297568372306,-0.0935363044369809,0.0212899763321559,-0.4545685246983288,42.37239712878024,-4.152694124830646,-5.449135191516786,1.29644106668614,0.2298703625331048,0.4243103394406741,1,0.0,0.0,20.489999771118164,0
COIN,2024-10-04,0.0478847165317513,-0.1062594389971186,0.1598913918065432,0.5941004047829526,47.80992248740639,-3.767831067860072,-5.112874366785444,1.3450432989253711,0.2037740463488577,0.6099105780429813,1,0.19628748373198127,2.0,19.209999084472656,1
COIN,2024-10-07,-0.0116435869786669,-0.0519167092948439,0.0894549812589007,-0.0080117914891133,46.60328901349939,-3.5821088139291533,-4.8067212562141854,1.2246124422850322,0.191307823833328,0.5330241410402022,1,-0.9048733395952752,2.0,22.639999389648438,1
COIN,2024-10-08,-0.0072815281841814,0.0162414885388004,0.0582481089011044,-0.1620301581463773,45.83332102897941,-3.4938974899529853,-4.544156502961946,1.0502590130089606,0.1834297936084115,0.4795629168003324,1,-1.8145279327786612,1.0,21.420000076293945,1
COIN,2024-10-09,-0.0042936442854111,0.0152003403748093,0.0624881177576579,0.0050736468811993,45.36087539500537,-3.4424055529912323,-4.323806312967804,0.8814007599765716,0.1722640386814868,0.4366580711563397,1,0.5154645339717656,3.0,20.860000610351562,1
COIN,2024-10-10,-0.0161705511678909,0.0071735016870737,0.0084720049603008,-0.0602794759825328,43.54805812113896,-3.578217546365437,-4.174688559647331,0.596471013281894,0.1709429067460514,0.3402787056318769,1,-1.2719269473710273,3.0,20.93000030517578,1
COIN,2024-10-11,0.073720096763775,0.0320051553653779,0.0817540728706596,1.0013569025446571,52.68211132447264,-2.677805611614985,-3.875311970040862,1.1975063584258765,0.1714154867969,0.7350923590864548,1,-1.8145279327786612,1.0,20.459999084472656,1
COIN,2024-10-14,0.1132214574660617,0.1623846094713794,0.2157895114768768,0.6839631841442915,63.243809543391,-0.3487898318927023,-3.17000754241123,2.821217710518528,0.2140213016034084,1.183584425025675,1,0.6963315291076437,7.0,19.700000762939453,1
COIN,2024-10-15,-5.097919691288144e-05,0.1708509361283787,0.2086180364807643,-0.0444863606781605,63.23619042722237,1.4791139439298036,-2.240183245143024,3.7192971890728272,0.2423962248221511,1.0570011043688654,1,0.19628748373198127,4.0,20.639999389648438,1
COIN,2024-10-16,0.0720179263185594,0.2605856991599578,0.2941465599939956,-0.1936414850387883,68.93038840343429,4.022353446737867,-0.9876759067668456,5.010029353504713,0.2993228156628492,1.1687120476494466,0,0.19628748373198127,2.0,19.579999923706055,1
COIN,2024-10-17,-0.0298365588501159,0.2430753736972741,0.2137422151744952,-0.3623478883321402,64.17615396861362,5.468112659458512,0.3034818064782261,5.164630852980286,0.3270649380823253,0.9663784688419426,1,0.00478125358811054,1.0,19.110000610351562,1
COIN,2024-10-18,0.0784035749505078,0.2484975655838965,0.2946675963024372,0.5233048944768748,69.87971027746303,7.815667093355472,1.8059188638536756,6.009748229501797,0.3843580551051655,1.0868598293218934,0,0.29204059880391664,4.0,18.030000686645508,1
COIN,2024-10-21,-0.0294718918091535,0.0884644490819626,0.255551637222696,-0.0650866643084542,65.33840982872385,9.04813047551974,3.254361186186889,5.793769289332852,0.4111378233351638,0.9261801831755478,1,-0.7825221370033579,5.0,18.3700008392334,1
COIN,2024-10-22,-0.0140370577525028,0.0732403236784484,0.2273998730804303,-0.4099902257535629,63.2908758431112,9.671306852138258,4.537750319377163,5.133556532761095,0.4263210423506524,0.8434425158113811,1,-1.7187748177067255,2.0,18.200000762939453,1
COIN,2024-10-23,-0.0559510652838944,-0.054874588018849,0.1906271875489451,0.3827604173624934,55.87959370449892,9.108822626792744,5.451964780860279,3.656857845932465,0.4196972342971812,0.6738808379225284,1,-1.910281047850596,2.0,19.239999771118164,1
COIN,2024-10-24,0.051425181536105,0.0242899450930176,0.1624521323634917,-0.0410334199669568,60.23112589440152,9.380394863658807,6.237650797419985,3.142744066238823,0.4304234441477673,0.7772425978897534,0,-1.7187748177067255,2.0,19.079999923706055,1
COIN,2024-10-25,-0.0196978882379075,-0.0688888468517496,0.0722166912468584,-0.0669091422008181,57.7603169866241,9.157604251568216,6.821641488249631,2.335962763318585,0.4371826629869857,0.7132825553627179,0,-0.7612436669873721,4.0,20.329999923706055,1
COIN,2024-10-28,0.0539407587765017,0.0111360886637592,0.2128866157286713,0.1292907043287658,62.23856987423112,9.76097326454692,7.409507843509089,2.3514654210378305,0.4502113244306108,0.812474193123524,0,-0.18672497655576015,9.0,19.799999237060547,1
COIN,2024-10-29,0.0164738429340369,0.0424259794495858,0.33119211547522,0.103597961505732,63.57713891131441,10.40645052138902,8.008896379085074,2.397554142303944,0.4480580050612536,0.8191216501754865,0,-0.12288956650780322,10.0,19.34000015258789,1
COIN,2024-10-30,-0.0360557135432274,0.0643945774343879,0.2874080617840397,-0.1755557865918109,58.60031414271237,10.161779566447592,8.439473016557578,1.722306549890014,0.4299394932388575,0.705583667130533,1,-0.9527498971312429,5.0,20.350000381469727,1
COIN,2024-10-31,-0.1534429236340649,-0.1430005887283686,0.0990189656169255,0.9853087989575342,43.54218608319818,7.2624867325920945,8.204075759764482,-0.9415890271723876,0.4078955095639581,0.297924777521763,1,-1.5911039976108117,7.0,23.15999984741211,1
COIN,2024-11-01,0.0202510732653418,-0.1080764198640803,0.0700368671477411,-0.2354753334744865,45.235404691122135,5.1977706655782185,7.602814740927229,-2.4050440753490108,0.3943552211457108,0.3308554118660622,1,-0.9527498971312429,6.0,21.8799991607666,1
COIN,2024-11-04,0.0185367415744586,-0.1380379499700967,0.1027113798933565,-0.214257030893003,46.83887252387069,3.791309075319021,6.840513607805588,-3.0492045324865678,0.3741319156083469,0.3567546826440121,1,-0.3303546491636632,6.0,21.979999542236328,1
COIN,2024-11-05,0.0412841695657983,-0.1169989826084818,0.1566581423459643,-0.1231848301141971,50.387519912837845,3.259622165737312,6.124335319391934,-2.864713153654621,0.3454845392521828,0.4390589988255033,1,0.19628748373198127,3.0,20.489999771118164,1
COIN,2024-11-06,0.3111465701986482,0.2010484129641909,0.5230879541196354,2.563130602564618,68.28175736266788,7.620155940251351,6.423499443563817,1.1966564966875337,0.3889802969631352,1.1577740174154183,1,2.2390206052666017,5.0,16.270000457763672,1
COIN,2024-11-07,0.0049939219246317,0.4258298567980736,0.5558531392447368,-0.5302543998194946,68.53892039422763,11.05100005381047,7.348999565613148,3.7020004881973207,0.4039264383634311,1.0800669318003584,1,2.207102900242623,6.0,15.199999809265137,1
COIN,2024-11-08,0.0593160196208992,0.4804242290340172,0.5349811925351493,0.0466157919701235,71.50848843616232,14.822389815367416,8.843677615564003,5.978712199803413,0.4539377437300335,1.113277912893032,1,1.4729956846911192,8.0,14.9399995803833,1
COIN,2024-11-11,0.1976065669267623,0.7406988929903204,0.6513367973283171,1.4345015116138988,79.03066997409886,21.876072508150003,11.450156594081204,10.4259159140688,0.6318312689372327,1.269408233061524,1,1.526191859731083,19.0,14.970000267028809,1
COIN,2024-11-12,-0.0157598862122737,0.6453392134266012,0.6253947786247629,-0.4151493372606775,76.94119205087097,26.745527951565577,14.50923086557808,12.236297085987498,0.7263779084927701,1.0819016778891213,1,1.7921727349309038,12.0,14.710000038146973,1
COIN,2024-11-13,-0.1078244074064582,0.1195784827731862,0.3527176311294961,0.1280359071056744,64.56256098485267,27.51087847177629,17.109560386817723,10.401318084958572,0.7497427229649531,0.8316052092646853,1,1.9198435550268176,3.0,14.020000457763672,1
COIN,2024-11-14,-0.0206518855633699,0.0910086639807266,0.3655239985560194,-0.3793959439090772,62.706036376789726,27.32793756708142,19.153235822870464,8.174701744210957,0.7558876584531322,0.7687451756752647,1,-0.9527498971312429,4.0,14.3100004196167,1
COIN,2024-11-15,0.0968656222936361,0.1296816766475705,0.3889014884819739,0.0371389270976616,67.35043135498091,29.02782296416993,21.12815325113036,7.899669713039572,0.7913485507675919,0.8737215417335102,0,1.7921727349309038,6.0,16.139999389648438,1
COIN,2024-11-18,0.0639529088385031,0.0036084797155608,0.5225996715490697,0.4210070696869139,70.24072330756451,31.58918229175765,23.22035905925582,8.368823232501832,0.8346457313781969,0.9154433131815212,0,0.9942301093314424,7.0,15.579999923706055,1
COIN,2024-11-19,-0.0025813476181968,0.0170463521391661,0.5402904586369655,-0.4748432093847872,69.95432390402364,33.16894636144042,25.21007651969274,7.958869841747678,0.8588219347003434,0.8637001950273266,0,1.1538186344513346,4.0,16.350000381469727,1
COIN,2024-11-20,-0.0140493497726014,0.1239463627199359,0.608656419583655,0.7010239516950603,68.32563289788136,33.664899073908714,26.901041030535936,6.763858043372778,0.8554132607570892,0.8074533101134759,0,0.19628748373198127,4.0,17.15999984741211,1
COIN,2024-11-21,-0.07743507397611,0.0587792815367007,0.411503183291495,0.1010788976708401,60.13242115199037,31.693068401010805,27.859446504630917,3.833621896379892,0.8367943602802189,0.6741634262290999,1,0.00478125358811054,5.0,16.8700008392334,1
COIN,2024-11-22,0.0318734658128816,-0.003956159656471,0.4857589964086328,-0.5161390218918983,61.99610327807272,30.537667813797384,28.39509076646421,2.142577047333173,0.8130020177069137,0.6966070002354358,0,-0.9527498971312429,6.0,15.239999771118164,1
COIN,2024-11-25,0.024881782457282,-0.0405334878859536,0.4447940416583995,0.2017444531967966,63.47718672581489,29.889103116602428,28.693893236491856,1.1952098801105713,0.7971174791549047,0.7099329291842218,0,1.0101889618434317,2.0,14.600000381469727,1
COIN,2024-11-26,-0.0606303010754264,-0.0963736576807318,0.3351998709609118,-0.0976519025802442,57.45510412360522,27.5302669367822,28.461167976549923,-0.9309010397677256,0.7724124272280434,0.6057416644340101,1,0.00478125358811054,3.0,14.100000381469727,1
COIN,2024-11-27,0.0603157350268097,-0.028217863515927,0.4686880273853964,0.0056826350477083,61.16307258143746,26.779608962883916,28.124856173816724,-1.3452472109328113,0.7405936612491596,0.6705477581772705,1,0.962312404307464,3.0,14.100000381469727,1
COIN,2024-11-29,-0.0475271665610258,0.0032855779717735,0.6524407933446652,-0.2814428025401029,56.71551447544759,24.707274648086525,27.441339868670685,-2.73406522058416,0.650865347763486,0.5776318222411416,1,1.3612837171071943,6.0,13.510000228881836,1
COIN,2024-12-02,0.0209317401550936,-0.0073530089424994,0.6535432295633357,0.1749596867081317,58.09217896136619,23.296671947639368,26.612406284464424,-3.315734336825056,0.5509188727371697,0.5912240662408315,1,0.5899391790277154,4.0,13.34000015258789,1
COIN,2024-12-03,0.0229828450638471,-0.0091922205687224,0.6607612552100608,-0.1026459081551719,59.64173807113228,22.480426680925238,25.78601036375659,-3.3055836828313545,0.4329041421787861,0.6199160030524509,0,-0.31439579665167394,2.0,13.300000190734863,1
COIN,2024-12-04,0.0697914850878202,0.128371212109388,0.7062280417922138,0.5689273335783023,64.08444198066621,23.307009992580102,25.29021028952129,-1.9832002969411848,0.2994363726705126,0.8330091357215782,0,-0.12288956650780322,4.0,13.449999809265137,1
COIN,2024-12-05,-0.0313349702081529,0.0308379831471297,0.2605481907975659,0.2514179010001265,60.63199182289125,22.861774971080138,24.804523225833066,-1.9427482547529245,0.2635461795210055,0.7035912377480602,0,0.19628748373198127,10.0,13.539999961853027,1
COIN,2024-12-06,0.0719031327520804,0.1600944664276775,0.3444713696509387,-0.1522870626558555,65.12892998453032,24.09115653064225,24.6618498867949,-0.570693356152649,0.2383964733685556,0.9752958009012116,0,1.1538186344513346,4.0,12.770000457763672,1
COIN,2024-12-09,-0.0963273574700659,0.0268518362469514,0.1469306353481803,0.0128645758747434,55.35111329156628,22.13934778949863,24.15734946733565,-2.01800167783702,0.2071402759482425,0.498189230120433,1,0.020740106100099777,8.0,14.1899995803833,1
COIN,2024-12-10,-0.0260851986104535,-0.0224017861291468,-0.0672957607445897,-0.2971581403020948,53.24450839644583,19.71170074853353,23.268219723575225,-3.556518975041694,0.2048604920645172,0.3876347291187123,1,0.29204059880391664,3.0,14.180000305175781,1
COIN,2024-12-11,0.0376627988398032,-0.0517616630097336,-0.0166703451346491,-0.1405796858498315,55.792382313428405,18.49366603743539,22.31330898634726,-3.81964294891187,0.203418184494549,0.5720119489234438,0,1.5687487997630543,4.0,13.579999923706055,1
COIN,2024-12-12,-0.0027086648294464,-0.0237390139291602,0.0991851296477219,-0.1881327169524255,55.54910256347416,17.260804554243975,21.302808099926605,-4.042003545682629,0.1884464460071702,0.5387453038647868,0,0.29204059880391664,2.0,13.920000076293945,1
COIN,2024-12-13,-0.0076048215356439,-0.0961527530831084,0.1138286854512555,-0.2993368891451636,54.82820170321486,15.908325173009302,20.223911514543143,-4.315586341533841,0.1611098949415281,0.4662397577178308,0,0.0,0.0,13.8100004196167,0
COIN,2024-12-16,0.0152296065130634,0.0154257655365013,0.0309301659842908,0.9650584644926792,56.04897901633129,15.04472168892272,19.18807354941906,-4.143351860496338,0.1598835755482216,0.5511659735212808,0,0.6537745890756722,10.0,14.6899995803833,1
COIN,2024-12-17,-0.0116392849531333,0.0304874043096565,-0.0423158134621146,-0.3508122916921143,54.81125061448286,13.903897283327638,18.131238296200777,-4.22734101287314,0.1556237557845499,0.4912901477921601,0,1.0899832244033776,2.0,15.869999885559082,1
COIN,2024-12-18,-0.1019767289278502,-0.1081865220074519,-0.1377515511714999,0.6954546676343305,45.4512046070774,10.316480984226644,16.56828683380595,-6.251805849579306,0.177250933692569,-0.0456853117126665,0,-0.6335728468914584,4.0,27.6200008392334,1
COIN,2024-12-19,-0.0212247989521127,-0.12474430947493,-0.1440267333251447,-0.0718656858393049,43.94080769173018,6.91441653962022,14.637512774968805,-7.723096235348585,0.2037217005637534,-0.0363681894682779,0,-0.21864268157973857,1.0,24.09000015258789,1
COIN,2024-12-20,0.0174867764038257,-0.1026144519771624,-0.0559564370710775,-0.145089933894744,45.513234825715344,4.552291173068568,12.620468454588758,-8.06817728152019,0.2183658714897468,0.0821097750388896,0,-0.21864268157973857,1.0,18.360000610351562,1
COIN,2024-12-23,-0.0378888374380212,-0.1495671054748134,-0.1197807871499203,-0.3153209854342744,42.67154274011754,1.8073522211180943,10.457845207894628,-8.650492986776532,0.2471368421878328,0.0126100465609568,0,-0.9314714271152573,3.0,16.780000686645508,1
COIN,2024-12-24,0.0427745719999195,-0.1027468169239176,-0.1044135736854066,-0.2988837820091924,46.5734820800621,0.5511482710008977,8.47650582051588,-7.925357549514983,0.2580576322448255,0.1981305412790887,0,0.00478125358811054,2.0,14.270000457763672,1
COIN,2024-12-26,-0.0186323994923705,-0.0194739583174308,-0.0643731608058538,-0.0821418909075774,45.07281895963164,-0.8549498489661573,6.610214686619473,-7.465164535585631,0.2712818338361323,0.1599299422583358,0,0.14841092619601354,6.0,14.729999542236328,1
COIN,2024-12-27,-0.0317044280125584,-0.0299723334192308,-0.1455721201747601,0.2592962089606385,42.60414417894675,-2.6408687247267157,4.759998004350235,-7.4008667290769505,0.2925199819044959,0.1089041690577496,1,-0.9527498971312429,5.0,15.949999809265137,1
COIN,2024-12-30,-0.0381995191106705,-0.0830612271042878,-0.1372046352922897,0.3912675549153763,39.86112222457307,-4.819683667851507,2.844061669909887,-7.663745337761394,0.3233775484782325,0.0595713282788307,1,-0.4739843217715662,4.0,17.399999618530273,1
COIN,2024-12-31,-0.0284081803732659,-0.0740256994090754,-0.1789020897376265,-0.2992325710810006,37.97764380252778,-7.050952103405109,0.8650589152468877,-7.9160110186519965,0.3588236650493871,0.0564549303332441,1,-1.2719269473710273,4.0,17.350000381469727,1
COIN,2025-01-02,0.0358839641313377,-0.0801444962929687,-0.1685469973160118,0.1615172948715582,41.62330385944583,-8.007975852894162,-0.9095480383813224,-7.09842781451284,0.3768836198972603,0.178353148620988,1,0.6431353540676795,3.0,17.93000030517578,1
COIN,2025-01-03,0.0522530340496261,-0.0137021599629977,-0.1821780627912951,-0.0474918514985293,46.7115476215155,-7.594384853858628,-2.246515401476784,-5.347869452381844,0.3652157178450069,0.320155868841421,0,1.6645019148349898,4.0,16.1299991607666,1
COIN,2025-01-06,0.0632182385183599,0.082985281019343,-0.10234893099469,0.8086065300126861,52.39973056479028,-5.818899074695821,-2.9609921361205918,-2.85790693857523,0.3531426724675054,0.4972867285655939,0,0.036698958612089015,3.0,16.040000915527344,1
COIN,2025-01-07,-0.0814220961850907,0.034316751829132,-0.2307491114359656,0.0719612367328104,45.27305144427198,-6.230598401891029,-3.614913389274679,-2.6156850126163502,0.3139393317816925,0.2786359993051075,1,-0.12288956650780322,5.0,17.81999969482422,1
COIN,2025-01-08,-0.0163431204407056,0.0471607191701333,-0.1626625693517688,-0.4876234427062257,44.08258119289648,-6.826764418862695,-4.257283595192282,-2.5694808236704123,0.3125667467952249,0.2552781870773417,1,-1.0485030122031782,4.0,17.700000762939453,1
COIN,2025-01-10,-0.0047306293609113,0.0061039904217443,-0.1443026675179538,-0.0624926484179395,43.72999084035205,-7.314168705497877,-4.8686606172534015,-2.445508088244476,0.3147912454360506,0.265934898248828,1,-0.7931613720113506,3.0,19.540000915527344,1
COIN,2025-01-13,-0.0292912971126465,-0.071864021381361,-0.199515633974221,0.2581552910811586,41.52571697254353,-8.217358321658025,-5.538400158134326,-2.678958163523699,0.3079749051723537,0.2057408929252332,1,-0.6335728468914584,8.0,19.190000534057617,1
COIN,2025-01-14,0.0166003113837795,-0.1125591240937841,-0.1840171201121629,-0.1873922644062967,43.22131435581689,-8.49869097814502,-6.130458322136466,-2.368232656008555,0.291020533445431,0.2739329347363551,1,0.29204059880391664,7.0,18.709999084472656,1
COIN,2025-01-15,0.0765947367842405,0.0401014135436263,-0.1147852258284174,0.597780543819358,50.47560026025514,-7.061915436779543,-6.316749745065081,-0.7451656917144618,0.2632263395667492,0.5469819585787096,1,0.29204059880391664,3.0,16.1200008392334,1
COIN,2025-01-16,0.0243698846452611,0.0831506261496468,-0.106815492488539,-0.2592523508048145,52.70464754046667,-5.321285016781019,-6.11765679940827,0.7963717826272507,0.2203458975337603,0.6974572429761252,1,0.962312404307464,2.0,16.600000381469727,1
COIN,2025-01-17,0.0491780203223681,0.1418193538146324,-0.0518547134595008,0.6723348787604984,57.011963436118,-2.792058018304772,-5.45253704318757,2.6604790248827985,0.1898284827658347,1.0168569673881809,0,1.8879258500028386,7.0,15.970000267028809,1
COIN,2025-01-21,-0.0043658064740682,0.1711385589786525,0.0512042372611514,0.1436922613617239,56.49586537390329,-0.8815582536427087,-4.538341285278598,3.65678303163589,0.2041447306877731,0.9429037918683776,0,0.5792999440197226,13.0,15.0600004196167,1
COIN,2025-01-22,0.0056426243187512,0.158515141795543,0.0800598408322099,-0.4835274619745361,57.0348589814724,0.7577402387667007,-3.4791249804695386,4.23686521923624,0.2205832619151109,0.91766845263585,0,-0.12288956650780322,3.0,15.100000381469727,1
COIN,2025-01-23,0.0005408269691007,0.0766741266919646,0.0620717550175635,0.7296405704089131,57.09004343106511,2.04621951795923,-2.3740560807837854,4.420275598743015,0.2338247332486721,0.8816670849154745,1,-0.31439579665167394,3.0,15.020000457763672,1
COIN,2025-01-24,0.0067227126405307,0.0581258915363054,0.111318317296098,-0.1535787356521135,57.815742537716815,3.1911387494937458,-1.2610171147282792,4.452155864222025,0.2473786358312132,0.8661447761570338,0,0.962312404307464,1.0,14.850000381469727,1
COIN,2025-01-27,-0.0671476837772651,-0.059191891504168,-0.0058293573824338,0.2535515655567277,48.86642147841195,2.455548892617685,-0.5177039132590864,2.973252805876771,0.2470361232934778,0.5714480256967425,1,-1.2719269473710273,2.0,17.899999618530273,1
COIN,2025-01-28,0.0137775359703227,-0.042047639330134,0.0270034020743412,-0.630960551688074,50.447479562084766,2.1567770188406143,0.0171922731608537,2.1395847456797608,0.2483058225351331,0.6219205782216217,0,0.962312404307464,1.0,16.40999984741211,1
COIN,2025-01-29,0.0325739565580955,-0.0163934629151862,0.0951789897189376,0.3850905548421379,54.11004642815905,2.630424943506739,0.5398388072300307,2.090586136276708,0.2518916888660953,0.7339834105363231,0,0.19628748373198127,4.0,16.559999465942383,1
COIN,2025-01-30,0.0353951470548754,0.0178709430520009,0.1789794595059344,0.3806966223884653,57.87244758398664,3.793191717615798,1.1905093893071843,2.602682328308614,0.2547501957138382,0.8429647147227635,0,0.29204059880391664,1.0,15.84000015258789,1
COIN,2025-01-31,-0.0330899489699075,-0.0223825953950818,0.1732983608201497,-0.2457887120115773,53.31578883796555,3.865636338213676,1.7255347790884827,2.1401015591251933,0.2369382890872073,0.6826997766245642,0,-0.34631350167565234,1.0,16.43000030517578,1
COIN,2025-02-03,-0.0237530746202115,0.0230944050263162,0.1057502162072181,0.4610023793076983,50.35239559614589,3.326320679601622,2.0456919591911107,1.2806287204105111,0.2242663509301102,0.5605121407572549,0,0.4197114188998304,3.0,18.6200008392334,1
COIN,2025-02-04,-0.0141344852920426,-0.0050741346909983,0.0359875151361666,-0.3681771856646039,48.66034570412033,2.545190248776805,2.1455916171082494,0.3995986316685558,0.2213946489771156,0.4887679885097131,0,1.4729956846911192,3.0,17.209999084472656,1
COIN,2025-02-05,-0.0187239192757368,-0.0545016678747852,-0.0438559726470201,-0.1112330589506942,46.46434745357968,1.4853850366060897,2.0135503010078177,-0.5281652644017281,0.2214804510668326,0.4143861592471443,0,-1.5911039976108117,2.0,15.770000457763672,1
COIN,2025-02-06,-0.0173366986890108,-0.1026551408194349,0.0228502585849093,0.2569135201886015,44.499375945336496,0.257611474302962,1.6623625356668468,-1.4047510613638847,0.2173407943626326,0.3297295345735036,1,0.5154645339717656,1.0,15.5,1
COIN,2025-02-07,0.0152383592543312,-0.0578038551267134,0.0556900885539075,0.1738541465084775,46.59995609342157,-0.3785945435013786,1.254171119833202,-1.6327656633345806,0.206699423765368,0.3797920257150698,0,0.29204059880391664,3.0,16.540000915527344,1
COIN,2025-02-10,0.0208751181834918,-0.0147322611281428,0.082850307375152,-0.299761590747692,49.46466174001877,-0.4156371905241371,0.920209457761734,-1.3358466482858713,0.1916728190008992,0.4568672008505623,0,0.07925589864406034,9.0,15.8100004196167,1
COIN,2025-02-11,-0.0475341062957451,-0.0481116303976351,0.0624999886105772,0.2523090296642398,43.60814135707512,-1.5024872880947555,0.4356701085904362,-1.938157396685192,0.1693040399220085,0.1572703669238216,0,0.00478125358811054,1.0,16.020000457763672,1
COIN,2025-02-12,0.0299737736341154,-0.0008723585780854,0.0764772649595528,-0.0798553868402024,47.61943968152124,-1.698709019375542,0.0087942829972406,-1.7075033023727828,0.1444317965647036,0.2706654334864767,0,1.6006665047870332,1.0,15.890000343322754,1
COIN,2025-02-13,0.0844306728643218,0.1026001062815848,0.0843123460273644,1.970421826868674,57.144088406947006,0.0184238031813492,0.0107201870340623,0.0077036161472869,0.1465229562662296,0.80202795860247,0,1.7921727349309038,9.0,15.100000381469727,1
COIN,2025-02-14,-0.0798362650110539,-0.000655734934551,-0.0259915747516484,0.0195500576713474,47.58831958723797,-0.5350286960000972,-0.0984295895727695,-0.4365991064273276,0.1504487972124124,0.2482079515099901,0,0.00478125358811054,11.0,14.770000457763672,1
COIN,2025-02-18,-0.0352885157738867,-0.0556348450145492,-0.1044064063776654,-0.3998453530672506,44.34059760213396,-1.734741281221659,-0.4256919279025474,-1.3090493533191114,0.16015632065352,0.0830032391891415,0,0.19628748373198127,8.0,15.350000381469727,1
COIN,2025-02-19,-0.0225219791599876,-0.0308354464479378,-0.1207382600322946,-0.4108155783065855,42.42098109454262,-3.130358821259392,-0.9666253065739164,-2.163733514685476,0.175165580243589,0.0315667546209907,0,0.29204059880391664,1.0,15.270000457763672,1
COIN,2025-02-20,-0.0080411991412558,-0.0666060311572379,-0.1327024132353346,-0.0606269629281751,41.74179312477992,-4.354045051290598,-1.644109255517253,-2.7099357957733448,0.1870596336272099,0.0560391308008633,0,0.5154645339717656,3.0,15.65999984741211,1
COIN,2025-02-21,-0.0826610224786306,-0.2104256266182169,-0.2048241710840054,1.6865030387301387,35.50016461250799,-6.955119962389176,-2.706311396891638,-4.248808565497538,0.2293018605827172,-0.152550429093746,0,0.29204059880391664,4.0,18.209999084472656,1
COIN,2025-02-24,-0.0353046027113943,-0.1722138844913384,-0.2380201096502726,-0.2948736588060829,33.39332458714985,-9.576644328039322,-4.080377983121175,-5.496266344918147,0.2719099970355244,-0.1215503631980855,0,-0.016497216427875015,7.0,18.979999542236328,1
COIN,2025-02-25,-0.06420928066575,-0.1970298092717712,-0.2356199397179283,0.2529979381443299,30.02631330850369,-12.684486705564012,-5.801199727609743,-6.88328697795427,0.3400829814484376,-0.1261119494855566,1,-1.910281047850596,9.0,19.43000030517578,1
COIN,2025-02-26,0.0022118744814012,-0.1767116570960296,-0.2443403549100467,-0.4818793359925226,30.270391081725464,-14.937360417294258,-7.628431865546646,-7.308928551747612,0.3908013568707021,-0.0143264546690263,1,0.29204059880391664,3.0,19.100000381469727,1
COIN,2025-02-27,-0.0215533971260942,-0.1879262711286865,-0.2839519068137887,0.0267798160475634,29.1992072300594,-16.8983608553674,-9.482417663510798,-7.415943191856602,0.432955235273691,0.0244044806018214,1,1.6645019148349898,2.0,21.1299991607666,1
COIN,2025-02-28,0.0347938770931131,-0.0839493982314377,-0.2843677270065283,0.1173908739978224,33.21903619218814,-17.663835718753887,-11.118701274559417,-6.545134444194471,0.4445466307198271,0.1296360886484152,1,-1.8464456378026395,4.0,19.6299991607666,1
COIN,2025-03-03,-0.045774952883304,-0.0938917806691099,-0.2937561889154763,0.7713925059792719,30.66636232962153,-18.84961950176674,-12.664884920000882,-6.184734581765857,0.4700839268691756,0.0969969407459219,0,1.536831094739076,9.0,22.780000686645508,1
COIN,2025-03-04,0.0330498325723345,0.0002823547321884,-0.2526634073523102,-0.1835814924552126,34.40616086622546,-19.021391515647764,-13.93618623913026,-5.085205276517504,0.4839980364433616,0.1887713234150115,0,0.29204059880391664,3.0,23.510000228881836,1
COIN,2025-03-05,0.0465772465506557,0.0445623118669682,-0.2066408027148986,-0.2663905243895903,39.52086258883386,-18.14945963146872,-14.778840917597952,-3.370618713870764,0.4853759919100036,0.292611024548676,0,1.7921727349309038,3.0,21.93000030517578,1
COIN,2025-03-06,-0.0372218426293051,0.0278351163203507,-0.2215963263554999,-0.1227561158887868,36.927366332678695,-17.920003389717124,-15.407073412021788,-2.512929977695336,0.4934753232221435,0.2500746889576568,0,1.6006665047870332,1.0,24.8700008392334,1
COIN,2025-03-07,0.0153149311637454,0.0084871620095348,-0.1957317717374962,0.024948247555143,38.64502585179636,-17.27436109381719,-15.780530948380868,-1.4938301454363234,0.4974494078205053,0.2986534086399804,0,0.29204059880391664,5.0,23.3700008392334,1
COIN,2025-03-10,-0.1757645516536857,-0.1288943099512074,-0.3470436004806499,1.1664403199034252,28.80213795514466,-19.62054616057489,-16.548533990819674,-3.072012169755215,0.5412890109703327,0.0503191136252115,1,-1.240009242347049,8.0,27.860000610351562,1
COIN,2025-03-11,0.0695196507888589,-0.0981416152004098,-0.315930334714295,-0.3901554320861975,34.64616574135266,-20.241168726750857,-17.28706093800591,-2.9541077887449454,0.548392252846166,0.1801541914582443,0,1.8879258500028386,6.0,26.920000076293945,1
COIN,2025-03-12,0.0002086352215735,-0.1380984564717742,-0.2816410636491043,-0.1551018256576057,34.66470305021967,-20.493552540938,-17.92835925859233,-2.565193282345668,0.5601554972607047,0.2113750868642169,0,0.0,0.0,24.229999542236328,0
COIN,2025-03-13,-0.074271061136469,-0.1712657841405345,-0.3543470009679257,-0.0059687214042093,31.264291451092987,-21.59369802612377,-18.66142701209862,-2.9322710140251544,0.572560727063784,0.138376203681784,1,-1.7187748177067255,1.0,24.65999984741211,1
COIN,2025-03-14,0.0317200374656603,-0.1578753842853627,-0.3857300858230789,-0.0109839529677594,34.02003422318917,-21.76043736187572,-19.28122908205404,-2.479208279821677,0.5150806605347504,0.1887258961201333,1,-0.7612436669873721,6.0,21.770000457763672,1
COIN,2025-03-17,0.0318917199235526,0.0542878492343403,-0.3111442951564149,-0.2367046031477407,36.84837410763935,-21.17722153047191,-19.66042757173761,-1.5167939587342971,0.4761244305285586,0.2558205693003293,1,0.9729516393154568,4.0,20.510000228881836,1
COIN,2025-03-18,-0.0413844572733329,-0.0550367933506736,-0.3154971241078138,0.0265641238827687,34.703178497012345,-21.10276844021604,-19.9488957454333,-1.1538726947827378,0.4473558834734266,0.1960723297202751,1,1.1538186344513346,5.0,21.700000762939453,1
COIN,2025-03-19,0.0475322989917355,-0.010327000321602,-0.2664399035452511,0.1060986474447234,38.91948310643372,-20.11711120183688,-19.982538836714017,-0.1345723651228603,0.40299161789596,0.3020604202518465,1,0.29204059880391664,6.0,19.899999618530273,1
COIN,2025-03-20,0.0033201838356389,0.0726238041056621,-0.2580380856621139,-0.1801518146982011,39.22870047340788,-19.06536099647971,-19.79910326866716,0.7337422721874454,0.3412194291188326,0.3193319637478603,0,0.0,0.0,19.799999237060547,0
COIN,2025-03-21,-0.0027314017182688,0.0368064966845964,-0.1933894270038942,0.0933015778505508,39.05296361806048,-18.065552931436315,-19.45239320122099,1.386840269784674,0.3136552945954512,0.3291320506111199,0,0.9303946992834854,2.0,19.280000686645508,1
COIN,2025-03-24,0.0694195335163327,0.074513050762039,-0.1058264555555107,0.2920025051737283,45.69350712692388,-16.02495685014128,-18.76690593100505,2.741949080863769,0.2902704178325083,0.5627127909351025,0,0.14841092619601354,8.0,17.479999542236328,1
COIN,2025-03-25,0.005860926323659,0.1274704450463311,-0.0388724624786681,-0.1698508878233837,46.262809971711526,-14.14864967602142,-17.84325468000832,3.6946050039869007,0.2852898395014928,0.5921759454475457,0,0.0,0.0,17.149999618530273,0
COIN,2025-03-26,-0.0503354012356309,0.0221343712687336,-0.0892656328245088,-0.0970207040125925,42.1518941305741,-13.337427152469472,-16.942089174500552,3.604662022031079,0.2795468641668722,0.4260068751089665,0,0.6431353540676795,1.0,18.329999923706055,1
COIN,2025-03-27,-0.0276875235972318,-0.0094547904485337,-0.0949752543546536,-0.2371720977310428,40.14509203010895,-12.978236157297316,-16.149318571059904,3.171082413762587,0.2795367005988093,0.34610966366875,0,-0.12288956650780322,2.0,18.690000534057617,1
COIN,2025-03-28,-0.0776859105579927,-0.0839039707329579,-0.1933494267020464,0.8502847243978402,35.218894119321874,-13.717580282784866,-15.662970913404898,1.9453906306200324,0.2865492092757982,0.1233613405562983,0,-1.2719269473710273,1.0,21.649999618530273,1
COIN,2025-03-31,-0.0097740298961037,-0.1517434918113642,-0.1629161811541236,-0.2249855580566124,34.686980846498244,-14.276125091698589,-15.385601749063635,1.1094766573650483,0.3021814779108913,0.1393378031457917,0,-0.537819731819523,1.0,22.280000686645508,1
COIN,2025-04-01,0.0132962236644571,-0.1454732021574043,-0.1789225981334671,-0.2945009188695976,36.08729650598733,-14.368361794908507,-15.182153758232612,0.8137919633241033,0.3017576171555345,0.2078170855426153,0,-1.5911039976108117,2.0,21.770000457763672,1
COIN,2025-04-02,0.0483038761712402,-0.0567156492553876,-0.1775679952434008,0.4952729657358325,41.094091633077255,-13.604406955253836,-14.866604397636856,1.2621974423830211,0.2649045506322563,0.3710595548704863,0,-1.2719269473710273,2.0,21.510000228881836,1
COIN,2025-04-03,-0.0666302412940453,-0.0944957426619571,-0.202689471136223,0.1641692858709158,36.62598779595226,-13.823252709194946,-14.657934059948476,0.8346813507535291,0.2513928517169442,0.1497049418634963,0,-2.548635148330165,2.0,30.020000457763672,1
COIN,2025-04-04,-0.0597914721452477,-0.0769274431521696,-0.2616693248794471,0.5247483309265188,33.35477938444561,-14.65165536514712,-14.656678320988206,0.0050229558410848,0.2371106050704382,-0.0455665738194724,1,-0.9527498971312429,4.0,45.310001373291016,1
COIN,2025-04-07,-0.0203675129885033,-0.0868025159327791,-0.1224683226663131,-0.0905303758201334,32.357979701890784,-15.3945733952188,-14.804257335834324,-0.5903160593844738,0.2721408933838894,-0.0217365536518227,1,0.026059723604096238,6.0,46.97999954223633,1
COIN,2025-04-08,-0.0369404730651519,-0.1320765670838061,-0.2098179389037107,-0.1610585811631715,30.6077557658559,-16.26467053575857,-15.096339975819172,-1.1683305599393954,0.312744282613721,-0.0260383225456867,1,-1.910281047850596,1.0,52.33000183105469,1
COIN,2025-04-09,0.1691423708372277,-0.0320306133265987,-0.0763573760803335,0.3724431971504129,44.78929289072893,-14.717257909616537,-15.020523562578648,0.3032656529621125,0.3097931817728265,0.4378949166867408,0,0.962312404307464,6.0,33.619998931884766,1
COIN,2025-04-10,-0.042181949151155,-0.0066760331829526,-0.0443405833140259,-0.2662013370035391,42.08843657796227,-13.933077084409009,-14.80303426694472,0.869957182535714,0.3149175887199867,0.3140515384552388,1,0.19628748373198127,6.0,40.720001220703125,1
COIN,2025-04-11,0.0346657531663652,0.0931173881287479,-0.041612032112119,-0.3060832596482766,44.90476322971482,-12.690848674185505,-14.380597148392878,1.6897484742073754,0.3160061187710248,0.4245000355590976,0,0.19628748373198127,2.0,37.560001373291016,1
COIN,2025-04-14,0.0061538565872061,0.1227111088603232,-0.0655165349436027,-0.1727568764238735,45.429698288394434,-11.486813748892786,-13.80184046849286,2.315026719600075,0.3137103275965957,0.453912012345897,1,-0.07501300897183555,3.0,30.889999389648438,1
COIN,2025-04-15,-0.0057197558973992,0.1591074530223322,-0.0307496526675377,-0.1645532199592351,44.99791766886241,-10.493147044449358,-13.14010178368416,2.6469547392348023,0.3145140108101138,0.440957106485823,1,0.5154645339717656,1.0,30.1200008392334,1
COIN,2025-04-16,-0.0191376685662875,-0.0275565516118275,-0.0924373822721097,-0.0265946549958097,43.51615438495797,-9.863087458096343,-12.4846989185666,2.6216114604702536,0.3123153805822057,0.3955876894158181,1,-0.9527498971312429,1.0,32.63999938964844,1
COIN,2025-04-17,0.0163753089570177,0.0318948462318471,-0.0806282472414277,-0.019400386477127,45.14870447644388,-9.03209454096961,-11.794178043047202,2.7620835020775925,0.3069401932332262,0.4592404097026349,1,-0.12288956650780322,2.0,29.649999618530273,1
COIN,2025-04-21,-0.0001713922156549,-0.0028490028490028,-0.0782682005824314,-0.0137748034261409,45.133759881371,-8.280494926857273,-11.091441419809218,2.810946492951945,0.3009075181294804,0.4716728357714857,1,-0.21864268157973857,5.0,33.81999969482422,1
COIN,2025-04-22,0.0857142857142856,0.075999535789931,-0.0642237673232991,1.5336815241260608,53.433829624903495,-6.400689019198268,-10.153290939687029,3.752601920488761,0.2770768885482265,0.7903560462114968,1,-0.31439579665167394,1.0,30.56999969482422,1
COIN,2025-04-23,0.02526317395662,0.1095289339028604,-0.0461733970183385,-0.2293120949480752,55.74116870216491,-4.472058061556538,-9.017044364060933,4.544986302504393,0.2546470685183381,0.9348161967623192,1,1.7921727349309038,4.0,28.450000762939453,1
COIN,2025-04-24,0.0465605334873624,0.1838452306428655,0.0511471942512717,-0.3069441348706206,59.7950455399812,-2.1865266557738323,-7.650940822403511,5.464414166629679,0.2775867783568314,1.0733786909725755,0,1.4729956846911192,6.0,26.469999313354492,1
COIN,2025-04-25,0.0283023711711194,0.197737535575218,0.1116767279356643,0.1783907844341139,62.16899977937502,0.0893347768251544,-6.102885702557778,6.192220479382932,0.3191672415878747,1.079242948424172,0,1.7921727349309038,3.0,24.84000015258789,1
COIN,2025-04-28,-0.0208452353077199,0.1729714529854911,0.1801875059875375,-0.0541750921113026,59.31253574333167,1.5227954365863354,-4.577749474728956,6.100544911315291,0.3460909040255878,0.9333871181973652,0,0.19628748373198127,3.0,25.149999618530273,1
COIN,2025-04-29,0.0041896068224855,0.0848947625411185,0.1968298786287023,-0.4419217753993861,59.70491804901113,2.697127393218324,-3.1227741011395,5.819901494357824,0.3671935746280373,0.892017972196254,0,-0.12288956650780322,3.0,24.170000076293945,1
COIN,2025-04-30,-0.0157182623413124,0.0415297546773709,0.1625601330658703,0.1209194105619404,57.456786135209846,3.3279895718289367,-1.8326213665458129,5.16061093837475,0.3795237481234256,0.8087318878716269,0,0.00478125358811054,2.0,24.700000762939453,1
COIN,2025-05-01,-0.0078367408086834,-0.0126060338793475,0.1003006636218035,0.3090116157168616,56.33572161840696,3.657491689691199,-0.7345987552984106,4.392090444989609,0.3897715364472323,0.7638584358309475,1,-0.9527498971312429,2.0,24.600000381469727,1
COIN,2025-05-02,0.0180327350670237,-0.0224671185249953,0.200105406817505,-0.0176031522296258,58.33447880653816,4.163539624523196,0.2450289206659107,3.918510703857285,0.3958329115506635,0.7837567553014081,0,0.00478125358811054,1.0,22.68000030517578,1
COIN,2025-05-05,-0.0269848190940301,-0.0285965326340867,0.2419806297493634,-0.1670552557350855,54.25960019397361,4.071428677971596,1.010308872127048,3.061119805844548,0.3788845799669612,0.6874245503961122,1,0.1324520736840243,7.0,23.639999389648438,1
COIN,2025-05-06,-0.012587736126707,-0.0448261062159152,0.2518438512066261,-0.0853641826687806,52.46809899869471,3.7526364523163807,1.5587743881649143,2.193862064151466,0.3486341022759058,0.6330892762891851,1,-1.2719269473710273,4.0,24.760000228881836,1
COIN,2025-05-07,-0.0016760720812518,-0.0311991810838244,0.2976826828712513,0.032765483884775,52.223959207749424,3.4337804433876613,1.933775599209464,1.5000048441781972,0.2944452534870057,0.6096197869727098,1,0.962312404307464,4.0,23.549999237060547,1
COIN,2025-05-08,0.0505698136185781,0.0258320758539938,0.1660737719255163,1.98195080506455,58.48946824372412,3.937767748602539,2.334574029088079,1.60319371951446,0.2936715761857194,0.7593652953421871,1,0.19628748373198127,9.0,22.479999542236328,1
COIN,2025-05-09,-0.0347699403185532,-0.0273751307864341,0.1750973532720128,0.1385823488533704,53.07497070703487,3.71499180278434,2.610657583827331,1.104334218957009,0.2720503245342408,0.6131140927161832,1,-0.12288956650780322,16.0,21.899999618530273,1
COIN,2025-05-12,0.0396347260996938,0.0392176908905945,0.1807407476963141,-0.0878895521294905,57.71339761618496,4.128315098483512,2.914189086758568,1.2141260117249444,0.2624365036473467,0.7397121934809722,1,0.8346415842115501,14.0,18.389999389648438,1
COIN,2025-05-13,0.2397451615824899,0.3047894494025327,0.4548646009318593,1.6176710697126646,74.67004605418458,8.36817390431034,4.004986050268922,4.363187854041417,0.3656446257561239,1.296236651865525,1,2.111349785170688,19.0,18.219999313354492,1
COIN,2025-05-14,0.0253406380704241,0.3400997503756475,0.5003132236343746,-0.5310539635471254,76.02664312400651,12.11395381719538,5.626779603654214,6.487174213541167,0.4399167232651589,1.1711880926231042,0,2.207102900242623,14.0,18.6200008392334,1
COIN,2025-05-15,-0.0720170113396186,0.1837288253821125,0.419429724821692,0.4127895250399298,65.08747492492766,13.397354462764897,7.180894575476351,6.216459887288544,0.4424855673648265,0.9090804868838168,1,-1.910281047850596,12.0,17.829999923706055,1
COIN,2025-05-16,0.0900834102182199,0.3368451819372444,0.5223675559243384,1.802289599185097,70.40979388510146,16.006771705110708,8.946070001403223,7.060701703707485,0.4763811645865737,1.0449022923389193,0,-1.910281047850596,13.0,17.239999771118164,1
COIN,2025-05-19,-0.0092696888835543,0.2739599878353829,0.5085142299107144,-0.8287480637499569,69.13660614788897,17.671736436292917,10.691203288381162,6.980533147911755,0.4858735712285436,0.9573175657481532,1,-0.21864268157973857,11.0,18.139999389648438,1
COIN,2025-05-20,-0.0098866830111449,0.0174387352774063,0.375684236225329,-0.3065703994339743,67.74265619735675,18.566604714031342,12.2662835735112,6.300321140520143,0.4981815632137443,0.8822798405742789,0,0.19628748373198127,4.0,18.09000015258789,1
COIN,2025-05-21,-0.0091438312181111,-0.0167799755752791,0.32951738283886,0.3621501287016209,66.42197473032074,18.86547066094218,13.586120990997395,5.279349669944782,0.5035443885072367,0.8228428315643486,0,0.29204059880391664,6.0,20.8700008392334,1
COIN,2025-05-22,0.0500406288325196,0.1125429941534192,0.3339383858360831,0.3290517534899557,69.85403503801274,19.9184816808598,14.85259312896988,5.06588855188992,0.5254443160882892,0.8851387774345338,0,1.1538186344513346,10.0,20.280000686645508,1
COIN,2025-05-23,-0.032322148006488,-0.0123845526487794,0.2552948121936678,-0.4049904891217328,65.00126397240189,19.81530180762928,15.84513486470176,3.9701669429275217,0.5338180787387595,0.7808090292783213,0,0.29204059880391664,3.0,22.290000915527344,1
COIN,2025-05-27,0.0123118642243791,0.009129147889167,0.2978028370033245,-0.1513191177895224,65.94050193251243,19.76710822983324,16.629529537728057,3.137578692105184,0.5365976673351259,0.7771471433983133,0,1.409160274643162,4.0,18.959999084472656,1
COIN,2025-05-28,-0.0454579612905591,-0.0271253021051033,0.233638903907754,0.0533705371298116,59.51195737666296,18.538043603328703,17.01123235084819,1.5268112524805133,0.527027416834012,0.6617182310458408,1,1.9198435550268176,1.0,19.309999465942383,1
COIN,2025-05-29,-0.0214322116171898,-0.0391906802548587,0.2264773871875056,-0.076083946395675,56.82691427598495,16.92908388465966,16.994802657610485,-0.0657187729508237,0.509034943662817,0.6014852387996165,0,-2.2294580980903804,5.0,19.18000030517578,1
COIN,2025-05-30,-0.0089214003109397,-0.0931421803745329,0.2251365691920883,-0.2088383246018713,55.72402692027483,15.298484761148783,16.655539078318146,-1.3570543171693608,0.4855713668192561,0.5667057220114566,1,0.962312404307464,1.0,18.56999969482422,1
COIN,2025-06-02,0.0004055068749315,-0.0624715086359202,0.2039233398648368,0.0192887380783739,55.76567495039707,13.854585823508756,16.09534842735627,-2.2407626038475144,0.4632656886994367,0.5514896858702677,1,0.0,0.0,18.360000610351562,0
COIN,2025-06-03,0.0494082457080635,-0.0281155796020228,0.2984453941183105,0.6073691014867486,60.62732048987555,13.537860801327383,15.583850902150491,-2.0459901008231096,0.4324392660155728,0.6418348012982094,0,-1.910281047850596,5.0,17.690000534057617,1
COIN,2025-06-04,-0.0112394408132142,0.0067246323450214,0.3002184000893408,-0.3940722271374568,58.96135586745682,12.90329975618704,15.047740672957802,-2.144440916770764,0.3893038338415542,0.5946418434586467,0,1.6006665047870332,3.0,17.610000610351562,1
COIN,2025-06-05,-0.0460937619209289,-0.0186465176737422,0.2423687422739571,0.9864438839848676,52.64420512361717,11.317779608359274,14.301748460038098,-2.9839688516788243,0.3359941783828559,0.4392895793826581,0,1.9836789650747744,3.0,18.479999542236328,1
COIN,2025-06-06,0.028951709306193,0.0188549559943989,0.2168038947818931,-0.385210367610822,55.70629685418096,10.510574611185632,13.543513690267606,-3.0329390790819737,0.2919650775283616,0.496548086000334,0,0.29204059880391664,5.0,16.770000457763672,1
COIN,2025-06-09,0.0213316373590677,0.0401670055653267,0.2875275710048111,-0.1760006521561914,57.92742598394807,10.18594881181906,12.872000714577895,-2.686051902758837,0.2146483181312632,0.5410409255000118,1,0.08457551614805674,5.0,17.15999984741211,1
COIN,2025-06-10,-0.0065853657376423,-0.0153335180740415,0.2302866564018506,-0.0340984039044981,56.95760689677872,9.680718161014369,12.233744203865191,-2.553026042850824,0.1239134353832353,0.4423281110774049,0,0.19628748373198127,5.0,16.950000762939453,1
COIN,2025-06-11,-0.0167098522194613,-0.0207812786102294,-0.0242117608738029,0.0218675315807441,54.48153212834876,8.834730767701416,11.553941516632438,-2.7192107489310224,0.1258668214742352,0.3208193543637616,1,0.5154645339717656,2.0,17.260000228881836,1
COIN,2025-06-12,-0.0384154695443862,-0.0128992380665426,-0.0848866796989,0.2905397504218105,49.267513560408766,7.303035138913572,10.703760241088665,-3.400725102175093,0.1345514130901973,0.0839005899126148,1,1.4729956846911192,5.0,18.020000457763672,1
COIN,2025-06-13,0.0068865531677797,-0.0340669296495567,-0.0070773838580441,-0.0857701319042626,50.15309673046672,6.152185178989782,9.793445228668888,-3.641260049679106,0.1365312792248977,0.1399091417648062,1,0.962312404307464,6.0,20.81999969482422,1
COIN,2025-06-16,0.0777059045306927,0.0192495123228557,-0.0183516636180773,0.7039800642813654,58.92573707850893,6.684913205755748,9.171738824086262,-2.486825618330513,0.1324849786044304,0.6940174554800845,1,0.8346415842115501,4.0,19.110000610351562,1
COIN,2025-06-17,-0.0295140918474422,-0.0042755014021039,-0.0384104871622478,-0.2479413695397475,54.68337435901954,6.410270813613096,8.61944522199163,-2.2091744083785336,0.1285530032500373,0.4798887612049851,1,0.962312404307464,6.0,21.600000381469727,1
COIN,2025-06-18,0.1632460171165319,0.1779560282931607,0.1297344977758059,3.136021125204402,68.00098840348258,9.42779881152103,8.781115939897509,0.6466828716235202,0.1905293292431776,1.3007186921323473,1,1.7921727349309038,12.0,20.139999389648438,1
COIN,2025-06-20,0.0443292897121483,0.2793196472874457,0.1907024074704262,-0.1593591973136936,70.90921801558446,12.728735853229123,9.570639922563831,3.1580959306652936,0.2612297583598752,1.235603568409544,1,1.6325842098110115,13.0,20.6200008392334,1
COIN,2025-06-23,-0.0025618021026431,0.2673148524136088,0.1310534382463171,-0.4421871822249339,70.49281493983379,15.106862644679213,10.677884466986908,4.428978177692304,0.3066563195418287,1.0901451576919332,1,0.7388884691396147,5.0,19.829999923706055,1
COIN,2025-06-24,0.1210377822087249,0.3182704349463536,0.3103055271535817,0.6902932145359668,77.26768484545363,19.76782482327536,12.495872538244598,7.271952285030764,0.4155778837909862,1.2302603499669902,0,1.4729956846911192,8.0,17.479999542236328,1
COIN,2025-06-25,0.0305956370537661,0.3999211604205115,0.3339714837053427,0.0162920572008264,78.75618590461853,24.03589592875676,14.803877216347033,9.232018712409728,0.5083481013227007,1.131741014209334,0,1.6645019148349898,6.0,16.760000228881836,1
COIN,2025-06-26,0.0554352153465711,0.2701750701705849,0.4749695907309319,-0.0922886619818732,81.2279971949744,28.67742388342691,17.57858654976301,11.0988373336639,0.6016299291827408,1.1046316014735875,0,1.9836789650747744,8.0,16.59000015258789,1
COIN,2025-06-27,-0.0576959346944833,0.1460859558974589,0.4203102309801987,0.0595146759025844,71.40016418951681,30.260871410048992,20.11504352182021,10.145827888228784,0.6334580971175912,0.9121842686447564,1,0.19628748373198127,6.0,16.31999969482422,1
COIN,2025-06-30,-0.0083184859868506,0.1394713560494285,0.4211742647542877,-0.6128467193555951,70.15821064521901,30.92208085683393,22.27645098882295,8.645629868010978,0.6484714671993601,0.8513757885446153,1,0.49418606395577996,7.0,16.729999542236328,1
COIN,2025-07-01,-0.0432537421453085,-0.027521665072729,0.3591520140772719,0.1696266343653141,63.97839161754053,29.8783890388836,23.79683859883508,6.081550440048517,0.6432175380543528,0.7437634979291299,1,-0.6335728468914584,3.0,16.829999923706055,1
COIN,2025-07-02,0.057018538157622,-0.0025888030019328,0.3690085635687001,-0.0486593918718255,67.82746651681697,30.245431522306887,25.086557183529443,5.158874338777444,0.6535546825860566,0.8104991852982035,1,0.29204059880391664,7.0,16.639999389648438,1
COIN,2025-07-03,0.0038086487218089,-0.0513771273494352,0.3898437023162842,-0.4633597745955767,68.08675685279435,30.2960134974021,26.12844844630397,4.167565051098126,0.6552895115010036,0.7859821295009166,1,-0.9527498971312429,3.0,16.3799991607666,1
COIN,2025-07-07,0.003653789643476,0.0103839897682398,0.4623260055945144,0.1761556016288055,68.35128107286299,30.09409469927357,26.92157769689789,3.172517002375674,0.6402821983035112,0.7650451252630786,1,2.0155966700987524,5.0,17.790000915527344,1
COIN,2025-07-08,-0.0063847626444339,0.0123541818896117,0.4121065041232494,0.2345757295220218,67.29770814093906,29.41106332006348,27.41947482153101,1.9915884985324648,0.6226189989359352,0.7294396427047828,1,1.1538186344513346,7.0,16.809999465942383,1
COIN,2025-07-09,0.0536328233653073,0.1148719800605984,0.4567665471316593,0.3598767334360555,71.27724771338885,30.05881854301873,27.947343565828557,2.111474977190177,0.6140477915648642,0.7961289167580993,1,-0.12288956650780322,3.0,15.9399995803833,1
COIN,2025-07-10,0.0404172398151003,0.0973620484117514,0.525692271633496,0.3023930384336475,73.98431962126557,31.429123391976987,28.643699531058243,2.785423860918744,0.6053790762668025,0.8371388364111496,1,1.1538186344513346,11.0,15.779999732971191,1
COIN,2025-07-11,-0.0048848054767191,0.0878583778474282,0.5440402460008069,-0.0317255939123979,73.05197059657988,31.99299094409685,29.31355781366597,2.67943313043088,0.5792292134224969,0.7994397338636232,1,0.19628748373198127,6.0,16.399999618530273,1
COIN,2025-07-14,0.0179559041256365,0.1033604117369013,0.6345571656392963,-0.2528422364117738,74.32647791614957,32.62459195507529,29.975764641947837,2.648827313127456,0.5328803048152354,0.8142276182001583,1,0.9303946992834857,19.0,17.200000762939453,1
COIN,2025-07-15,-0.0152027121227612,0.0935685164425252,0.598697945203025,0.3540145107628172,71.20091435403454,32.26980941702425,30.43457359696312,1.8352358200611287,0.4680483290181377,0.768067973042876,1,1.1538186344513346,7.0,17.3799991607666,1
COIN,2025-07-16,0.0262358215596998,0.0651330900253437,0.5223458388081099,-0.1500062169539294,73.25901806697978,32.436180396459974,30.83489495686249,1.6012854395974827,0.4202207283084874,0.8154407042852297,0,0.29204059880391664,3.0,17.15999984741211,1
COIN,2025-07-17,0.0315167940940288,0.0560212078970041,0.6180815053142181,0.1730798701570097,75.57630174111603,33.19802357583916,31.307520680657827,1.8905028951813316,0.3485319234407794,0.9095791855551708,0,0.5154645339717656,6.0,16.520000457763672,1
COIN,2025-07-18,0.0219841723172169,0.0845347011499164,0.4215855146871201,0.6664113298298744,77.11310343255097,34.13692598565751,31.87340174165777,2.263524243999747,0.3309191514447632,0.9472203644087556,0,0.962312404307464,3.0,16.40999984741211,1
COIN,2025-07-21,-0.0146505167334516,0.0497956768379015,0.3412996897772151,-0.3935794920037629,73.71127801592485,33.99291068553174,32.297303530432565,1.6956071550991751,0.3114958811723366,0.8695926719650632,0,0.5473822389957441,9.0,16.649999618530273,1
COIN,2025-07-22,-0.0222179298719151,0.0423174421232093,0.3148672169335602,-0.144740012104759,68.82523623859572,32.75958898001579,32.389760620349215,0.3698283596665774,0.2729877649254472,0.779498024042815,0,0.5154645339717656,8.0,16.5,1
COIN,2025-07-23,-0.0163930492601879,-0.0009794440896067,0.1536743492512917,-0.1457722141684243,65.45434588049459,30.891093362763115,32.090027168831995,-1.1989338060688794,0.2643500913521057,0.6938471993932557,0,0.00478125358811054,5.0,15.369999885559082,1
COIN,2025-07-24,-0.0027902399597159,-0.0342056915227479,0.116301369439518,-0.3642344690023485,64.8814109716691,28.98659120310697,31.469339975686992,-2.482748772580024,0.2597712390291362,0.6640546924467597,0,0.29204059880391664,3.0,15.390000343322754,1
COIN,2025-07-25,-0.0127048358705156,-0.0669874581899073,0.0442317327803549,0.0934519140753484,62.21833303010555,26.76207639405948,30.52788725936149,-3.765810865302015,0.2601183595619,0.6043031185772944,0,-0.6335728468914584,4.0,14.930000305175781,1
COIN,2025-07-28,-0.0310729033190573,-0.0825375679844837,0.0737345389430486,0.303946409357537,56.21789893749029,23.7434147016354,29.17099274781628,-5.4275780461808765,0.2501053807496093,0.4673178324948376,0,0.3239583038278951,6.0,15.029999732971191,1
COIN,2025-07-29,-0.0212126485549646,-0.0815943027415566,0.0597734965070524,-0.1717507808063599,52.60403182895902,20.465621874210058,27.42991857309504,-6.964296698884979,0.2385285093464247,0.3664154179135193,0,-0.12288956650780322,4.0,15.979999542236328,1
COIN,2025-07-30,0.0162610610198741,-0.0511047653327797,0.125697152363017,0.1891115943736809,54.94434455625084,18.14614815403621,25.573164489283272,-7.42701633524706,0.2068086619201578,0.3960594467552414,0,-0.12288956650780322,5.0,15.479999542236328,1
COIN,2025-07-31,0.0007417578974984,-0.0477438917534537,0.0657638503478978,0.1145225225225226,55.05513844619081,16.144439037672612,23.687419398961143,-7.5429803612885316,0.1928799098534479,0.3770242988559133,0,-1.910281047850596,8.0,16.719999313354492,1
COIN,2025-08-01,-0.1669578719127773,-0.19652249527911,-0.1155424023664761,1.5334809881013969,34.48467540042101,9.360940552690352,20.822123629706983,-11.461183077016631,0.2475519276334383,-0.2367094354792415,0,-1.910281047850596,7.0,20.3799991607666,1
COIN,2025-08-04,0.0110585368436548,-0.1615852285557495,-0.1090170596762641,-0.6137348367376891,35.907642542720055,4.217164091255199,17.501131722016627,-13.283967630761428,0.2873967361797189,-0.0884898470325306,1,-0.4952627917875517,9.0,17.520000457763672,1
COIN,2025-08-05,-0.0634252831558648,-0.1977439471361671,-0.1601657626874321,0.3929739641842331,31.61894795350794,-1.470721471917841,13.706761083229734,-15.177482555147575,0.3469112622716159,-0.1226687025271296,1,-1.8464456378026395,4.0,17.850000381469727,1
COIN,2025-08-06,0.0187590070844123,-0.1957720204070331,-0.1879631359743588,-0.0522536305362342,33.97152596210482,-5.464356077399259,9.872537651103936,-15.336893728503195,0.3945510694595696,0.0086768064173119,1,-0.537819731819523,1.0,16.770000457763672,1
COIN,2025-08-07,0.0237499910783478,-0.1772818707365386,-0.2009717827731499,-0.1329875427806315,36.98297752476204,-7.955841766753679,6.306861767532413,-14.262703534286093,0.4271020492589039,0.1112156263517214,1,0.29204059880391664,2.0,16.56999969482422,1
COIN,2025-08-08,-0.0008044016639096,-0.0131875619317047,-0.197695420597134,-0.332202753803077,36.92009997727986,-9.837138625743648,3.078061688877201,-12.915200314620847,0.4549967234481318,0.1525734611832707,1,-0.21864268157973857,1.0,15.149999618530273,1
COIN,2025-08-11,0.0292393454061239,0.0045572543868357,-0.1888023471603882,0.5846895329486266,40.85336867475024,-10.47465559923603,0.3675182312545546,-10.842173830490584,0.4699153678634304,0.2347748694081012,1,0.7388884691396148,9.0,16.25,1
COIN,2025-08-12,0.009386146191824,0.0826537994227272,-0.1685480020313593,-0.321636071029159,42.13712720722702,-10.615449175627646,-1.8290752501218857,-8.78637392550576,0.4813561866573695,0.2747357183842998,0,-1.2719269473710273,2.0,14.729999542236328,1
COIN,2025-08-13,0.0136073855150946,0.077179077112127,-0.178779508435558,0.5480608777820222,44.0508380277944,-10.25458315468444,-3.514176831034397,-6.740406323650043,0.4837039767569283,0.3194708579236389,0,0.29204059880391664,3.0,14.489999771118164,1
COIN,2025-08-14,-0.0064829670465039,0.0453682734832114,-0.2090322224018563,-0.3893686930999104,43.30597281128906,-10.024108439308804,-4.816163152689279,-5.207945286619526,0.4756192969209403,0.3270817197558778,0,0.29204059880391664,4.0,14.829999923706055,1
COIN,2025-08-15,-0.0225923436379273,0.0225735140566689,-0.2435323533365306,-0.1618954442979284,40.73755345470833,-10.314831434942846,-5.915896809139992,-4.398934625802854,0.4566606549284941,0.3032771036858204,1,1.1538186344513346,2.0,15.09000015258789,1
COIN,2025-08-18,0.0100142444201025,0.0034729237409996,-0.2245968445224478,0.1164289702075827,42.33328800066436,-10.17138086128341,-6.766993619568676,-3.4043872417147343,0.4324281585502119,0.3420153704200816,0,0.036698958612089015,4.0,14.989999771118164,1
COIN,2025-08-19,-0.0581797868079916,-0.0636971920649377,-0.2531154052498021,0.1737623312269856,36.17747470137034,-11.431624939168216,-7.699919883488585,-3.731705055679632,0.4187386697306438,0.2390298344214145,1,0.3877937138758519,1.0,15.569999694824219,1
COIN,2025-08-20,0.0076803630548087,-0.0691721795715052,-0.2348356840790466,-0.1701637344229596,37.39636688124346,-12.103648918038688,-8.580665690398606,-3.522983227640081,0.4001898688865207,0.2753516293095678,1,0.962312404307464,2.0,15.6899995803833,1
COIN,2025-08-21,-0.0135024661498426,-0.0757487603790194,-0.2430552318143473,-0.329848430043289,36.08169590645984,-12.820094624173066,-9.428551477153498,-3.3915431470195685,0.3745643142383467,0.262230514303215,1,0.29204059880391664,2.0,16.600000381469727,1
COIN,2025-08-22,0.0651725303176204,0.0072430118058968,-0.1833477937168821,1.2685517289410453,45.84426823019776,-11.674174355261757,-9.87767605277515,-1.7964983024866044,0.3341400885461467,0.443118309536828,0,-0.6335728468914584,1.0,14.220000267028809,1
COIN,2025-08-25,-0.0433015658565697,-0.0459265128979652,-0.1936546210059117,-0.349622386639241,41.06408217140935,-11.748178342517576,-10.251776510723635,-1.496401831793941,0.3035358711694776,0.3326802982627703,0,-1.0006264546672106,11.0,14.789999961853027,1
COIN,2025-08-26,0.0081046110664317,0.021220258571482,-0.1695024527279069,-0.0859698603948595,42.22575113708189,-11.47444066590242,-10.496309341759392,-0.9781313241430284,0.2720686759643225,0.3762881881911638,0,-0.12288956650780322,3.0,14.619999885559082,1
COIN,2025-08-27,0.0015884018961498,0.0150464415777744,-0.1814930798232554,-0.2581015828749967,42.46704015532996,-11.090123428593929,-10.6150721591263,-0.4750512694676274,0.2142101294080333,0.3990499577310423,0,0.0,0.0,14.850000381469727,0
COIN,2025-08-28,-0.0016182800855246,0.0272745520004675,-0.1834233554470514,0.0950524685449767,42.27302580827449,-10.702523046901035,-10.632562336681248,-0.0699607102197887,0.1102733161044556,0.3877973449930501,0,0.29204059880391664,2.0,14.430000305175781,1
COIN,2025-08-29,-0.0127402751004284,-0.0478661787289097,-0.032253944573197,0.0506793802145411,40.6991389995254,-10.590385148806265,-10.62412689910625,0.0337417502999866,0.1123980084383831,0.2920896401256441,0,0.29204059880391664,5.0,15.359999656677246,1
COIN,2025-09-02,-0.0032180040678746,-0.0079738641876021,-0.0459188963527481,0.0307801675893153,40.29623781124433,-10.460017185974095,-10.59130495647982,0.1312877705057236,0.113333284470943,0.2862444522980504,1,0.962312404307464,2.0,17.170000076293945,1
COIN,2025-09-03,-0.0041178021150785,-0.0200013394968655,0.0144971558300364,-0.2339139239020381,39.75563810280896,-10.33838966881524,-10.540721898946902,0.2023322301316632,0.1095295070858536,0.2359806858864677,1,1.1538186344513346,4.0,16.350000381469727,1
COIN,2025-09-04,0.0148522717430301,-0.0070233790308473,0.0106067638287368,0.1898176524670549,42.72781806586014,-9.767105188882397,-10.385998556934002,0.6188933680516051,0.1078775540482063,0.3609114203091707,1,0.19628748373198127,5.0,15.300000190734863,1
COIN,2025-09-05,-0.0251955044860244,-0.0304729596371963,-0.0377103539318224,0.8299043755433209,39.14705584919809,-9.824848209930622,-10.273768487533326,0.4489202776027046,0.1138332665691267,0.1660718813942082,1,-0.6335728468914584,1.0,15.180000305175781,1
COIN,2025-09-08,0.0104657933131331,-0.0076837074677675,-0.0268564310826447,-0.2237089821412862,41.29246397719343,-9.508437387223523,-10.120702267471366,0.6122648802478423,0.1167079869330277,0.2717502181386716,1,0.3558760088518734,3.0,15.109999656677246,1
COIN,2025-09-09,0.0548642816099789,0.0501383625744868,-0.0026281094760127,0.1742047347604856,51.1226139093348,-7.829558897716993,-9.662473593520492,1.832914695803499,0.1161721809850858,0.7315797124362131,1,0.00478125358811054,4.0,15.039999961853027,1
COIN,2025-09-10,-0.0107911489258392,0.0431014484619265,-0.022565243597665,-0.1637342804474342,49.27892855863783,-6.699388664538105,-9.069856607724017,2.370467943185909,0.111417549595085,0.6527064517544484,1,0.3877937138758519,2.0,15.350000381469727,1
COIN,2025-09-11,0.0273039131386139,0.0558996906663356,-0.0093575042573984,-0.111035453790047,53.77261688513851,-5.050742473317882,-8.266033780842788,3.2152913075249057,0.1076793662496991,0.92067895325231,1,-0.31439579665167394,2.0,14.710000038146973,1
COIN,2025-09-12,-0.0028090866733099,0.0801484623455319,-0.0056942535015042,-0.1003933685590766,53.23578039948126,-3.774102672919753,-7.367647559258182,3.593544886338429,0.1055655587160534,0.9042352430722086,1,1.7921727349309038,2.0,14.760000228881836,1
COIN,2025-09-15,0.0123203948844514,0.0821309589810239,0.0298220802542661,-0.0046901607642797,55.33598265257886,-2.4133852685717443,-6.376795101120895,3.963409832549151,0.1146120957569986,0.9703584266794628,1,0.4197114188998304,3.0,15.6899995803833,1
COIN,2025-09-16,0.0027215909679463,0.0286404571107785,0.0223864073514694,0.078006060693935,55.81387953586452,-1.2487948485539275,-5.351195050607502,4.102400202053574,0.1218229606234467,0.956037393534447,0,-0.31439579665167394,2.0,16.360000610351562,1
COIN,2025-09-17,-0.0224147053198454,0.0165535652988015,0.061210943774796,0.1999085394558097,50.96416112163589,-0.9084604496915176,-4.462648130424306,3.554187680732788,0.1217269499184903,0.7368747467908237,1,1.0899832244033776,4.0,15.720000267028809,1
COIN,2025-09-18,0.0704080593215417,0.0592066428555144,0.1272708971058682,0.9419472716674886,61.90931318462533,1.1689925604624136,-3.336319992246962,4.505312552709375,0.1485930799193732,1.1357508745905638,0,0.962312404307464,7.0,15.699999809265137,1
COIN,2025-09-19,-0.0019526518176782,0.0601163397612272,0.1404688718770881,-0.2339115125977662,61.47066875550372,2.7298564680804702,-2.123084700181476,4.852941168261946,0.1632080557770497,1.0210040779616902,0,0.0,0.0,15.449999809265137,0
COIN,2025-09-22,-0.0306896557562564,0.0150756019784259,0.0378302512822201,-0.3429299055914286,54.8996968032167,3.083243162602741,-1.0818191276246325,4.1650622902273735,0.1690205868209471,0.7941691609632386,1,0.29204059880391664,7.0,16.100000381469727,1
COIN,2025-09-23,-0.0357885357612313,-0.0239089879855243,0.0459804160922181,-0.0544451706858394,48.57842390555852,2.3772837085414835,-0.3899985603914093,2.7672822689328926,0.1661482354773452,0.559621295348516,1,-0.12288956650780322,3.0,16.639999389648438,1
COIN,2025-09-24,0.005311280815297,0.0037746177448636,0.0430821367804372,-0.4094277155919912,49.47493117501144,1.932701094876677,0.0745413706622079,1.858159724214469,0.1643637928473616,0.5799788945859333,1,-0.12288956650780322,3.0,16.18000030517578,1
COIN,2025-09-25,-0.0468657335585913,-0.1061988223788573,-0.0073793532391134,0.8204649061563103,42.4112526466753,0.3593944078089066,0.1315119780915477,0.2278824297173589,0.1655436824281013,0.2946799823478923,1,-2.420964328234252,3.0,16.739999771118164,1
COIN,2025-09-26,0.0192376466448773,-0.0872218532456094,0.0133562262161102,-0.2425749833620971,45.67900215030782,-0.4066941604910994,0.0238707503750182,-0.4305649108661177,0.1639640059391585,0.4021485943570535,1,0.19628748373198127,4.0,15.289999961853027,1
COIN,2025-09-29,0.0684602647147809,0.0061454374222811,0.0967031616967628,0.7969410853636743,55.53454659708499,0.7048507097682091,0.1600667422536564,0.5447839675145526,0.1644584129257674,0.7825476064462688,1,0.16436977870800284,5.0,16.1200008392334,1
COIN,2025-09-30,0.0104793559757401,0.0544255397617137,0.1117735964839439,-0.4468220883301149,56.91148184849515,1.8468889903444392,0.497431191871813,1.349457798472626,0.1644640607573881,0.8152210960114513,1,-0.12288956650780322,5.0,16.280000686645508,1
COIN,2025-10-01,0.0257193500385934,0.0758306406661988,0.1450829156274915,0.3249883889912655,60.2028767933531,3.4130246616012414,1.0805498858176987,2.3324747757835427,0.1682308021827526,0.925434727827721,1,-1.2719269473710273,3.0,16.290000915527344,1
COIN,2025-10-02,0.0748187101477269,0.2131794462237271,0.2127445310568094,0.7809337509469805,68.04626234594986,6.667255544936836,2.1978910176415263,4.46936452729531,0.2072931125901668,1.1764625495959105,1,0.00478125358811054,1.0,16.6299991607666,1
COIN,2025-10-03,0.0213668974466021,0.2157138535005884,0.2706723499748875,-0.1334696261682243,70.0006676124051,9.775073089216676,3.713327431956556,6.061745657260119,0.2364870479178046,1.135640843896051,0,0.0,0.0,16.649999618530273,0
COIN,2025-10-06,0.0159202633689072,0.1559328680877441,0.2775314087668858,-0.3630661918787825,71.43265151424086,12.581198573591053,5.486901660283456,7.094296913307597,0.2631943627973269,1.0850651732971912,0,1.026147814355421,6.0,16.3700008392334,1
COIN,2025-10-07,-0.0266532192340971,0.11345524208979,0.1788067012305347,0.0521454043483262,65.68930593537999,13.815499071171589,7.152621142461083,6.662877928710504,0.2786329109118363,0.908209727829427,0,0.29204059880391664,3.0,17.239999771118164,1
COIN,2025-10-08,0.030576375197455,0.1187277175714049,0.2281029793591658,-0.2212370029410799,68.71416113277829,15.541682453258318,8.83043340462053,6.711249048637788,0.2976857926601975,0.9558132120770464,0,0.0,0.0,16.299999237060547,0
COIN,2025-10-09,-0.000697159659491,0.0401268373743743,0.1946287557250485,-0.0384399393496939,68.56120579090263,16.695454555474896,10.403437634791404,6.292016920683492,0.313951091605386,0.8965633441667015,0,-0.18672497655576015,1.0,16.43000030517578,1
COIN,2025-10-10,-0.0774935148175064,-0.0605493919090109,0.105157257064582,1.5147612790188347,54.14393301999648,15.016781573495225,11.326106422532169,3.690675150963056,0.3085759119156482,0.604562178473573,0,0.29204059880391664,2.0,21.65999984741211,1
COIN,2025-10-13,-5.607554606978926e-05,-0.0753231707673747,0.0916457777125365,-0.4009150235723078,54.13574929392674,13.528853530152332,11.7666558440562,1.7621976860961317,0.3041000249175277,0.5912674691835607,0,0.1324520736840243,7.0,19.030000686645508,1
COIN,2025-10-14,-0.0432505192408039,-0.0910905612260435,0.0415967307448006,-0.0845479919367343,48.09761250935122,10.97724186519713,11.608773048284387,-0.6315311830872581,0.2994272408113977,0.437803435389626,0,-1.8464456378026395,3.0,20.809999465942383,1
COIN,2025-10-15,-0.0153711028769888,-0.1316136097984699,0.0491015421582599,-0.1586597501587974,46.21025663425291,8.434215724674345,10.97386158356238,-2.539645858888034,0.2913695397637252,0.3768288490018006,0,0.19628748373198127,2.0,20.639999389648438,1
COIN,2025-10-16,-0.0179898543341405,-0.1466408268733849,-0.0375368073311203,-0.0422030123438148,44.06441265387291,5.863079799473269,9.951705226744558,-4.088625427271289,0.295505098875993,0.3257851929978479,0,0.962312404307464,2.0,25.309999465942383,1
COIN,2025-10-17,0.0174715791481359,-0.0587939278389784,-0.0188051235241912,0.2573864606734193,46.61076574392425,4.242125365725769,8.809789254540801,-4.567663888815032,0.297105107286513,0.3855089352629381,1,0.962312404307464,2.0,20.780000686645508,1
COIN,2025-10-20,0.0230938932782038,-0.0370038147187414,0.0356378555120746,-0.2117833895790453,49.91313930989924,3.54283562981135,7.756398529594912,-4.213562899783562,0.293742244229516,0.454432101711167,1,0.6271765015556903,4.0,18.229999542236328,1
COIN,2025-10-21,-0.0150096098680309,-0.0085785178758585,0.0579560326443779,-0.2005805861534179,47.7960604548652,2.54296063711962,6.713710951099854,-4.170750313980234,0.2842882070177093,0.3917512715149147,1,2.047514375122731,2.0,17.8700008392334,1
COIN,2025-10-22,-0.0540133743094296,-0.047487367827484,-0.0044752540341637,1.11208940622461,41.13580705613731,0.2715711647649073,5.425282993832864,-5.153711829067957,0.2853337591031908,0.2093368135992016,1,0.29204059880391664,2.0,18.600000381469727,1
COIN,2025-10-23,0.0075859997353422,-0.0226797584689628,0.0523982105588491,-0.5394181098776869,42.286494304266256,-1.317254305726692,4.076775533920952,-5.3940298396476445,0.2707747027827795,0.211568930139388,1,-0.12288956650780322,2.0,17.299999237060547,1
COIN,2025-10-24,0.0982153325390973,0.0548776949119416,0.1339454096666887,1.3680882252676074,54.72117259203549,-0.0182756728422646,3.257765292568309,-3.2760409654105738,0.2498604674144956,0.5257215381264404,0,1.4729956846911192,7.0,16.3700008392334,1
COIN,2025-10-27,0.0196637177360718,0.0513409563068136,0.0821581581596215,-0.3026538353571197,56.91903762968062,1.5556623924405244,2.9173447125427523,-1.361682320102228,0.2450193369358037,0.590746790490102,0,0.3239583038278949,8.0,15.789999961853027,1
COIN,2025-10-28,-0.0171817269759589,0.0490225218323885,0.052534923995865,-0.3262182219790882,54.386032557903576,2.275692471189245,2.7890142642720512,-0.513321793082806,0.2406548122416263,0.5089682567557798,0,0.962312404307464,1.0,16.420000076293945,1
COIN,2025-10-29,-0.0186082310861592,0.0882839570591278,0.0070484785775284,0.1582003125095743,51.7463343126651,2.28659007071974,2.688529425561589,-0.4019393548418493,0.240087427521872,0.4299066482877375,0,-0.31439579665167394,1.0,16.920000076293945,1
COIN,2025-10-30,-0.0576574866771738,0.0178150942682626,-0.1170747351334769,0.1834799285761523,44.64954863919508,0.6656532136877331,2.283954183186818,-1.618300969499085,0.2454504961256651,0.2238156007772971,0,1.7921727349309038,10.0,16.90999984741211,1
COIN,2025-10-31,0.0464825684446152,-0.030130319170689,-0.0953633789854965,0.5375236094191804,50.23356299816068,0.6062214297683113,1.9484076325031168,-1.3421862027348055,0.2360134838699603,0.4177335071220102,0,0.29204059880391664,15.0,17.440000534057617,1
COIN,2025-11-03,-0.0388620204753082,-0.0857980241719015,-0.1441448256552856,-0.3209641426733444,45.87307446824834,-0.513004257242244,1.4561252545540446,-1.9691295117962888,0.2226786791107483,0.2755353482426895,0,-1.2878857998830167,3.0,17.170000076293945,1
COIN,2025-11-04,-0.0699110379661303,-0.1348459932770606,-0.182181041240798,0.3295545778605606,39.49013684912881,-3.2267798065224724,0.5195442423387411,-3.746324048861213,0.2345060613027139,0.0410884463800399,0,-0.9527498971312429,3.0,19.0,1
COIN,2025-11-05,0.0389821039412876,-0.0840767585272564,-0.1755106337927557,-0.3385425472814666,43.8534326916545,-4.360516854103537,-0.4564679769497145,-3.9040488771538224,0.2136716717684816,0.202395231809364,0,-0.12288956650780322,4.0,18.010000228881836,1
COIN,2025-11-06,-0.0754149310769121,-0.1013363597921189,-0.2371576195847464,0.4839267238756011,37.93256314176042,-7.119990485704193,-1.7891724787006102,-5.330818007003582,0.208810848004855,-0.0861674835959427,0,0.00478125358811054,2.0,19.5,1
COIN,2025-11-07,0.0471513223026103,-0.1007620695033449,-0.1340858626026029,-0.0169794605945271,42.744983342790505,-8.090403336903023,-3.049418650341093,-5.04098468656193,0.2139226312450111,0.1520589153653824,0,-2.2294580980903804,2.0,19.079999923706055,1
COIN,2025-11-10,0.0284336469264256,-0.0378004365485712,-0.1094148257012742,-0.2532000467281921,45.6126611675603,-8.057305148773253,-4.050995950027525,-4.006309198745727,0.2089402156128373,0.296513455676946,0,1.1538186344513346,4.0,17.600000381469727,1
COIN,2025-11-11,-0.0437831699771451,-0.0107705241432646,-0.1099106408110858,-0.2072225077655366,42.02310657095105,-9.049978365735058,-5.050792433169033,-3.999185932566025,0.2213243106522661,0.1420037561131787,0,-1.5911039976108117,5.0,17.280000686645508,1
COIN,2025-11-12,-3.2925776466075085e-05,-0.0479172827369136,-0.0960451649283231,-0.0179839891757808,42.02054570567993,-9.725378635362006,-5.985709673607627,-3.7396689617543775,0.2326156127908066,0.1787070711556281,0,0.5154645339717656,4.0,17.510000228881836,1
COIN,2025-11-13,-0.0686183728669819,-0.0409185912956987,-0.142649463592922,0.5944514610482805,36.96504076514584,-11.807752280517832,-7.150118194989668,-4.657634085528164,0.2651728100945086,0.0021930792492495,0,-0.12288956650780322,3.0,20.0,1
COIN,2025-11-14,0.003037314780923,-0.0813224217415768,-0.1548121859249132,0.0607858139430217,37.299954106255726,-13.236077504027946,-8.367310056797324,-4.868767447230622,0.2896706427498195,0.0775526694111312,0,-1.7187748177067255,4.0,19.829999923706055,1
COIN,2025-11-17,-0.0705985485667913,-0.169785744384921,-0.232212423223364,0.3426108207182132,32.90976261913842,-15.803726463151293,-9.85459333806812,-5.949133125083174,0.3307044641654005,-0.0265827013345197,0,0.00478125358811054,4.0,22.3799991607666,1
COIN,2025-11-18,-0.008183381557926,-0.1388770101788833,-0.2268914644147838,-0.3139789159672363,32.46642489029374,-17.807625780659464,-11.44519982658639,-6.362425954073075,0.3670556546825218,0.0343030899499817,0,-1.5911039976108117,7.0,24.690000534057617,1
COIN,2025-11-19,-0.0171893496814941,-0.153651287681178,-0.1967969926946633,0.2241282417430559,31.513945831011043,-19.53367082109287,-13.062894025487688,-6.470776795605183,0.4062433303354167,0.0643689191881131,1,-1.2719269473710273,5.0,23.65999984741211,1
COIN,2025-11-20,-0.0743519151443165,-0.1588613712624753,-0.2621142754486488,0.1683487239695047,27.7824818179822,-22.189419651729796,-14.88819915073611,-7.301220500993683,0.4632471463493618,0.0084349879649442,1,0.19628748373198127,5.0,26.420000076293945,1
COIN,2025-11-21,0.0094474301536886,-0.1534859025982063,-0.3217570121942033,-0.2014725396477757,28.849584071841814,-23.837776488818747,-16.678114618352637,-7.15966187046611,0.4896305043779193,0.0798203882269028,1,0.19628748373198127,4.0,23.43000030517578,1
COIN,2025-11-24,0.0647227541349027,-0.0302330388985507,-0.291785390233733,-0.192852821360868,35.90319571543155,-23.616315214185025,-18.065754737519114,-5.550560476665908,0.4805565980368207,0.2100613409139509,1,0.19628748373198118,3.0,20.520000457763672,1
COIN,2025-11-25,-0.0072274332722314,-0.0292983428602403,-0.2846123691123484,-0.1479641807751504,35.453169832491525,-23.321252705687694,-19.116854331152837,-4.204398374534865,0.4684956659986387,0.2208547318466115,1,-1.910281047850596,4.0,18.559999465942383,1
COIN,2025-11-26,0.0426963887611919,0.0298495566120686,-0.2399242352352902,0.1646862866995881,40.1883011615538,-21.958781561647925,-19.68523977725185,-2.273541784396073,0.4448246629639603,0.3190009782996345,1,-0.31439579665167394,4.0,17.190000534057617,1
COIN,2025-11-28,0.0296260182939618,0.1455324283219419,-0.1695230001701871,-0.0958275004280261,43.422210075376334,-20.01486457658814,-19.75116473711911,-0.2636998394690266,0.4309965631506371,0.3978299740067507,0,-0.537819731819523,10.0,16.350000381469727,1
COIN,2025-12-01,-0.0475771960921572,0.0808202336833272,-0.2441677896895183,0.3499186883200784,39.60872334830245,-19.299205540746016,-19.660772897844492,0.3615673570984796,0.3977792478717496,0.309121930305499,1,-0.5484589668275158,14.0,17.239999771118164,1
COIN,2025-12-02,0.0131619976752426,0.0284799332349741,-0.2032564642964577,-0.2524898302707252,41.077081502065056,-18.24574846668293,-19.377768011612183,1.132019544929257,0.3697068417878362,0.358133705436406,1,-0.9527498971312429,12.0,16.59000015258789,1
COIN,2025-12-03,0.0518878794932453,0.0897214652472846,-0.0989196706103575,0.0449703619484949,46.65601207011954,-16.122774700947446,-18.72676934947924,2.603994648531792,0.3579102244877418,0.5061480358560099,0,0.6431353540676795,4.0,16.079999923706055,1
COIN,2025-12-04,-0.0103640961129543,0.0342679795087541,-0.141716259724193,-0.3166362090274329,45.67745039043477,-14.504688756196517,-17.882353230822694,3.3776644746261795,0.3292604244980582,0.5000053605676025,0,-0.9527498971312429,2.0,15.779999732971191,1
COIN,2025-12-05,-0.0157634628683295,-0.011326135382067,-0.0863423552908903,0.1088697211401719,44.17554415362478,-13.416275538973196,-16.989137692452797,3.572862153479601,0.3227985358954084,0.4654179881759849,0,-0.9527498971312429,2.0,15.40999984741211,1
COIN,2025-12-08,0.0165721315338904,0.0552648401767492,-0.1130232282648396,-0.172370530424479,46.14864161943538,-12.054056817970434,-16.002121517556326,3.948064699585892,0.2995159652168011,0.5390750997882453,0,0.00478125358811054,3.0,16.65999984741211,1
COIN,2025-12-09,0.0115243362649646,0.0535591242987889,-0.1276067318555606,0.326696985009264,47.55971474022143,-10.597345639638434,-14.921166341972748,4.323820702334315,0.2549047206888645,0.6219275704514995,0,0.19628748373198127,3.0,16.93000030517578,1
COIN,2025-12-10,-0.0081842700229255,-0.0066084681536436,-0.0951284908349896,-0.1343219155473173,46.61478058361873,-9.516361980900456,-13.84020546975829,4.323843488857834,0.226287096878414,0.6244797944845879,0,-0.12288956650780322,3.0,15.770000457763672,1
COIN,2025-12-11,-0.0220655327530086,-0.0183543112692885,-0.1150658256129214,0.1688029800838881,44.09203973201518,-9.045206000847998,-12.881205575976232,3.835999575128234,0.1880045882315542,0.5643451563470658,0,0.19628748373198127,5.0,14.850000381469727,1
COIN,2025-12-12,-0.0057988165277728,-0.0084158952982249,-0.0553790435196118,0.026437964264204,43.4413533330252,-8.697431679260546,-12.044450796633097,3.3470191173725503,0.1784306310965225,0.5515881689681541,0,1.1538186344513346,4.0,15.739999771118164,1
COIN,2025-12-15,-0.0637104383105269,-0.0867250655704973,-0.118239443067094,0.3307213671870224,37.01556890873457,-9.68515859338629,-11.572592355983735,1.8874337625974464,0.1725529781075368,0.2156381827707872,0,0.3239583038278951,2.0,16.5,1
COIN,2025-12-16,0.0087453176959484,-0.0892341579476201,-0.042962724274417,-0.3654611095290151,38.27918264080866,-10.173945484131709,-11.292862981613332,1.1189174974816254,0.1767051991723963,0.2810961043243903,0,-2.2294580980903804,7.0,16.479999542236328,1
COIN,2025-12-17,-0.0333320064470965,-0.1123268541489607,-0.0672294798466135,0.2203578770593854,35.343289929765504,-11.112636543245458,-11.256817693939755,0.1441811506942993,0.1883436909711173,0.1410729677621559,0,1.8879258500028386,4.0,17.6200008392334,1
COIN,2025-12-18,-0.0204349295355014,-0.1108467522237323,-0.0703098099261061,0.1022599205172312,33.69397538423779,-12.11950163980356,-11.42935448311252,-0.6901471566910402,0.2040162305975696,0.0907688282196937,0,0.19628748373198127,3.0,16.8700008392334,1
COIN,2025-12-19,0.024749156540442,-0.0835264976131684,0.029224014729831,0.1422267663993972,37.42479319490427,-12.297991515198987,-11.603081889529811,-0.6949096256691742,0.1953481247400177,0.1823231188970032,0,0.6112176490437011,5.0,14.90999984741211,1
COIN,2025-12-22,0.0113413790579091,-0.0100631111368383,0.0311550689250934,-0.4126919815320833,39.156106879704176,-12.075919674323302,-11.697649446488512,-0.3782702278347898,0.1866885197304259,0.2172970228985761,0,0.6271765015556904,4.0,14.079999923706055,1
COIN,2025-12-23,-0.0225897175578994,-0.0408138930908631,-0.0534046884547174,0.1237105132277678,36.93900304372529,-12.21103736296783,-11.800327029784375,-0.410710333183454,0.1979136550890822,0.1374649627671977,0,0.29204059880391664,3.0,14.0,1
COIN,2025-12-24,-0.0106067160208404,-0.0182644935061884,-0.0566267891789171,-0.4476171439993147,35.93342255090681,-12.38275650827697,-11.916812925482896,-0.4659435827940736,0.2104815726858833,0.1243954897883708,0,0.0,0.0,13.470000267028809,0
COIN,2025-12-26,-0.0118049550806778,-0.0096153974962445,-0.1059365482692443,0.5315843887309382,34.809675202824934,-12.60193539772547,-12.05383741993141,-0.5480979777940593,0.2256119083461174,0.1232640395248857,1,0.00478125358811054,2.0,13.600000381469727,1
COIN,2025-12-29,-0.0132122824173271,-0.0463038147471418,-0.1431346748897006,0.0737296859442766,33.55962332238775,-12.879730732426594,-12.219016082430446,-0.660714649996148,0.2372634642954519,0.1197287458209243,1,-0.8144398420273363,3.0,14.199999809265137,1
COIN,2025-12-30,-0.0092826202219518,-0.0657522718607857,-0.1086822299583636,-0.1116681859617138,32.68331817749758,-13.123704358761556,-12.39995373769667,-0.7237506210648874,0.2541366623886111,0.1313430097059058,1,-1.8145279327786612,1.0,14.329999923706055,1
COIN,2025-12-31,-0.0235751579014501,-0.06669419504158,-0.1410013256818753,0.1815431432564886,30.523621147003368,-13.60084999350616,-12.64013298885857,-0.9607170046475896,0.2741609680404075,0.1039505785395619,1,0.962312404307464,4.0,14.949999809265137,1
COIN,2026-01-02,0.045944987254316,-0.013348337735254,-0.1458544442075067,0.3117606540684616,38.80982163581852,-12.9908547418554,-12.710277339457935,-0.2805774023974638,0.2683771939884134,0.2759004688364216,1,-0.05905415645984634,6.0,14.510000228881836,1
COIN,2026-01-05,0.0777491205536593,0.0760658705645005,-0.0698047453973076,0.5633547179288143,50.14392615920464,-10.897885807150146,-12.34779903299638,1.4499132258462346,0.2564389336579007,0.5654905860823263,0,-0.2931173266356883,3.0,14.899999618530273,1
COIN,2026-01-06,-0.0171034075069388,0.0718227017122519,-0.0710711179584168,-0.3667535577898987,47.87956742870236,-9.48170921688606,-11.774581069774316,2.2928718528882577,0.2472542346408595,0.5131007860580427,1,-0.31439579665167394,1.0,14.75,1
COIN,2026-01-07,-0.0184786275859129,0.0618738609439444,-0.1030999937006023,-0.1364773710002882,45.52837266681382,-8.633460605856385,-11.146356976990733,2.512896371134346,0.2309202246291911,0.4580180317571884,1,-0.12288956650780322,3.0,15.380000114440918,1
COIN,2026-01-08,-0.0013824923678131,0.0860086539344551,-0.114544241028144,-0.0790102685307588,45.35225022371363,-7.897613560284725,-10.496608293649532,2.5989947333648065,0.2043755363414615,0.477017378543732,0,0.19628748373198127,5.0,15.449999809265137,1
COIN,2026-01-09,-0.0195854783595338,0.0179681225296315,-0.1247228107722647,0.1750420460476716,42.82809185707941,-7.614797434550468,-9.92024612182972,2.3054486872792523,0.1753997794153763,0.4010326784536057,1,0.962312404307464,2.0,14.489999771118164,1
COIN,2026-01-12,0.0091369588811185,-0.0468382336700518,-0.0967957562618495,-0.2649392312912579,44.353607548788936,-7.13094119846528,-9.362385137156831,2.231443938691553,0.1500594179670145,0.4794526718387498,0,-0.18672497655576015,2.0,15.119999885559082,1
COIN,2026-01-13,0.0399621651354185,0.0085009774248356,-0.0552231716351961,0.5152837694928911,50.616794868374136,-5.895999837480787,-8.669108077221624,2.773108239740837,0.1249554590156887,0.8193659254687449,0,-0.9527498971312429,2.0,15.979999542236328,1
COIN,2026-01-14,0.012545008264347,0.0403773766124631,0.0217235144205063,0.1969092721834495,52.49657674623988,-4.6083849589875285,-7.856963453574806,3.248578494587277,0.1308774451299199,0.8955977431416726,0,0.29204059880391664,7.0,16.75,1
COIN,2026-01-15,-0.0648010700832614,-0.0256932189937909,-0.0527690978142075,0.1198019343791938,43.22816653711144,-4.869673904423252,-7.259505543744495,2.389831639321243,0.1267821530731723,0.3921064312054999,0,-0.12288956650780322,5.0,15.84000015258789,1
COIN,2026-01-16,0.0078150916362729,0.0015366522097486,-0.0124493571175229,-0.3699923133508005,44.42004785575263,-4.869719206690718,-6.78154827633374,1.911829069643022,0.1268109909913312,0.4578302409234803,0,0.19628748373198127,6.0,15.859999656677246,1
COIN,2026-01-20,-0.0556500041824838,-0.0627623683766144,-0.0479515107317706,0.2801611041141898,38.21886490315405,-5.88480048881965,-6.6021987188309215,0.7173982300112716,0.1379435990463553,0.0761104873080629,0,0.19628748373198127,11.0,20.09000015258789,1
COIN,2026-01-21,-0.0035129454475332,-0.1019431299882877,-0.0742085623521244,-0.1313192387706371,37.8793786141354,-6.676846745456089,-6.617128324155956,-0.0597184213001336,0.1483845495278742,0.1075121475043641,0,0.00478125358811054,6.0,16.899999618530273,1
COIN,2026-01-22,-0.0167011563409673,-0.1278824401729457,-0.0998789637613907,-0.1637114375036866,36.2371631907341,-7.523642032079806,-6.798431065740727,-0.7252109663390796,0.1604581033159331,0.0688259121579003,0,0.00478125358811054,7.0,15.640000343322754,1
COIN,2026-01-23,-0.0277404430327941,-0.093321639689789,-0.1046223928362914,0.8303662114885453,33.66970349077208,-8.595135490919034,-7.157771950776388,-1.4373635401426466,0.1820145764495381,0.0044562714272802,0,0.19628748373198127,4.0,16.09000015258789,1
COIN,2026-01-26,-0.0159944746232514,-0.1147418572227826,-0.1094981874101144,-0.4545321423341631,32.28861242371757,-9.61348362025467,-7.648914284672045,-1.9645693355826248,0.2056676162107055,0.0147842095065348,0,-0.31439579665167394,5.0,16.149999618530273,1
COIN,2026-01-27,-0.0124133124860397,-0.0742106626862799,-0.1100464024360473,0.0548216178028964,31.23489771593285,-10.51317487435108,-8.221766402607852,-2.291408471743228,0.2296456448241693,0.0381839748071117,0,0.19628748373198127,3.0,16.350000381469727,1
COIN,2026-01-28,-0.006640464559666,-0.0771162938563284,-0.104119481335643,0.2117875560913535,30.665527448600685,-11.209934565880332,-8.819400035262348,-2.390534530617984,0.2518694208193612,0.0736515144982785,0,-2.45288203325823,1.0,16.350000381469727,1
COIN,2026-01-29,-0.0489423690897418,-0.1073765652926621,-0.1399827831318967,0.6143412994937325,26.81197576944588,-12.445744186698022,-9.544668865549482,-2.9010753211485394,0.2878438487070393,-0.0043182652636176,0,-0.12288956650780322,4.0,16.8799991607666,1
COIN,2026-01-30,-0.0222913311872867,-0.1023737809057299,-0.1388520119449585,-0.3402354101189375,25.32726590844865,-13.626326266730388,-10.361000345785664,-3.265325920944724,0.3247853732510399,0.0118297141158538,0,0.19628748373198127,3.0,17.440000534057617,1
COIN,2026-02-02,-0.035329180901425,-0.1200112218003127,-0.2057667036744825,0.2753699898291715,23.184827447326214,-14.944830265763812,-11.277766329781294,-3.667063935982519,0.368659477707402,0.0126873302091842,0,-0.9633891321392357,9.0,16.34000015258789,1
COIN,2026-02-03,-0.0436495098562793,-0.1478442247224515,-0.2952298566115563,0.0261703841740785,20.91408186697933,-16.461665574088357,-12.314546178642706,-4.147119395445651,0.4062594263578832,0.0019117483444587,0,-1.2719269473710273,2.0,18.0,1
COIN,2026-02-04,-0.0614494507396596,-0.194862240298942,-0.3270274714232645,0.3185729126190495,18.313469406947803,-18.343156419531965,-13.52026822682056,-4.822888192711407,0.4578156640355663,-0.0187641335419837,0,-0.6335728468914584,3.0,18.639999389648438,1
COIN,2026-02-05,-0.1334361324370988,-0.2663922055914677,-0.4058471944500768,0.7808042050566528,14.386981157827904,-21.403091909044434,-15.096832963265337,-6.306258945779099,0.5484274601651867,-0.090758140830961,0,-2.2294580980903804,7.0,21.770000457763672,1
COIN,2026-02-06,0.1300301165816635,-0.1521002852031669,-0.3276599308629407,-0.3321254284797622,28.35609052247291,-22.04089786910069,-16.485645944432406,-5.555251924668283,0.5820179961099867,0.1192616667872066,0,1.1538186344513346,7.0,20.3700008392334,1
COIN,2026-02-09,0.0128997392550842,-0.1097093609251053,-0.3053825033311664,-0.4630640014967562,29.74012828655404,-22.119510150640053,-17.61241878567394,-4.507091364966115,0.6071891752182816,0.1744847970950449,0,-0.14416803652378885,10.0,17.360000610351562,1
COIN,2026-02-10,-0.0283408400189181,-0.0954581365117183,-0.3311795317954348,-0.1679427414418232,28.42417792983805,-22.307146876079827,-18.55136440375512,-3.755782472324711,0.6287380757082655,0.1738795033248568,1,-0.6335728468914584,3.0,17.790000915527344,1
COIN,2026-02-11,-0.0572887691421473,-0.0914482185711648,-0.3937235527006407,0.5759462151394423,25.9915061317636,-22.942621074462267,-19.429615737896548,-3.513005336565719,0.6411239677051548,0.1382986594598458,1,-0.6335728468914584,4.0,17.649999618530273,1
COIN,2026-02-12,-0.0790470029476754,-0.0344237540882946,-0.4485656374528187,0.4353912006779759,23.209027534839592,-24.14508528342856,-20.37270964700295,-3.772375636425608,0.6526916349702984,0.083790673086909,1,-1.240009242347049,9.0,20.81999969482422,1
COIN,2026-02-13,0.1646467615655438,-0.004844887455338,-0.3132731186789184,0.6216320342638133,37.11594450862128,-22.95892291509472,-20.889952300621303,-2.0689706144734146,0.6388551722440455,0.2886832799829751,0,-0.12288956650780322,12.0,20.600000381469727,1
COIN,2026-02-17,0.0103456479580599,-0.0073542345443292,-0.311548793388208,-0.4825501926868476,38.00083583658111,-21.632340984886863,-21.038430037474416,-0.59391094741245,0.6068058639601502,0.3213248139394121,0,-0.4952627917875518,14.0,20.290000915527344,1
COIN,2026-02-18,-0.0118660472834953,0.0094763928187635,-0.279629358760316,-0.1775965081750206,37.34501520632485,-20.503624857915327,-20.9314690015626,0.4278441436472739,0.5874040056170076,0.3235042044521357,1,0.962312404307464,2.0,19.6200008392334,1
COIN,2026-02-19,0.0115208738463243,0.0831593064422071,-0.2687612576690664,-0.4198387494380882,38.44263467287728,-19.23487438139398,-20.59215007752888,1.3572756961348986,0.5563036665897656,0.3598147010140941,1,-0.9527498971312429,5.0,20.229999542236328,1
COIN,2026-02-20,0.0326021669429568,0.2144731061807994,-0.232096412242508,0.7111613782071309,41.59658598799192,-17.590071016413873,-19.99173426530588,2.401663248892003,0.5168305784825533,0.4341613068902263,1,-0.7612436669873721,1.0,19.09000015258789,1
COIN,2026-02-23,-0.0648380520257455,-0.0248296108154648,-0.2613965994597707,-0.073523611983465,37.362916611398965,-16.987218616569606,-19.39083113555862,2.4036125189890143,0.4860863501944145,0.3313368874469578,1,-0.10161109649181756,5.0,21.010000228881836,1
COIN,2026-02-24,0.0111707016024109,-0.0240332814750199,-0.2410061737770829,-0.1767845177564936,38.44986829807439,-16.17852033612752,-18.748368975672403,2.569848639544883,0.4482708004354439,0.3709605568679787,1,0.29204059880391664,3.0,19.549999237060547,1
COIN,2026-02-25,0.1352218961129121,0.1212435173400949,-0.1275435144718933,1.2784762853230425,49.9081934022065,-13.61274765520116,-17.721244711578155,4.108497056376994,0.4044263615763067,0.6928235906910674,1,1.2814894545472486,3.0,17.93000030517578,1
COIN,2026-02-26,-0.0156573058855423,0.0911172405371416,-0.1354629045950792,-0.4642912679300156,48.62674015128122,-11.677139845637612,-16.512423738390048,4.835283892752436,0.3522239103910715,0.6987363352121772,1,-0.6335728468914584,3.0,18.6299991607666,1
COIN,2026-02-27,-0.0287749449095849,0.0262620358313934,-0.1171301708512532,-0.1034550389907896,46.31021923899659,-10.443177035750637,-15.298574397862168,4.85539736211153,0.3154623164149097,0.6471622015644554,1,0.00478125358811054,3.0,19.860000610351562,1
COIN,2026-03-02,0.0533977768765099,0.1560159706875854,-0.0487829913321712,0.0769082683607662,50.85443206850145,-8.608326711613643,-13.960524860612464,5.35219814899882,0.2957097100493468,0.8565165575125206,1,0.45162912392380883,6.0,21.440000534057617,1
COIN,2026-03-03,-0.0155474238685378,0.1254706041116895,-0.0292771211653926,0.0424155751291968,49.47139588964683,-7.302409306299211,-12.628901749749812,5.3264924434506025,0.2861512979712269,0.8146157430996853,1,-1.3038446523950058,5.0,23.56999969482422,1
COIN,2026-03-04,0.145700767583357,0.1358594645139004,0.1629187822389262,1.120252868545772,60.22000638800027,-4.076492777755874,-10.918419955351029,6.841927177595153,0.3548661156247104,1.170719494309833,0,0.962312404307464,8.0,21.149999618530273,1
COIN,2026-03-05,-0.0154117937816178,0.1361427675226623,0.2199621199781372,-0.447189920699404,58.5932961807436,-1.7594745169956525,-9.086630867679952,7.3271563506843,0.400884818723939,1.013081216428947,0,1.1538186344513346,5.0,23.75,1
COIN,2026-03-06,-0.0412717185167041,0.1215239941738066,0.3497126184717818,-0.2348735751433169,54.419219889105584,-0.6013612236382073,-7.3895769388716035,6.788215715233396,0.3941554477640623,0.8523254690775937,0,-1.1442561272751135,3.0,29.489999771118164,1
COIN,2026-03-09,0.0130310924324237,0.0785466819342417,0.2099685028717426,0.0486488365826733,55.45372430251264,0.5178592276434983,-5.808089705568583,6.325948933212081,0.4103164243205757,0.8467499286387283,1,0.48354682894778733,4.0,25.5,1
COIN,2026-03-10,-0.0163671311054538,0.077648626972562,0.1750074993869115,-0.1009979609767418,53.78117071877679,1.1279859934813032,-4.420874565758606,5.548860559239909,0.4189025717099395,0.7727554218806039,1,-0.21864268157973857,1.0,24.93000030517578,1
COIN,2026-03-11,0.0107368235522029,-0.0492987515150701,0.2222633166999288,-0.1211864172375324,54.72998439548425,1.761470135137472,-3.18440562557939,4.945875760716862,0.422209415158196,0.7719172116336224,1,-0.9527498971312429,2.0,24.229999542236328,1
COIN,2026-03-12,-0.0271862710694656,-0.0606679820087081,0.2612924254353661,-0.1641470042070144,51.79921420427388,1.806945924502827,-2.1861353155629466,3.9930812400657736,0.402422996841216,0.6800377895251762,1,-0.21864268157973857,1.0,27.290000915527344,1
COIN,2026-03-13,0.0119029296828268,-0.008569122963928,0.3858530289491972,0.5234024927514402,52.95476926466761,2.005459154778265,-1.3478164214947044,3.3532755762729693,0.3477148980337683,0.6986276715246353,1,-1.910281047850596,2.0,27.190000534057617,1
COIN,2026-03-16,0.0398404776430996,0.0176686228375331,0.2373417615728883,0.075545229090969,56.73779568639817,2.7595604110872216,-0.5263410549783192,3.285901466065541,0.3438986971471559,0.790582032707395,0,0.9942301093314424,4.0,23.510000228881836,1
COIN,2026-03-17,0.0339857768758657,0.0697638467179666,0.2662931593624322,-0.0847249885092692,59.8239330897265,3.870156647935033,0.3529584856043513,3.517198162330682,0.3465675450056857,0.8574281069164068,0,0.29204059880391664,2.0,22.3700008392334,1
COIN,2026-03-18,-0.0377681710639266,0.0184261607680049,0.2330996008717554,0.0547539337127551,54.97137015341662,4.062787047314089,1.094924197946299,2.9678628493677897,0.3300811649692844,0.713536890687109,0,0.00478125358811054,5.0,25.09000015258789,1
COIN,2026-03-19,0.0030649582112525,0.0500957829974775,0.2227913744532896,-0.264176096237165,55.27643742005046,4.216868250070007,1.7193130083710406,2.497555241698967,0.312249071828172,0.7029268633828193,0,0.19628748373198127,3.0,24.059999465942383,1
COIN,2026-03-20,-0.0266620844929766,0.0100751865851886,0.1526115726000423,0.4348215248571121,51.96797677728798,3.85796441878378,2.1470432904535883,1.7109211283301915,0.2962565805632444,0.5944065045271523,0,-0.8569967820593075,1.0,26.780000686645508,1
COIN,2026-03-23,0.015797443631329,-0.0132796188755086,0.2519969311018657,-0.0630284627699152,53.68947535219876,3.781695051269225,2.473973642616716,1.3077214086525086,0.2510509714525342,0.632836266267101,0,-0.10693071399581398,2.0,26.149999618530273,1
COIN,2026-03-24,-0.097597459413841,-0.1388479428941096,0.1173239193362563,0.6711185978422172,43.22040503934412,2.116906140895708,2.402560142272514,-0.2856540013768063,0.2073523864541951,0.152540212316135,0,-1.910281047850596,4.0,26.950000762939453,1
COIN,2026-03-25,0.000331489281973,-0.1047505456814397,-0.0154397972175481,-0.4992319877118034,43.2569264701474,0.7932474057686818,2.080697594971748,-1.287450189203066,0.2112614720512867,0.1636259046908453,0,0.19628748373198127,3.0,25.329999923706055,1
COIN,2026-03-26,-0.0426283874131424,-0.1455324934519785,-0.0424168385029161,-0.0987203450754852,39.71778030436856,-0.8686875684840061,1.490820562280597,-2.359508130764603,0.2253914505207167,0.0168104339494196,0,0.00478125358811054,4.0,27.440000534057617,1
COIN,2026-03-27,-0.0705964075928886,-0.1841012689131724,-0.083650874059157,0.3070746389296577,34.849374657699755,-3.1372844957037955,0.5651995506837184,-3.702484046387514,0.2610341985707773,-0.1461691540232551,1,-1.8145279327786612,1.0,31.049999237060547,1
COIN,2026-03-30,-0.0021720622119979,-0.1985345568759929,-0.1319909926688786,-0.0418799176559614,34.71832399290338,-4.906843435592862,-0.5292090465715976,-4.377634389021264,0.3023854681872325,-0.0463655404215531,1,0.19628748373198127,3.0,30.610000610351562,1
COIN,2026-03-31,0.0859506679599484,-0.035516973675638,-0.0424983547601506,0.0755740879135811,43.71807547691095,-5.1348808420002285,-1.450343405657324,-3.6845374363429046,0.3110110863321246,0.2053640855155129,1,-0.12288956650780322,1.0,25.25,1
COIN,2026-04-01,-0.0092777911432608,-0.0447818903204008,-0.1720192813024651,-0.3029190452503336,42.97025514355303,-5.384255846773129,-2.237125893880485,-3.1471299528926444,0.3149174868416264,0.2092246116488727,0,-0.12288956650780322,1.0,24.540000915527344,1
COIN,2026-04-02,-0.0088444345379093,-0.0110739307582961,-0.1664965187991078,0.0046100174433092,42.23544462137708,-5.640327267701224,-2.917766168644633,-2.722561099056591,0.3202788486602386,0.2145170879546649,0,0.962312404307464,3.0,23.8700008392334,1
COIN,2026-04-06,0.0194213603282,0.0847089111839802,-0.1137308984673899,-0.1966446055494797,44.46150836441164,-5.511035836535967,-3.4364201022228995,-2.074615734313068,0.3257543074865053,0.2904821772298918,0,1.089983224403378,6.0,24.170000076293945,1
COIN,2026-04-07,0.0022312455210751,0.0894956153399473,-0.1231793454995812,0.0740891483747825,44.73014830882914,-5.31582424158799,-3.8123009300959176,-1.503523311492072,0.3269817238865259,0.3164833692658699,1,-0.8569967820593075,1.0,25.780000686645508,1
COIN,2026-04-08,-0.00051373639487,0.0027489589706273,-0.10904746320308,0.2808404437417517,44.67644504134475,-5.109480685701584,-4.071736881217051,-1.037743804484533,0.3289081463345082,0.3326082554609698,1,0.29204059880391664,6.0,21.040000915527344,1
COIN,2026-04-09,-0.0346678404956714,-0.0229493097557015,-0.1490711366987119,0.0971700807965396,41.0928828076172,-5.373803697725748,-4.332150244518791,-1.0416534532069577,0.3331699441201645,0.2584761188707032,1,-1.910281047850596,1.0,19.489999771118164,1
COIN,2026-04-10,-0.0069222467126391,-0.0210544760818535,-0.1313460134823482,-0.2633683251355196,40.41988574884925,-5.612987635749136,-4.58831772276486,-1.024669912984276,0.3404894083745043,0.2636180434971681,1,0.0,0.0,19.229999542236328,0
COIN,2026-04-13,0.0397973931062094,-0.0014874679147697,-0.1074003995862732,-0.0557028173280823,45.87062100638456,-5.203539879314775,-4.711362154074843,-0.492177725239932,0.3377027709270924,0.3864095098685361,1,0.8825181417475177,5.0,19.1200008392334,1
COIN,2026-04-14,0.0566092073105799,0.0526887280068038,-0.09300611342176,0.4549731991284704,52.75514798883731,-4.035299340125476,-4.5761495912849695,0.540850251159493,0.3204528118519492,0.5667772007476227,1,0.9303946992834854,4.0,18.360000610351562,1
COIN,2026-04-15,0.0623067621398016,0.1188531497735279,-0.0681634501368994,0.0856791121564015,59.24673205270373,-2.157444433572578,-4.092408559742491,1.9349641261699129,0.2940014062622584,0.8039514176360356,1,0.29204059880391664,3.0,18.170000076293945,1
COIN,2026-04-16,0.0200612968709277,0.1822861009335197,-0.0121607174686023,-0.0492155634911232,61.20997782696783,-0.3480994215944974,-3.3435467321128924,2.995447310518395,0.2895231570557078,0.8867625967254682,0,0.00478125358811054,2.0,17.940000534057617,1
COIN,2026-04-17,0.0325276482031731,0.2292522748185537,0.0168547538673371,0.3946848466508839,64.27536050625285,1.5919640427369757,-2.356444577142919,3.948408619879895,0.2967897007459976,0.9954863221610436,0,0.0,0.0,17.479999542236328,0
COIN,2026-04-20,0.0256870208148281,0.2125709411734466,0.0715443285205696,-0.363928170308352,66.59351761264767,3.5166070113108105,-1.1818342594521731,4.698441270762984,0.324274508584068,1.0301581524633752,0,-0.537819731819523,6.0,18.8700008392334,1
COIN,2026-04-21,-0.0740916107016721,0.0625779136541708,-0.0232778301396001,0.5170403812390267,55.18452799594114,3.733616031665804,-0.1987442012285777,3.9323602328943816,0.3179905862282092,0.7719968337734655,0,-0.9527498971312429,3.0,19.5,1
COIN,2026-04-22,0.0525134407000773,0.0527820924902298,0.1391958304329075,-0.2000052906203914,60.02470304190175,4.681944395565438,0.7773935181302255,3.904550877435213,0.3406016020020698,0.8981603623913936,0,0.19628748373198127,7.0,18.920000076293945,1
COIN,2026-04-23,-0.0402929237589564,-0.0095081275977757,0.0929320044453543,-0.2743122148006084,54.87070471750504,4.708674206401383,1.5636496557844572,3.145024550616926,0.3483012164717506,0.743554295060244,0,-1.176173832299092,1.0,19.309999465942383,1
